"model","dataset_id","K_a","K_g","combo","bic","path"
"eacdm",1,2,2,"K1_2_K2_2",100483.822125316,"result/eacdm/dataset_001_K1_2_K2_2.rds"
"eacdm",1,2,3,"K1_2_K2_3",99268.1908764925,"result/eacdm/dataset_001_K1_2_K2_3.rds"
"eacdm",1,2,4,"K1_2_K2_4",99022.6127105297,"result/eacdm/dataset_001_K1_2_K2_4.rds"
"eacdm",1,3,2,"K1_3_K2_2",100565.275086473,"result/eacdm/dataset_001_K1_3_K2_2.rds"
"eacdm",1,3,3,"K1_3_K2_3",98547.6725396218,"result/eacdm/dataset_001_K1_3_K2_3.rds"
"eacdm",1,3,4,"K1_3_K2_4",98828.3803976243,"result/eacdm/dataset_001_K1_3_K2_4.rds"
"eacdm",1,4,2,"K1_4_K2_2",101496.00592468,"result/eacdm/dataset_001_K1_4_K2_2.rds"
"eacdm",1,4,3,"K1_4_K2_3",99245.4334535761,"result/eacdm/dataset_001_K1_4_K2_3.rds"
"eacdm",1,4,4,"K1_4_K2_4",100194.206031047,"result/eacdm/dataset_001_K1_4_K2_4.rds"
"eacdm",2,2,2,"K1_2_K2_2",101225.976170852,"result/eacdm/dataset_002_K1_2_K2_2.rds"
"eacdm",2,2,3,"K1_2_K2_3",99048.8378835683,"result/eacdm/dataset_002_K1_2_K2_3.rds"
"eacdm",2,2,4,"K1_2_K2_4",99283.1454800172,"result/eacdm/dataset_002_K1_2_K2_4.rds"
"eacdm",2,3,2,"K1_3_K2_2",100489.064148721,"result/eacdm/dataset_002_K1_3_K2_2.rds"
"eacdm",2,3,3,"K1_3_K2_3",98973.3830461241,"result/eacdm/dataset_002_K1_3_K2_3.rds"
"eacdm",2,3,4,"K1_3_K2_4",99202.5948476117,"result/eacdm/dataset_002_K1_3_K2_4.rds"
"eacdm",2,4,2,"K1_4_K2_2",101690.158551209,"result/eacdm/dataset_002_K1_4_K2_2.rds"
"eacdm",2,4,3,"K1_4_K2_3",99893.4282736145,"result/eacdm/dataset_002_K1_4_K2_3.rds"
"eacdm",2,4,4,"K1_4_K2_4",99714.1201613638,"result/eacdm/dataset_002_K1_4_K2_4.rds"
"eacdm",3,2,2,"K1_2_K2_2",100490.724478033,"result/eacdm/dataset_003_K1_2_K2_2.rds"
"eacdm",3,2,3,"K1_2_K2_3",99051.459242486,"result/eacdm/dataset_003_K1_2_K2_3.rds"
"eacdm",3,2,4,"K1_2_K2_4",99755.4218302325,"result/eacdm/dataset_003_K1_2_K2_4.rds"
"eacdm",3,3,2,"K1_3_K2_2",100342.158888827,"result/eacdm/dataset_003_K1_3_K2_2.rds"
"eacdm",3,3,3,"K1_3_K2_3",98851.3332181125,"result/eacdm/dataset_003_K1_3_K2_3.rds"
"eacdm",3,3,4,"K1_3_K2_4",99128.9399435828,"result/eacdm/dataset_003_K1_3_K2_4.rds"
"eacdm",3,4,2,"K1_4_K2_2",101272.888558135,"result/eacdm/dataset_003_K1_4_K2_2.rds"
"eacdm",3,4,3,"K1_4_K2_3",100188.483339116,"result/eacdm/dataset_003_K1_4_K2_3.rds"
"eacdm",3,4,4,"K1_4_K2_4",99855.4830601524,"result/eacdm/dataset_003_K1_4_K2_4.rds"
"eacdm",4,2,2,"K1_2_K2_2",100272.981985793,"result/eacdm/dataset_004_K1_2_K2_2.rds"
"eacdm",4,2,3,"K1_2_K2_3",98737.3623829943,"result/eacdm/dataset_004_K1_2_K2_3.rds"
"eacdm",4,2,4,"K1_2_K2_4",98966.9386070139,"result/eacdm/dataset_004_K1_2_K2_4.rds"
"eacdm",4,3,2,"K1_3_K2_2",100267.562937136,"result/eacdm/dataset_004_K1_3_K2_2.rds"
"eacdm",4,3,3,"K1_3_K2_3",98646.4315168442,"result/eacdm/dataset_004_K1_3_K2_3.rds"
"eacdm",4,3,4,"K1_3_K2_4",98893.6744581105,"result/eacdm/dataset_004_K1_3_K2_4.rds"
"eacdm",4,4,2,"K1_4_K2_2",101281.579491028,"result/eacdm/dataset_004_K1_4_K2_2.rds"
"eacdm",4,4,3,"K1_4_K2_3",99899.8132243584,"result/eacdm/dataset_004_K1_4_K2_3.rds"
"eacdm",4,4,4,"K1_4_K2_4",99843.5710010378,"result/eacdm/dataset_004_K1_4_K2_4.rds"
"eacdm",5,2,2,"K1_2_K2_2",100869.127453472,"result/eacdm/dataset_005_K1_2_K2_2.rds"
"eacdm",5,2,3,"K1_2_K2_3",98908.9014796927,"result/eacdm/dataset_005_K1_2_K2_3.rds"
"eacdm",5,2,4,"K1_2_K2_4",99143.4291408651,"result/eacdm/dataset_005_K1_2_K2_4.rds"
"eacdm",5,3,2,"K1_3_K2_2",100404.420760916,"result/eacdm/dataset_005_K1_3_K2_2.rds"
"eacdm",5,3,3,"K1_3_K2_3",98751.4649822722,"result/eacdm/dataset_005_K1_3_K2_3.rds"
"eacdm",5,3,4,"K1_3_K2_4",99003.5777962925,"result/eacdm/dataset_005_K1_3_K2_4.rds"
"eacdm",5,4,2,"K1_4_K2_2",100979.733538506,"result/eacdm/dataset_005_K1_4_K2_2.rds"
"eacdm",5,4,3,"K1_4_K2_3",99831.7589348842,"result/eacdm/dataset_005_K1_4_K2_3.rds"
"eacdm",5,4,4,"K1_4_K2_4",99568.4591671729,"result/eacdm/dataset_005_K1_4_K2_4.rds"
"eacdm",6,2,2,"K1_2_K2_2",100995.790850441,"result/eacdm/dataset_006_K1_2_K2_2.rds"
"eacdm",6,2,3,"K1_2_K2_3",98817.159396075,"result/eacdm/dataset_006_K1_2_K2_3.rds"
"eacdm",6,2,4,"K1_2_K2_4",99049.9476994647,"result/eacdm/dataset_006_K1_2_K2_4.rds"
"eacdm",6,3,2,"K1_3_K2_2",100062.94986427,"result/eacdm/dataset_006_K1_3_K2_2.rds"
"eacdm",6,3,3,"K1_3_K2_3",98624.1727390315,"result/eacdm/dataset_006_K1_3_K2_3.rds"
"eacdm",6,3,4,"K1_3_K2_4",98775.4193946718,"result/eacdm/dataset_006_K1_3_K2_4.rds"
"eacdm",6,4,2,"K1_4_K2_2",100937.658550867,"result/eacdm/dataset_006_K1_4_K2_2.rds"
"eacdm",6,4,3,"K1_4_K2_3",99169.1963878197,"result/eacdm/dataset_006_K1_4_K2_3.rds"
"eacdm",6,4,4,"K1_4_K2_4",99792.2067510574,"result/eacdm/dataset_006_K1_4_K2_4.rds"
"eacdm",7,2,2,"K1_2_K2_2",100506.40284179,"result/eacdm/dataset_007_K1_2_K2_2.rds"
"eacdm",7,2,3,"K1_2_K2_3",99113.5221488807,"result/eacdm/dataset_007_K1_2_K2_3.rds"
"eacdm",7,2,4,"K1_2_K2_4",99380.8364724958,"result/eacdm/dataset_007_K1_2_K2_4.rds"
"eacdm",7,3,2,"K1_3_K2_2",100506.20013071,"result/eacdm/dataset_007_K1_3_K2_2.rds"
"eacdm",7,3,3,"K1_3_K2_3",99062.3155461867,"result/eacdm/dataset_007_K1_3_K2_3.rds"
"eacdm",7,3,4,"K1_3_K2_4",99291.0119545131,"result/eacdm/dataset_007_K1_3_K2_4.rds"
"eacdm",7,4,2,"K1_4_K2_2",101917.475025075,"result/eacdm/dataset_007_K1_4_K2_2.rds"
"eacdm",7,4,3,"K1_4_K2_3",99872.7590060605,"result/eacdm/dataset_007_K1_4_K2_3.rds"
"eacdm",7,4,4,"K1_4_K2_4",100014.030630872,"result/eacdm/dataset_007_K1_4_K2_4.rds"
"eacdm",8,2,2,"K1_2_K2_2",100740.216576131,"result/eacdm/dataset_008_K1_2_K2_2.rds"
"eacdm",8,2,3,"K1_2_K2_3",98656.1357107535,"result/eacdm/dataset_008_K1_2_K2_3.rds"
"eacdm",8,2,4,"K1_2_K2_4",98831.5878721834,"result/eacdm/dataset_008_K1_2_K2_4.rds"
"eacdm",8,3,2,"K1_3_K2_2",100303.552199076,"result/eacdm/dataset_008_K1_3_K2_2.rds"
"eacdm",8,3,3,"K1_3_K2_3",98486.3840071925,"result/eacdm/dataset_008_K1_3_K2_3.rds"
"eacdm",8,3,4,"K1_3_K2_4",98711.3865873605,"result/eacdm/dataset_008_K1_3_K2_4.rds"
"eacdm",8,4,2,"K1_4_K2_2",100939.238906438,"result/eacdm/dataset_008_K1_4_K2_2.rds"
"eacdm",8,4,3,"K1_4_K2_3",99663.2611806386,"result/eacdm/dataset_008_K1_4_K2_3.rds"
"eacdm",8,4,4,"K1_4_K2_4",99680.7647967745,"result/eacdm/dataset_008_K1_4_K2_4.rds"
"eacdm",9,2,2,"K1_2_K2_2",100417.306571745,"result/eacdm/dataset_009_K1_2_K2_2.rds"
"eacdm",9,2,3,"K1_2_K2_3",99097.7905476398,"result/eacdm/dataset_009_K1_2_K2_3.rds"
"eacdm",9,2,4,"K1_2_K2_4",99321.1029873175,"result/eacdm/dataset_009_K1_2_K2_4.rds"
"eacdm",9,3,2,"K1_3_K2_2",100284.421589357,"result/eacdm/dataset_009_K1_3_K2_2.rds"
"eacdm",9,3,3,"K1_3_K2_3",98951.2033895936,"result/eacdm/dataset_009_K1_3_K2_3.rds"
"eacdm",9,3,4,"K1_3_K2_4",99127.8682159626,"result/eacdm/dataset_009_K1_3_K2_4.rds"
"eacdm",9,4,2,"K1_4_K2_2",101481.324739929,"result/eacdm/dataset_009_K1_4_K2_2.rds"
"eacdm",9,4,3,"K1_4_K2_3",100247.570551121,"result/eacdm/dataset_009_K1_4_K2_3.rds"
"eacdm",9,4,4,"K1_4_K2_4",99743.6053143853,"result/eacdm/dataset_009_K1_4_K2_4.rds"
"eacdm",10,2,2,"K1_2_K2_2",100741.734353416,"result/eacdm/dataset_010_K1_2_K2_2.rds"
"eacdm",10,2,3,"K1_2_K2_3",99304.557064054,"result/eacdm/dataset_010_K1_2_K2_3.rds"
"eacdm",10,2,4,"K1_2_K2_4",99529.0631319122,"result/eacdm/dataset_010_K1_2_K2_4.rds"
"eacdm",10,3,2,"K1_3_K2_2",100670.136003147,"result/eacdm/dataset_010_K1_3_K2_2.rds"
"eacdm",10,3,3,"K1_3_K2_3",99153.2008987784,"result/eacdm/dataset_010_K1_3_K2_3.rds"
"eacdm",10,3,4,"K1_3_K2_4",99328.5178896069,"result/eacdm/dataset_010_K1_3_K2_4.rds"
"eacdm",10,4,2,"K1_4_K2_2",101192.677430301,"result/eacdm/dataset_010_K1_4_K2_2.rds"
"eacdm",10,4,3,"K1_4_K2_3",100309.364197273,"result/eacdm/dataset_010_K1_4_K2_3.rds"
"eacdm",10,4,4,"K1_4_K2_4",100395.461657214,"result/eacdm/dataset_010_K1_4_K2_4.rds"
"eacdm",11,2,2,"K1_2_K2_2",100082.074019724,"result/eacdm/dataset_011_K1_2_K2_2.rds"
"eacdm",11,2,3,"K1_2_K2_3",98622.4149142765,"result/eacdm/dataset_011_K1_2_K2_3.rds"
"eacdm",11,2,4,"K1_2_K2_4",98812.7041027671,"result/eacdm/dataset_011_K1_2_K2_4.rds"
"eacdm",11,3,2,"K1_3_K2_2",100113.765248127,"result/eacdm/dataset_011_K1_3_K2_2.rds"
"eacdm",11,3,3,"K1_3_K2_3",98566.4893333962,"result/eacdm/dataset_011_K1_3_K2_3.rds"
"eacdm",11,3,4,"K1_3_K2_4",98789.833397352,"result/eacdm/dataset_011_K1_3_K2_4.rds"
"eacdm",11,4,2,"K1_4_K2_2",100929.850061272,"result/eacdm/dataset_011_K1_4_K2_2.rds"
"eacdm",11,4,3,"K1_4_K2_3",99649.9384156174,"result/eacdm/dataset_011_K1_4_K2_3.rds"
"eacdm",11,4,4,"K1_4_K2_4",99948.5349976496,"result/eacdm/dataset_011_K1_4_K2_4.rds"
"eacdm",12,2,2,"K1_2_K2_2",100328.270513458,"result/eacdm/dataset_012_K1_2_K2_2.rds"
"eacdm",12,2,3,"K1_2_K2_3",98708.0516616061,"result/eacdm/dataset_012_K1_2_K2_3.rds"
"eacdm",12,2,4,"K1_2_K2_4",98915.9436896141,"result/eacdm/dataset_012_K1_2_K2_4.rds"
"eacdm",12,3,2,"K1_3_K2_2",100266.869794471,"result/eacdm/dataset_012_K1_3_K2_2.rds"
"eacdm",12,3,3,"K1_3_K2_3",98616.1188158619,"result/eacdm/dataset_012_K1_3_K2_3.rds"
"eacdm",12,3,4,"K1_3_K2_4",98798.2829547907,"result/eacdm/dataset_012_K1_3_K2_4.rds"
"eacdm",12,4,2,"K1_4_K2_2",101676.852480388,"result/eacdm/dataset_012_K1_4_K2_2.rds"
"eacdm",12,4,3,"K1_4_K2_3",99463.6741357392,"result/eacdm/dataset_012_K1_4_K2_3.rds"
"eacdm",12,4,4,"K1_4_K2_4",99728.8496375915,"result/eacdm/dataset_012_K1_4_K2_4.rds"
"eacdm",13,2,2,"K1_2_K2_2",100846.259900995,"result/eacdm/dataset_013_K1_2_K2_2.rds"
"eacdm",13,2,3,"K1_2_K2_3",98884.9017252579,"result/eacdm/dataset_013_K1_2_K2_3.rds"
"eacdm",13,2,4,"K1_2_K2_4",99129.9102527871,"result/eacdm/dataset_013_K1_2_K2_4.rds"
"eacdm",13,3,2,"K1_3_K2_2",100429.987646939,"result/eacdm/dataset_013_K1_3_K2_2.rds"
"eacdm",13,3,3,"K1_3_K2_3",98801.1355090139,"result/eacdm/dataset_013_K1_3_K2_3.rds"
"eacdm",13,3,4,"K1_3_K2_4",99037.3737077328,"result/eacdm/dataset_013_K1_3_K2_4.rds"
"eacdm",13,4,2,"K1_4_K2_2",101421.130482896,"result/eacdm/dataset_013_K1_4_K2_2.rds"
"eacdm",13,4,3,"K1_4_K2_3",99630.344729546,"result/eacdm/dataset_013_K1_4_K2_3.rds"
"eacdm",13,4,4,"K1_4_K2_4",100112.428368738,"result/eacdm/dataset_013_K1_4_K2_4.rds"
"eacdm",14,2,2,"K1_2_K2_2",100954.173317584,"result/eacdm/dataset_014_K1_2_K2_2.rds"
"eacdm",14,2,3,"K1_2_K2_3",99449.7544083889,"result/eacdm/dataset_014_K1_2_K2_3.rds"
"eacdm",14,2,4,"K1_2_K2_4",99725.5498980464,"result/eacdm/dataset_014_K1_2_K2_4.rds"
"eacdm",14,3,2,"K1_3_K2_2",100188.692209895,"result/eacdm/dataset_014_K1_3_K2_2.rds"
"eacdm",14,3,3,"K1_3_K2_3",98752.7742306351,"result/eacdm/dataset_014_K1_3_K2_3.rds"
"eacdm",14,3,4,"K1_3_K2_4",98836.5805798158,"result/eacdm/dataset_014_K1_3_K2_4.rds"
"eacdm",14,4,2,"K1_4_K2_2",101454.53126651,"result/eacdm/dataset_014_K1_4_K2_2.rds"
"eacdm",14,4,3,"K1_4_K2_3",99914.6119932393,"result/eacdm/dataset_014_K1_4_K2_3.rds"
"eacdm",14,4,4,"K1_4_K2_4",99488.7513384032,"result/eacdm/dataset_014_K1_4_K2_4.rds"
"eacdm",15,2,2,"K1_2_K2_2",100784.980978913,"result/eacdm/dataset_015_K1_2_K2_2.rds"
"eacdm",15,2,3,"K1_2_K2_3",99241.5579172867,"result/eacdm/dataset_015_K1_2_K2_3.rds"
"eacdm",15,2,4,"K1_2_K2_4",99380.519565068,"result/eacdm/dataset_015_K1_2_K2_4.rds"
"eacdm",15,3,2,"K1_3_K2_2",100832.858944488,"result/eacdm/dataset_015_K1_3_K2_2.rds"
"eacdm",15,3,3,"K1_3_K2_3",99244.0051518401,"result/eacdm/dataset_015_K1_3_K2_3.rds"
"eacdm",15,3,4,"K1_3_K2_4",99392.8197694191,"result/eacdm/dataset_015_K1_3_K2_4.rds"
"eacdm",15,4,2,"K1_4_K2_2",101708.939813095,"result/eacdm/dataset_015_K1_4_K2_2.rds"
"eacdm",15,4,3,"K1_4_K2_3",99940.8569363853,"result/eacdm/dataset_015_K1_4_K2_3.rds"
"eacdm",15,4,4,"K1_4_K2_4",100180.924995317,"result/eacdm/dataset_015_K1_4_K2_4.rds"
"eacdm",16,2,2,"K1_2_K2_2",101292.098188972,"result/eacdm/dataset_016_K1_2_K2_2.rds"
"eacdm",16,2,3,"K1_2_K2_3",99138.6863942039,"result/eacdm/dataset_016_K1_2_K2_3.rds"
"eacdm",16,2,4,"K1_2_K2_4",99377.0549236019,"result/eacdm/dataset_016_K1_2_K2_4.rds"
"eacdm",16,3,2,"K1_3_K2_2",100548.081542934,"result/eacdm/dataset_016_K1_3_K2_2.rds"
"eacdm",16,3,3,"K1_3_K2_3",99028.2732077375,"result/eacdm/dataset_016_K1_3_K2_3.rds"
"eacdm",16,3,4,"K1_3_K2_4",99271.8411861521,"result/eacdm/dataset_016_K1_3_K2_4.rds"
"eacdm",16,4,2,"K1_4_K2_2",101734.239924956,"result/eacdm/dataset_016_K1_4_K2_2.rds"
"eacdm",16,4,3,"K1_4_K2_3",99917.9317746972,"result/eacdm/dataset_016_K1_4_K2_3.rds"
"eacdm",16,4,4,"K1_4_K2_4",100143.449453725,"result/eacdm/dataset_016_K1_4_K2_4.rds"
"eacdm",17,2,2,"K1_2_K2_2",100713.360410249,"result/eacdm/dataset_017_K1_2_K2_2.rds"
"eacdm",17,2,3,"K1_2_K2_3",99016.4142487739,"result/eacdm/dataset_017_K1_2_K2_3.rds"
"eacdm",17,2,4,"K1_2_K2_4",99254.1943203358,"result/eacdm/dataset_017_K1_2_K2_4.rds"
"eacdm",17,3,2,"K1_3_K2_2",100269.859743784,"result/eacdm/dataset_017_K1_3_K2_2.rds"
"eacdm",17,3,3,"K1_3_K2_3",98712.7660614183,"result/eacdm/dataset_017_K1_3_K2_3.rds"
"eacdm",17,3,4,"K1_3_K2_4",98910.056717159,"result/eacdm/dataset_017_K1_3_K2_4.rds"
"eacdm",17,4,2,"K1_4_K2_2",101482.939743033,"result/eacdm/dataset_017_K1_4_K2_2.rds"
"eacdm",17,4,3,"K1_4_K2_3",99750.9679251668,"result/eacdm/dataset_017_K1_4_K2_3.rds"
"eacdm",17,4,4,"K1_4_K2_4",99521.5595662495,"result/eacdm/dataset_017_K1_4_K2_4.rds"
"eacdm",18,2,2,"K1_2_K2_2",100745.110587496,"result/eacdm/dataset_018_K1_2_K2_2.rds"
"eacdm",18,2,3,"K1_2_K2_3",99477.8793656009,"result/eacdm/dataset_018_K1_2_K2_3.rds"
"eacdm",18,2,4,"K1_2_K2_4",99392.9957796338,"result/eacdm/dataset_018_K1_2_K2_4.rds"
"eacdm",18,3,2,"K1_3_K2_2",100258.425096597,"result/eacdm/dataset_018_K1_3_K2_2.rds"
"eacdm",18,3,3,"K1_3_K2_3",98896.6218988041,"result/eacdm/dataset_018_K1_3_K2_3.rds"
"eacdm",18,3,4,"K1_3_K2_4",99125.5415897446,"result/eacdm/dataset_018_K1_3_K2_4.rds"
"eacdm",18,4,2,"K1_4_K2_2",101280.454174218,"result/eacdm/dataset_018_K1_4_K2_2.rds"
"eacdm",18,4,3,"K1_4_K2_3",99513.2133379163,"result/eacdm/dataset_018_K1_4_K2_3.rds"
"eacdm",18,4,4,"K1_4_K2_4",99975.8529442241,"result/eacdm/dataset_018_K1_4_K2_4.rds"
"eacdm",19,2,2,"K1_2_K2_2",100549.214213822,"result/eacdm/dataset_019_K1_2_K2_2.rds"
"eacdm",19,2,3,"K1_2_K2_3",99132.6581645274,"result/eacdm/dataset_019_K1_2_K2_3.rds"
"eacdm",19,2,4,"K1_2_K2_4",99229.599753882,"result/eacdm/dataset_019_K1_2_K2_4.rds"
"eacdm",19,3,2,"K1_3_K2_2",100284.53013356,"result/eacdm/dataset_019_K1_3_K2_2.rds"
"eacdm",19,3,3,"K1_3_K2_3",98817.4725021868,"result/eacdm/dataset_019_K1_3_K2_3.rds"
"eacdm",19,3,4,"K1_3_K2_4",98974.3594368138,"result/eacdm/dataset_019_K1_3_K2_4.rds"
"eacdm",19,4,2,"K1_4_K2_2",100913.669054546,"result/eacdm/dataset_019_K1_4_K2_2.rds"
"eacdm",19,4,3,"K1_4_K2_3",99422.6242383455,"result/eacdm/dataset_019_K1_4_K2_3.rds"
"eacdm",19,4,4,"K1_4_K2_4",99488.9113609697,"result/eacdm/dataset_019_K1_4_K2_4.rds"
"eacdm",20,2,2,"K1_2_K2_2",100017.147054011,"result/eacdm/dataset_020_K1_2_K2_2.rds"
"eacdm",20,2,3,"K1_2_K2_3",98582.6640580916,"result/eacdm/dataset_020_K1_2_K2_3.rds"
"eacdm",20,2,4,"K1_2_K2_4",98862.8411099931,"result/eacdm/dataset_020_K1_2_K2_4.rds"
"eacdm",20,3,2,"K1_3_K2_2",99761.9402170285,"result/eacdm/dataset_020_K1_3_K2_2.rds"
"eacdm",20,3,3,"K1_3_K2_3",98291.4910112677,"result/eacdm/dataset_020_K1_3_K2_3.rds"
"eacdm",20,3,4,"K1_3_K2_4",98526.6724927277,"result/eacdm/dataset_020_K1_3_K2_4.rds"
"eacdm",20,4,2,"K1_4_K2_2",100834.352926995,"result/eacdm/dataset_020_K1_4_K2_2.rds"
"eacdm",20,4,3,"K1_4_K2_3",99278.1650086146,"result/eacdm/dataset_020_K1_4_K2_3.rds"
"eacdm",20,4,4,"K1_4_K2_4",99074.6209484945,"result/eacdm/dataset_020_K1_4_K2_4.rds"
"eacdm",21,2,2,"K1_2_K2_2",100390.536474111,"result/eacdm/dataset_021_K1_2_K2_2.rds"
"eacdm",21,2,3,"K1_2_K2_3",98888.4416034284,"result/eacdm/dataset_021_K1_2_K2_3.rds"
"eacdm",21,2,4,"K1_2_K2_4",99150.2130827872,"result/eacdm/dataset_021_K1_2_K2_4.rds"
"eacdm",21,3,2,"K1_3_K2_2",100341.900336162,"result/eacdm/dataset_021_K1_3_K2_2.rds"
"eacdm",21,3,3,"K1_3_K2_3",98812.5219406499,"result/eacdm/dataset_021_K1_3_K2_3.rds"
"eacdm",21,3,4,"K1_3_K2_4",99027.1191042744,"result/eacdm/dataset_021_K1_3_K2_4.rds"
"eacdm",21,4,2,"K1_4_K2_2",101049.389533849,"result/eacdm/dataset_021_K1_4_K2_2.rds"
"eacdm",21,4,3,"K1_4_K2_3",99799.655073818,"result/eacdm/dataset_021_K1_4_K2_3.rds"
"eacdm",21,4,4,"K1_4_K2_4",99613.1856299253,"result/eacdm/dataset_021_K1_4_K2_4.rds"
"eacdm",22,2,2,"K1_2_K2_2",100175.230852328,"result/eacdm/dataset_022_K1_2_K2_2.rds"
"eacdm",22,2,3,"K1_2_K2_3",98621.9415335785,"result/eacdm/dataset_022_K1_2_K2_3.rds"
"eacdm",22,2,4,"K1_2_K2_4",98870.8147501961,"result/eacdm/dataset_022_K1_2_K2_4.rds"
"eacdm",22,3,2,"K1_3_K2_2",100236.97525308,"result/eacdm/dataset_022_K1_3_K2_2.rds"
"eacdm",22,3,3,"K1_3_K2_3",98642.6073441508,"result/eacdm/dataset_022_K1_3_K2_3.rds"
"eacdm",22,3,4,"K1_3_K2_4",98899.9735435096,"result/eacdm/dataset_022_K1_3_K2_4.rds"
"eacdm",22,4,2,"K1_4_K2_2",101700.035914546,"result/eacdm/dataset_022_K1_4_K2_2.rds"
"eacdm",22,4,3,"K1_4_K2_3",99277.2261497257,"result/eacdm/dataset_022_K1_4_K2_3.rds"
"eacdm",22,4,4,"K1_4_K2_4",99382.1508684554,"result/eacdm/dataset_022_K1_4_K2_4.rds"
"eacdm",23,2,2,"K1_2_K2_2",99985.6358154667,"result/eacdm/dataset_023_K1_2_K2_2.rds"
"eacdm",23,2,3,"K1_2_K2_3",98514.8637922336,"result/eacdm/dataset_023_K1_2_K2_3.rds"
"eacdm",23,2,4,"K1_2_K2_4",98777.7976901559,"result/eacdm/dataset_023_K1_2_K2_4.rds"
"eacdm",23,3,2,"K1_3_K2_2",100024.276350312,"result/eacdm/dataset_023_K1_3_K2_2.rds"
"eacdm",23,3,3,"K1_3_K2_3",98521.2009432398,"result/eacdm/dataset_023_K1_3_K2_3.rds"
"eacdm",23,3,4,"K1_3_K2_4",98757.5946828529,"result/eacdm/dataset_023_K1_3_K2_4.rds"
"eacdm",23,4,2,"K1_4_K2_2",100862.507776281,"result/eacdm/dataset_023_K1_4_K2_2.rds"
"eacdm",23,4,3,"K1_4_K2_3",99562.1759724914,"result/eacdm/dataset_023_K1_4_K2_3.rds"
"eacdm",23,4,4,"K1_4_K2_4",99357.9558463565,"result/eacdm/dataset_023_K1_4_K2_4.rds"
"eacdm",24,2,2,"K1_2_K2_2",100947.633038801,"result/eacdm/dataset_024_K1_2_K2_2.rds"
"eacdm",24,2,3,"K1_2_K2_3",99030.3602940472,"result/eacdm/dataset_024_K1_2_K2_3.rds"
"eacdm",24,2,4,"K1_2_K2_4",99246.0329074481,"result/eacdm/dataset_024_K1_2_K2_4.rds"
"eacdm",24,3,2,"K1_3_K2_2",100631.821982967,"result/eacdm/dataset_024_K1_3_K2_2.rds"
"eacdm",24,3,3,"K1_3_K2_3",98640.7401831867,"result/eacdm/dataset_024_K1_3_K2_3.rds"
"eacdm",24,3,4,"K1_3_K2_4",98875.0293966041,"result/eacdm/dataset_024_K1_3_K2_4.rds"
"eacdm",24,4,2,"K1_4_K2_2",101311.555186688,"result/eacdm/dataset_024_K1_4_K2_2.rds"
"eacdm",24,4,3,"K1_4_K2_3",99844.9946950103,"result/eacdm/dataset_024_K1_4_K2_3.rds"
"eacdm",24,4,4,"K1_4_K2_4",99823.0200615123,"result/eacdm/dataset_024_K1_4_K2_4.rds"
"eacdm",25,2,2,"K1_2_K2_2",100246.315934395,"result/eacdm/dataset_025_K1_2_K2_2.rds"
"eacdm",25,2,3,"K1_2_K2_3",98891.2758771872,"result/eacdm/dataset_025_K1_2_K2_3.rds"
"eacdm",25,2,4,"K1_2_K2_4",99070.6388620569,"result/eacdm/dataset_025_K1_2_K2_4.rds"
"eacdm",25,3,2,"K1_3_K2_2",100172.261424854,"result/eacdm/dataset_025_K1_3_K2_2.rds"
"eacdm",25,3,3,"K1_3_K2_3",98813.0658705701,"result/eacdm/dataset_025_K1_3_K2_3.rds"
"eacdm",25,3,4,"K1_3_K2_4",99039.556990477,"result/eacdm/dataset_025_K1_3_K2_4.rds"
"eacdm",25,4,2,"K1_4_K2_2",100822.777798225,"result/eacdm/dataset_025_K1_4_K2_2.rds"
"eacdm",25,4,3,"K1_4_K2_3",99409.4209035033,"result/eacdm/dataset_025_K1_4_K2_3.rds"
"eacdm",25,4,4,"K1_4_K2_4",99630.2710311595,"result/eacdm/dataset_025_K1_4_K2_4.rds"
"eacdm",26,2,2,"K1_2_K2_2",100536.842267806,"result/eacdm/dataset_026_K1_2_K2_2.rds"
"eacdm",26,2,3,"K1_2_K2_3",98500.4757044803,"result/eacdm/dataset_026_K1_2_K2_3.rds"
"eacdm",26,2,4,"K1_2_K2_4",98715.887969414,"result/eacdm/dataset_026_K1_2_K2_4.rds"
"eacdm",26,3,2,"K1_3_K2_2",99802.5166678131,"result/eacdm/dataset_026_K1_3_K2_2.rds"
"eacdm",26,3,3,"K1_3_K2_3",98223.8032152372,"result/eacdm/dataset_026_K1_3_K2_3.rds"
"eacdm",26,3,4,"K1_3_K2_4",98469.3315069021,"result/eacdm/dataset_026_K1_3_K2_4.rds"
"eacdm",26,4,2,"K1_4_K2_2",100358.741293792,"result/eacdm/dataset_026_K1_4_K2_2.rds"
"eacdm",26,4,3,"K1_4_K2_3",99750.3499176267,"result/eacdm/dataset_026_K1_4_K2_3.rds"
"eacdm",26,4,4,"K1_4_K2_4",99700.6400211425,"result/eacdm/dataset_026_K1_4_K2_4.rds"
"eacdm",27,2,2,"K1_2_K2_2",100610.320907479,"result/eacdm/dataset_027_K1_2_K2_2.rds"
"eacdm",27,2,3,"K1_2_K2_3",99026.4135373176,"result/eacdm/dataset_027_K1_2_K2_3.rds"
"eacdm",27,2,4,"K1_2_K2_4",99185.9862207288,"result/eacdm/dataset_027_K1_2_K2_4.rds"
"eacdm",27,3,2,"K1_3_K2_2",100329.070917784,"result/eacdm/dataset_027_K1_3_K2_2.rds"
"eacdm",27,3,3,"K1_3_K2_3",98665.3973253891,"result/eacdm/dataset_027_K1_3_K2_3.rds"
"eacdm",27,3,4,"K1_3_K2_4",98841.6374918455,"result/eacdm/dataset_027_K1_3_K2_4.rds"
"eacdm",27,4,2,"K1_4_K2_2",102329.681801905,"result/eacdm/dataset_027_K1_4_K2_2.rds"
"eacdm",27,4,3,"K1_4_K2_3",100062.11130018,"result/eacdm/dataset_027_K1_4_K2_3.rds"
"eacdm",27,4,4,"K1_4_K2_4",99420.8049668469,"result/eacdm/dataset_027_K1_4_K2_4.rds"
"eacdm",28,2,2,"K1_2_K2_2",100357.581535854,"result/eacdm/dataset_028_K1_2_K2_2.rds"
"eacdm",28,2,3,"K1_2_K2_3",99004.0797366501,"result/eacdm/dataset_028_K1_2_K2_3.rds"
"eacdm",28,2,4,"K1_2_K2_4",99209.6696124111,"result/eacdm/dataset_028_K1_2_K2_4.rds"
"eacdm",28,3,2,"K1_3_K2_2",100229.63191435,"result/eacdm/dataset_028_K1_3_K2_2.rds"
"eacdm",28,3,3,"K1_3_K2_3",98803.0050769476,"result/eacdm/dataset_028_K1_3_K2_3.rds"
"eacdm",28,3,4,"K1_3_K2_4",99033.7909423156,"result/eacdm/dataset_028_K1_3_K2_4.rds"
"eacdm",28,4,2,"K1_4_K2_2",100970.862742652,"result/eacdm/dataset_028_K1_4_K2_2.rds"
"eacdm",28,4,3,"K1_4_K2_3",99383.2091178211,"result/eacdm/dataset_028_K1_4_K2_3.rds"
"eacdm",28,4,4,"K1_4_K2_4",99638.1864333848,"result/eacdm/dataset_028_K1_4_K2_4.rds"
"eacdm",29,2,2,"K1_2_K2_2",100334.4032998,"result/eacdm/dataset_029_K1_2_K2_2.rds"
"eacdm",29,2,3,"K1_2_K2_3",98805.154932471,"result/eacdm/dataset_029_K1_2_K2_3.rds"
"eacdm",29,2,4,"K1_2_K2_4",99015.4405484516,"result/eacdm/dataset_029_K1_2_K2_4.rds"
"eacdm",29,3,2,"K1_3_K2_2",100081.329950178,"result/eacdm/dataset_029_K1_3_K2_2.rds"
"eacdm",29,3,3,"K1_3_K2_3",98531.3486269084,"result/eacdm/dataset_029_K1_3_K2_3.rds"
"eacdm",29,3,4,"K1_3_K2_4",98715.4346440878,"result/eacdm/dataset_029_K1_3_K2_4.rds"
"eacdm",29,4,2,"K1_4_K2_2",100629.257636292,"result/eacdm/dataset_029_K1_4_K2_2.rds"
"eacdm",29,4,3,"K1_4_K2_3",99078.6287082023,"result/eacdm/dataset_029_K1_4_K2_3.rds"
"eacdm",29,4,4,"K1_4_K2_4",99248.858249908,"result/eacdm/dataset_029_K1_4_K2_4.rds"
"eacdm",30,2,2,"K1_2_K2_2",100350.214951032,"result/eacdm/dataset_030_K1_2_K2_2.rds"
"eacdm",30,2,3,"K1_2_K2_3",98862.3207129073,"result/eacdm/dataset_030_K1_2_K2_3.rds"
"eacdm",30,2,4,"K1_2_K2_4",99083.8730323004,"result/eacdm/dataset_030_K1_2_K2_4.rds"
"eacdm",30,3,2,"K1_3_K2_2",100357.888847303,"result/eacdm/dataset_030_K1_3_K2_2.rds"
"eacdm",30,3,3,"K1_3_K2_3",98843.4657440476,"result/eacdm/dataset_030_K1_3_K2_3.rds"
"eacdm",30,3,4,"K1_3_K2_4",99064.0687219894,"result/eacdm/dataset_030_K1_3_K2_4.rds"
"eacdm",30,4,2,"K1_4_K2_2",101101.882105305,"result/eacdm/dataset_030_K1_4_K2_2.rds"
"eacdm",30,4,3,"K1_4_K2_3",99863.6365901704,"result/eacdm/dataset_030_K1_4_K2_3.rds"
"eacdm",30,4,4,"K1_4_K2_4",99625.4136250609,"result/eacdm/dataset_030_K1_4_K2_4.rds"
"eacdm",31,2,2,"K1_2_K2_2",100316.288057132,"result/eacdm/dataset_031_K1_2_K2_2.rds"
"eacdm",31,2,3,"K1_2_K2_3",98909.2595967228,"result/eacdm/dataset_031_K1_2_K2_3.rds"
"eacdm",31,2,4,"K1_2_K2_4",99084.1976529644,"result/eacdm/dataset_031_K1_2_K2_4.rds"
"eacdm",31,3,2,"K1_3_K2_2",100231.622270224,"result/eacdm/dataset_031_K1_3_K2_2.rds"
"eacdm",31,3,3,"K1_3_K2_3",98770.566906164,"result/eacdm/dataset_031_K1_3_K2_3.rds"
"eacdm",31,3,4,"K1_3_K2_4",98962.7082368178,"result/eacdm/dataset_031_K1_3_K2_4.rds"
"eacdm",31,4,2,"K1_4_K2_2",100816.359929347,"result/eacdm/dataset_031_K1_4_K2_2.rds"
"eacdm",31,4,3,"K1_4_K2_3",99954.7920900121,"result/eacdm/dataset_031_K1_4_K2_3.rds"
"eacdm",31,4,4,"K1_4_K2_4",99684.9645390153,"result/eacdm/dataset_031_K1_4_K2_4.rds"
"eacdm",32,2,2,"K1_2_K2_2",100263.568690263,"result/eacdm/dataset_032_K1_2_K2_2.rds"
"eacdm",32,2,3,"K1_2_K2_3",98727.9797024254,"result/eacdm/dataset_032_K1_2_K2_3.rds"
"eacdm",32,2,4,"K1_2_K2_4",98913.9840882407,"result/eacdm/dataset_032_K1_2_K2_4.rds"
"eacdm",32,3,2,"K1_3_K2_2",100228.433783291,"result/eacdm/dataset_032_K1_3_K2_2.rds"
"eacdm",32,3,3,"K1_3_K2_3",98658.8300439105,"result/eacdm/dataset_032_K1_3_K2_3.rds"
"eacdm",32,3,4,"K1_3_K2_4",98848.2109553773,"result/eacdm/dataset_032_K1_3_K2_4.rds"
"eacdm",32,4,2,"K1_4_K2_2",101495.993601865,"result/eacdm/dataset_032_K1_4_K2_2.rds"
"eacdm",32,4,3,"K1_4_K2_3",99751.0477756251,"result/eacdm/dataset_032_K1_4_K2_3.rds"
"eacdm",32,4,4,"K1_4_K2_4",99540.0393244757,"result/eacdm/dataset_032_K1_4_K2_4.rds"
"eacdm",33,2,2,"K1_2_K2_2",100316.742486334,"result/eacdm/dataset_033_K1_2_K2_2.rds"
"eacdm",33,2,3,"K1_2_K2_3",98797.6781097547,"result/eacdm/dataset_033_K1_2_K2_3.rds"
"eacdm",33,2,4,"K1_2_K2_4",98947.7213982913,"result/eacdm/dataset_033_K1_2_K2_4.rds"
"eacdm",33,3,2,"K1_3_K2_2",100342.628239306,"result/eacdm/dataset_033_K1_3_K2_2.rds"
"eacdm",33,3,3,"K1_3_K2_3",98752.0924613557,"result/eacdm/dataset_033_K1_3_K2_3.rds"
"eacdm",33,3,4,"K1_3_K2_4",98926.4246676388,"result/eacdm/dataset_033_K1_3_K2_4.rds"
"eacdm",33,4,2,"K1_4_K2_2",100923.884982017,"result/eacdm/dataset_033_K1_4_K2_2.rds"
"eacdm",33,4,3,"K1_4_K2_3",100200.159782655,"result/eacdm/dataset_033_K1_4_K2_3.rds"
"eacdm",33,4,4,"K1_4_K2_4",99805.9440701698,"result/eacdm/dataset_033_K1_4_K2_4.rds"
"eacdm",34,2,2,"K1_2_K2_2",100246.859104941,"result/eacdm/dataset_034_K1_2_K2_2.rds"
"eacdm",34,2,3,"K1_2_K2_3",98813.1032863088,"result/eacdm/dataset_034_K1_2_K2_3.rds"
"eacdm",34,2,4,"K1_2_K2_4",99043.9815068456,"result/eacdm/dataset_034_K1_2_K2_4.rds"
"eacdm",34,3,2,"K1_3_K2_2",100121.237942735,"result/eacdm/dataset_034_K1_3_K2_2.rds"
"eacdm",34,3,3,"K1_3_K2_3",98612.6033090732,"result/eacdm/dataset_034_K1_3_K2_3.rds"
"eacdm",34,3,4,"K1_3_K2_4",98694.8438704379,"result/eacdm/dataset_034_K1_3_K2_4.rds"
"eacdm",34,4,2,"K1_4_K2_2",101407.829559119,"result/eacdm/dataset_034_K1_4_K2_2.rds"
"eacdm",34,4,3,"K1_4_K2_3",99621.9607864764,"result/eacdm/dataset_034_K1_4_K2_3.rds"
"eacdm",34,4,4,"K1_4_K2_4",99732.7993899857,"result/eacdm/dataset_034_K1_4_K2_4.rds"
"eacdm",35,2,2,"K1_2_K2_2",100730.462497654,"result/eacdm/dataset_035_K1_2_K2_2.rds"
"eacdm",35,2,3,"K1_2_K2_3",99241.5762010536,"result/eacdm/dataset_035_K1_2_K2_3.rds"
"eacdm",35,2,4,"K1_2_K2_4",99405.2621558467,"result/eacdm/dataset_035_K1_2_K2_4.rds"
"eacdm",35,3,2,"K1_3_K2_2",100535.323859213,"result/eacdm/dataset_035_K1_3_K2_2.rds"
"eacdm",35,3,3,"K1_3_K2_3",99012.1673904299,"result/eacdm/dataset_035_K1_3_K2_3.rds"
"eacdm",35,3,4,"K1_3_K2_4",99137.892632305,"result/eacdm/dataset_035_K1_3_K2_4.rds"
"eacdm",35,4,2,"K1_4_K2_2",101721.927149634,"result/eacdm/dataset_035_K1_4_K2_2.rds"
"eacdm",35,4,3,"K1_4_K2_3",100066.667046378,"result/eacdm/dataset_035_K1_4_K2_3.rds"
"eacdm",35,4,4,"K1_4_K2_4",99680.8517549985,"result/eacdm/dataset_035_K1_4_K2_4.rds"
"eacdm",36,2,2,"K1_2_K2_2",100586.609799786,"result/eacdm/dataset_036_K1_2_K2_2.rds"
"eacdm",36,2,3,"K1_2_K2_3",98991.6372161879,"result/eacdm/dataset_036_K1_2_K2_3.rds"
"eacdm",36,2,4,"K1_2_K2_4",99123.222969225,"result/eacdm/dataset_036_K1_2_K2_4.rds"
"eacdm",36,3,2,"K1_3_K2_2",100461.46382943,"result/eacdm/dataset_036_K1_3_K2_2.rds"
"eacdm",36,3,3,"K1_3_K2_3",98790.4617710096,"result/eacdm/dataset_036_K1_3_K2_3.rds"
"eacdm",36,3,4,"K1_3_K2_4",98907.8119610184,"result/eacdm/dataset_036_K1_3_K2_4.rds"
"eacdm",36,4,2,"K1_4_K2_2",101736.080528698,"result/eacdm/dataset_036_K1_4_K2_2.rds"
"eacdm",36,4,3,"K1_4_K2_3",99346.0426967074,"result/eacdm/dataset_036_K1_4_K2_3.rds"
"eacdm",36,4,4,"K1_4_K2_4",99451.1886809578,"result/eacdm/dataset_036_K1_4_K2_4.rds"
"eacdm",37,2,2,"K1_2_K2_2",100019.984456351,"result/eacdm/dataset_037_K1_2_K2_2.rds"
"eacdm",37,2,3,"K1_2_K2_3",98637.7714715232,"result/eacdm/dataset_037_K1_2_K2_3.rds"
"eacdm",37,2,4,"K1_2_K2_4",98853.5933534204,"result/eacdm/dataset_037_K1_2_K2_4.rds"
"eacdm",37,3,2,"K1_3_K2_2",99877.2196811577,"result/eacdm/dataset_037_K1_3_K2_2.rds"
"eacdm",37,3,3,"K1_3_K2_3",98449.889720034,"result/eacdm/dataset_037_K1_3_K2_3.rds"
"eacdm",37,3,4,"K1_3_K2_4",98642.6425595515,"result/eacdm/dataset_037_K1_3_K2_4.rds"
"eacdm",37,4,2,"K1_4_K2_2",100779.847488002,"result/eacdm/dataset_037_K1_4_K2_2.rds"
"eacdm",37,4,3,"K1_4_K2_3",99858.633328029,"result/eacdm/dataset_037_K1_4_K2_3.rds"
"eacdm",37,4,4,"K1_4_K2_4",99535.9925174105,"result/eacdm/dataset_037_K1_4_K2_4.rds"
"eacdm",38,2,2,"K1_2_K2_2",100482.24455371,"result/eacdm/dataset_038_K1_2_K2_2.rds"
"eacdm",38,2,3,"K1_2_K2_3",99146.4249462693,"result/eacdm/dataset_038_K1_2_K2_3.rds"
"eacdm",38,2,4,"K1_2_K2_4",99394.0429214258,"result/eacdm/dataset_038_K1_2_K2_4.rds"
"eacdm",38,3,2,"K1_3_K2_2",100464.177046919,"result/eacdm/dataset_038_K1_3_K2_2.rds"
"eacdm",38,3,3,"K1_3_K2_3",99054.6032155267,"result/eacdm/dataset_038_K1_3_K2_3.rds"
"eacdm",38,3,4,"K1_3_K2_4",99267.7985562109,"result/eacdm/dataset_038_K1_3_K2_4.rds"
"eacdm",38,4,2,"K1_4_K2_2",101753.947352553,"result/eacdm/dataset_038_K1_4_K2_2.rds"
"eacdm",38,4,3,"K1_4_K2_3",99808.7952102024,"result/eacdm/dataset_038_K1_4_K2_3.rds"
"eacdm",38,4,4,"K1_4_K2_4",100132.599208093,"result/eacdm/dataset_038_K1_4_K2_4.rds"
"eacdm",39,2,2,"K1_2_K2_2",100395.385172293,"result/eacdm/dataset_039_K1_2_K2_2.rds"
"eacdm",39,2,3,"K1_2_K2_3",98828.8207254659,"result/eacdm/dataset_039_K1_2_K2_3.rds"
"eacdm",39,2,4,"K1_2_K2_4",99071.0517860891,"result/eacdm/dataset_039_K1_2_K2_4.rds"
"eacdm",39,3,2,"K1_3_K2_2",100377.810251662,"result/eacdm/dataset_039_K1_3_K2_2.rds"
"eacdm",39,3,3,"K1_3_K2_3",98712.9585789548,"result/eacdm/dataset_039_K1_3_K2_3.rds"
"eacdm",39,3,4,"K1_3_K2_4",98949.7524643376,"result/eacdm/dataset_039_K1_3_K2_4.rds"
"eacdm",39,4,2,"K1_4_K2_2",101529.626452316,"result/eacdm/dataset_039_K1_4_K2_2.rds"
"eacdm",39,4,3,"K1_4_K2_3",99642.157145806,"result/eacdm/dataset_039_K1_4_K2_3.rds"
"eacdm",39,4,4,"K1_4_K2_4",99905.8331112546,"result/eacdm/dataset_039_K1_4_K2_4.rds"
"eacdm",40,2,2,"K1_2_K2_2",100225.965611277,"result/eacdm/dataset_040_K1_2_K2_2.rds"
"eacdm",40,2,3,"K1_2_K2_3",98970.2041528006,"result/eacdm/dataset_040_K1_2_K2_3.rds"
"eacdm",40,2,4,"K1_2_K2_4",99218.8436456837,"result/eacdm/dataset_040_K1_2_K2_4.rds"
"eacdm",40,3,2,"K1_3_K2_2",100185.919815829,"result/eacdm/dataset_040_K1_3_K2_2.rds"
"eacdm",40,3,3,"K1_3_K2_3",98860.4753981364,"result/eacdm/dataset_040_K1_3_K2_3.rds"
"eacdm",40,3,4,"K1_3_K2_4",99055.7995955191,"result/eacdm/dataset_040_K1_3_K2_4.rds"
"eacdm",40,4,2,"K1_4_K2_2",100895.828458758,"result/eacdm/dataset_040_K1_4_K2_2.rds"
"eacdm",40,4,3,"K1_4_K2_3",99533.228978235,"result/eacdm/dataset_040_K1_4_K2_3.rds"
"eacdm",40,4,4,"K1_4_K2_4",99644.1584860773,"result/eacdm/dataset_040_K1_4_K2_4.rds"
"eacdm",41,2,2,"K1_2_K2_2",100195.072536078,"result/eacdm/dataset_041_K1_2_K2_2.rds"
"eacdm",41,2,3,"K1_2_K2_3",98712.0392279505,"result/eacdm/dataset_041_K1_2_K2_3.rds"
"eacdm",41,2,4,"K1_2_K2_4",98929.9942679395,"result/eacdm/dataset_041_K1_2_K2_4.rds"
"eacdm",41,3,2,"K1_3_K2_2",100148.015731103,"result/eacdm/dataset_041_K1_3_K2_2.rds"
"eacdm",41,3,3,"K1_3_K2_3",98620.2572535226,"result/eacdm/dataset_041_K1_3_K2_3.rds"
"eacdm",41,3,4,"K1_3_K2_4",98844.9360541874,"result/eacdm/dataset_041_K1_3_K2_4.rds"
"eacdm",41,4,2,"K1_4_K2_2",100850.332835415,"result/eacdm/dataset_041_K1_4_K2_2.rds"
"eacdm",41,4,3,"K1_4_K2_3",99914.5885710467,"result/eacdm/dataset_041_K1_4_K2_3.rds"
"eacdm",41,4,4,"K1_4_K2_4",99947.7483149842,"result/eacdm/dataset_041_K1_4_K2_4.rds"
"eacdm",42,2,2,"K1_2_K2_2",100373.182709184,"result/eacdm/dataset_042_K1_2_K2_2.rds"
"eacdm",42,2,3,"K1_2_K2_3",98889.8010062454,"result/eacdm/dataset_042_K1_2_K2_3.rds"
"eacdm",42,2,4,"K1_2_K2_4",99100.4180490861,"result/eacdm/dataset_042_K1_2_K2_4.rds"
"eacdm",42,3,2,"K1_3_K2_2",100225.59525823,"result/eacdm/dataset_042_K1_3_K2_2.rds"
"eacdm",42,3,3,"K1_3_K2_3",98682.7718344014,"result/eacdm/dataset_042_K1_3_K2_3.rds"
"eacdm",42,3,4,"K1_3_K2_4",98888.2491476111,"result/eacdm/dataset_042_K1_3_K2_4.rds"
"eacdm",42,4,2,"K1_4_K2_2",101350.487748653,"result/eacdm/dataset_042_K1_4_K2_2.rds"
"eacdm",42,4,3,"K1_4_K2_3",99492.5800251897,"result/eacdm/dataset_042_K1_4_K2_3.rds"
"eacdm",42,4,4,"K1_4_K2_4",99389.4964696481,"result/eacdm/dataset_042_K1_4_K2_4.rds"
"eacdm",43,2,2,"K1_2_K2_2",100362.867852186,"result/eacdm/dataset_043_K1_2_K2_2.rds"
"eacdm",43,2,3,"K1_2_K2_3",98999.3093233526,"result/eacdm/dataset_043_K1_2_K2_3.rds"
"eacdm",43,2,4,"K1_2_K2_4",99214.6865995855,"result/eacdm/dataset_043_K1_2_K2_4.rds"
"eacdm",43,3,2,"K1_3_K2_2",100268.951398523,"result/eacdm/dataset_043_K1_3_K2_2.rds"
"eacdm",43,3,3,"K1_3_K2_3",98844.1682690526,"result/eacdm/dataset_043_K1_3_K2_3.rds"
"eacdm",43,3,4,"K1_3_K2_4",99111.5258603249,"result/eacdm/dataset_043_K1_3_K2_4.rds"
"eacdm",43,4,2,"K1_4_K2_2",101233.494609004,"result/eacdm/dataset_043_K1_4_K2_2.rds"
"eacdm",43,4,3,"K1_4_K2_3",99986.4898844215,"result/eacdm/dataset_043_K1_4_K2_3.rds"
"eacdm",43,4,4,"K1_4_K2_4",99977.1322293253,"result/eacdm/dataset_043_K1_4_K2_4.rds"
"eacdm",44,2,2,"K1_2_K2_2",100171.062283015,"result/eacdm/dataset_044_K1_2_K2_2.rds"
"eacdm",44,2,3,"K1_2_K2_3",98770.4994548774,"result/eacdm/dataset_044_K1_2_K2_3.rds"
"eacdm",44,2,4,"K1_2_K2_4",98987.2474709725,"result/eacdm/dataset_044_K1_2_K2_4.rds"
"eacdm",44,3,2,"K1_3_K2_2",100223.209008419,"result/eacdm/dataset_044_K1_3_K2_2.rds"
"eacdm",44,3,3,"K1_3_K2_3",98772.4744239675,"result/eacdm/dataset_044_K1_3_K2_3.rds"
"eacdm",44,3,4,"K1_3_K2_4",98924.1141406723,"result/eacdm/dataset_044_K1_3_K2_4.rds"
"eacdm",44,4,2,"K1_4_K2_2",101191.418097679,"result/eacdm/dataset_044_K1_4_K2_2.rds"
"eacdm",44,4,3,"K1_4_K2_3",100102.328200562,"result/eacdm/dataset_044_K1_4_K2_3.rds"
"eacdm",44,4,4,"K1_4_K2_4",99589.499133186,"result/eacdm/dataset_044_K1_4_K2_4.rds"
"eacdm",45,2,2,"K1_2_K2_2",100677.899800269,"result/eacdm/dataset_045_K1_2_K2_2.rds"
"eacdm",45,2,3,"K1_2_K2_3",98461.2707925309,"result/eacdm/dataset_045_K1_2_K2_3.rds"
"eacdm",45,2,4,"K1_2_K2_4",98600.3049377524,"result/eacdm/dataset_045_K1_2_K2_4.rds"
"eacdm",45,3,2,"K1_3_K2_2",99959.6212482142,"result/eacdm/dataset_045_K1_3_K2_2.rds"
"eacdm",45,3,3,"K1_3_K2_3",98287.3155725146,"result/eacdm/dataset_045_K1_3_K2_3.rds"
"eacdm",45,3,4,"K1_3_K2_4",98413.0201264758,"result/eacdm/dataset_045_K1_3_K2_4.rds"
"eacdm",45,4,2,"K1_4_K2_2",100592.391734456,"result/eacdm/dataset_045_K1_4_K2_2.rds"
"eacdm",45,4,3,"K1_4_K2_3",98883.097871071,"result/eacdm/dataset_045_K1_4_K2_3.rds"
"eacdm",45,4,4,"K1_4_K2_4",99144.270300978,"result/eacdm/dataset_045_K1_4_K2_4.rds"
"eacdm",46,2,2,"K1_2_K2_2",100113.418440121,"result/eacdm/dataset_046_K1_2_K2_2.rds"
"eacdm",46,2,3,"K1_2_K2_3",98752.4013039878,"result/eacdm/dataset_046_K1_2_K2_3.rds"
"eacdm",46,2,4,"K1_2_K2_4",99024.6502464965,"result/eacdm/dataset_046_K1_2_K2_4.rds"
"eacdm",46,3,2,"K1_3_K2_2",99973.2809517827,"result/eacdm/dataset_046_K1_3_K2_2.rds"
"eacdm",46,3,3,"K1_3_K2_3",98561.1265381131,"result/eacdm/dataset_046_K1_3_K2_3.rds"
"eacdm",46,3,4,"K1_3_K2_4",98788.896528168,"result/eacdm/dataset_046_K1_3_K2_4.rds"
"eacdm",46,4,2,"K1_4_K2_2",100861.673959996,"result/eacdm/dataset_046_K1_4_K2_2.rds"
"eacdm",46,4,3,"K1_4_K2_3",99128.8016730056,"result/eacdm/dataset_046_K1_4_K2_3.rds"
"eacdm",46,4,4,"K1_4_K2_4",99537.6555762965,"result/eacdm/dataset_046_K1_4_K2_4.rds"
"eacdm",47,2,2,"K1_2_K2_2",101131.414258551,"result/eacdm/dataset_047_K1_2_K2_2.rds"
"eacdm",47,2,3,"K1_2_K2_3",99086.2814304995,"result/eacdm/dataset_047_K1_2_K2_3.rds"
"eacdm",47,2,4,"K1_2_K2_4",99328.4100863692,"result/eacdm/dataset_047_K1_2_K2_4.rds"
"eacdm",47,3,2,"K1_3_K2_2",100458.757745754,"result/eacdm/dataset_047_K1_3_K2_2.rds"
"eacdm",47,3,3,"K1_3_K2_3",98881.606466911,"result/eacdm/dataset_047_K1_3_K2_3.rds"
"eacdm",47,3,4,"K1_3_K2_4",99105.3467796466,"result/eacdm/dataset_047_K1_3_K2_4.rds"
"eacdm",47,4,2,"K1_4_K2_2",101569.568534895,"result/eacdm/dataset_047_K1_4_K2_2.rds"
"eacdm",47,4,3,"K1_4_K2_3",99461.623159114,"result/eacdm/dataset_047_K1_4_K2_3.rds"
"eacdm",47,4,4,"K1_4_K2_4",99692.7714804892,"result/eacdm/dataset_047_K1_4_K2_4.rds"
"eacdm",48,2,2,"K1_2_K2_2",100670.596971543,"result/eacdm/dataset_048_K1_2_K2_2.rds"
"eacdm",48,2,3,"K1_2_K2_3",99127.0430355905,"result/eacdm/dataset_048_K1_2_K2_3.rds"
"eacdm",48,2,4,"K1_2_K2_4",99337.1315441852,"result/eacdm/dataset_048_K1_2_K2_4.rds"
"eacdm",48,3,2,"K1_3_K2_2",100570.555008047,"result/eacdm/dataset_048_K1_3_K2_2.rds"
"eacdm",48,3,3,"K1_3_K2_3",98974.0920723854,"result/eacdm/dataset_048_K1_3_K2_3.rds"
"eacdm",48,3,4,"K1_3_K2_4",99198.6999547792,"result/eacdm/dataset_048_K1_3_K2_4.rds"
"eacdm",48,4,2,"K1_4_K2_2",101987.580118013,"result/eacdm/dataset_048_K1_4_K2_2.rds"
"eacdm",48,4,3,"K1_4_K2_3",100298.583808056,"result/eacdm/dataset_048_K1_4_K2_3.rds"
"eacdm",48,4,4,"K1_4_K2_4",99982.3602790244,"result/eacdm/dataset_048_K1_4_K2_4.rds"
"eacdm",49,2,2,"K1_2_K2_2",100471.619352307,"result/eacdm/dataset_049_K1_2_K2_2.rds"
"eacdm",49,2,3,"K1_2_K2_3",98985.7364114855,"result/eacdm/dataset_049_K1_2_K2_3.rds"
"eacdm",49,2,4,"K1_2_K2_4",99181.4671578591,"result/eacdm/dataset_049_K1_2_K2_4.rds"
"eacdm",49,3,2,"K1_3_K2_2",100321.313992322,"result/eacdm/dataset_049_K1_3_K2_2.rds"
"eacdm",49,3,3,"K1_3_K2_3",98811.3184350894,"result/eacdm/dataset_049_K1_3_K2_3.rds"
"eacdm",49,3,4,"K1_3_K2_4",98975.6908988005,"result/eacdm/dataset_049_K1_3_K2_4.rds"
"eacdm",49,4,2,"K1_4_K2_2",100901.209445857,"result/eacdm/dataset_049_K1_4_K2_2.rds"
"eacdm",49,4,3,"K1_4_K2_3",99989.2984514058,"result/eacdm/dataset_049_K1_4_K2_3.rds"
"eacdm",49,4,4,"K1_4_K2_4",100106.52738105,"result/eacdm/dataset_049_K1_4_K2_4.rds"
"eacdm",50,2,2,"K1_2_K2_2",100720.222679755,"result/eacdm/dataset_050_K1_2_K2_2.rds"
"eacdm",50,2,3,"K1_2_K2_3",98582.4813143419,"result/eacdm/dataset_050_K1_2_K2_3.rds"
"eacdm",50,2,4,"K1_2_K2_4",98822.6495271056,"result/eacdm/dataset_050_K1_2_K2_4.rds"
"eacdm",50,3,2,"K1_3_K2_2",100096.933013502,"result/eacdm/dataset_050_K1_3_K2_2.rds"
"eacdm",50,3,3,"K1_3_K2_3",98491.7626933581,"result/eacdm/dataset_050_K1_3_K2_3.rds"
"eacdm",50,3,4,"K1_3_K2_4",98742.8447107458,"result/eacdm/dataset_050_K1_3_K2_4.rds"
"eacdm",50,4,2,"K1_4_K2_2",101991.001151224,"result/eacdm/dataset_050_K1_4_K2_2.rds"
"eacdm",50,4,3,"K1_4_K2_3",99701.1669284179,"result/eacdm/dataset_050_K1_4_K2_3.rds"
"eacdm",50,4,4,"K1_4_K2_4",99595.0423515573,"result/eacdm/dataset_050_K1_4_K2_4.rds"
"eacdm",51,2,2,"K1_2_K2_2",100562.981075063,"result/eacdm/dataset_051_K1_2_K2_2.rds"
"eacdm",51,2,3,"K1_2_K2_3",99128.1400671827,"result/eacdm/dataset_051_K1_2_K2_3.rds"
"eacdm",51,2,4,"K1_2_K2_4",99369.0710007434,"result/eacdm/dataset_051_K1_2_K2_4.rds"
"eacdm",51,3,2,"K1_3_K2_2",100391.122300708,"result/eacdm/dataset_051_K1_3_K2_2.rds"
"eacdm",51,3,3,"K1_3_K2_3",98864.5901767458,"result/eacdm/dataset_051_K1_3_K2_3.rds"
"eacdm",51,3,4,"K1_3_K2_4",99130.5129542402,"result/eacdm/dataset_051_K1_3_K2_4.rds"
"eacdm",51,4,2,"K1_4_K2_2",101704.41996224,"result/eacdm/dataset_051_K1_4_K2_2.rds"
"eacdm",51,4,3,"K1_4_K2_3",99651.6906807015,"result/eacdm/dataset_051_K1_4_K2_3.rds"
"eacdm",51,4,4,"K1_4_K2_4",99914.7917153282,"result/eacdm/dataset_051_K1_4_K2_4.rds"
"eacdm",52,2,2,"K1_2_K2_2",100203.292689646,"result/eacdm/dataset_052_K1_2_K2_2.rds"
"eacdm",52,2,3,"K1_2_K2_3",98744.4035022296,"result/eacdm/dataset_052_K1_2_K2_3.rds"
"eacdm",52,2,4,"K1_2_K2_4",99001.0496130196,"result/eacdm/dataset_052_K1_2_K2_4.rds"
"eacdm",52,3,2,"K1_3_K2_2",100167.550264774,"result/eacdm/dataset_052_K1_3_K2_2.rds"
"eacdm",52,3,3,"K1_3_K2_3",98671.750313754,"result/eacdm/dataset_052_K1_3_K2_3.rds"
"eacdm",52,3,4,"K1_3_K2_4",98900.6985634344,"result/eacdm/dataset_052_K1_3_K2_4.rds"
"eacdm",52,4,2,"K1_4_K2_2",100976.738958774,"result/eacdm/dataset_052_K1_4_K2_2.rds"
"eacdm",52,4,3,"K1_4_K2_3",99525.7917319142,"result/eacdm/dataset_052_K1_4_K2_3.rds"
"eacdm",52,4,4,"K1_4_K2_4",99642.760243992,"result/eacdm/dataset_052_K1_4_K2_4.rds"
"eacdm",53,2,2,"K1_2_K2_2",100430.551331511,"result/eacdm/dataset_053_K1_2_K2_2.rds"
"eacdm",53,2,3,"K1_2_K2_3",98905.9811457881,"result/eacdm/dataset_053_K1_2_K2_3.rds"
"eacdm",53,2,4,"K1_2_K2_4",99146.043898349,"result/eacdm/dataset_053_K1_2_K2_4.rds"
"eacdm",53,3,2,"K1_3_K2_2",100311.359832798,"result/eacdm/dataset_053_K1_3_K2_2.rds"
"eacdm",53,3,3,"K1_3_K2_3",98747.2965023501,"result/eacdm/dataset_053_K1_3_K2_3.rds"
"eacdm",53,3,4,"K1_3_K2_4",98976.663537912,"result/eacdm/dataset_053_K1_3_K2_4.rds"
"eacdm",53,4,2,"K1_4_K2_2",101470.488561825,"result/eacdm/dataset_053_K1_4_K2_2.rds"
"eacdm",53,4,3,"K1_4_K2_3",99544.7879677043,"result/eacdm/dataset_053_K1_4_K2_3.rds"
"eacdm",53,4,4,"K1_4_K2_4",99806.0825564782,"result/eacdm/dataset_053_K1_4_K2_4.rds"
"eacdm",54,2,2,"K1_2_K2_2",100998.283272142,"result/eacdm/dataset_054_K1_2_K2_2.rds"
"eacdm",54,2,3,"K1_2_K2_3",98840.6703031048,"result/eacdm/dataset_054_K1_2_K2_3.rds"
"eacdm",54,2,4,"K1_2_K2_4",99094.1419083597,"result/eacdm/dataset_054_K1_2_K2_4.rds"
"eacdm",54,3,2,"K1_3_K2_2",100252.205683038,"result/eacdm/dataset_054_K1_3_K2_2.rds"
"eacdm",54,3,3,"K1_3_K2_3",98672.5865246471,"result/eacdm/dataset_054_K1_3_K2_3.rds"
"eacdm",54,3,4,"K1_3_K2_4",98906.8525422233,"result/eacdm/dataset_054_K1_3_K2_4.rds"
"eacdm",54,4,2,"K1_4_K2_2",102319.154304257,"result/eacdm/dataset_054_K1_4_K2_2.rds"
"eacdm",54,4,3,"K1_4_K2_3",100157.892142192,"result/eacdm/dataset_054_K1_4_K2_3.rds"
"eacdm",54,4,4,"K1_4_K2_4",99767.837291075,"result/eacdm/dataset_054_K1_4_K2_4.rds"
"eacdm",55,2,2,"K1_2_K2_2",100721.278953631,"result/eacdm/dataset_055_K1_2_K2_2.rds"
"eacdm",55,2,3,"K1_2_K2_3",98951.8664069104,"result/eacdm/dataset_055_K1_2_K2_3.rds"
"eacdm",55,2,4,"K1_2_K2_4",99085.6265263727,"result/eacdm/dataset_055_K1_2_K2_4.rds"
"eacdm",55,3,2,"K1_3_K2_2",100516.291458143,"result/eacdm/dataset_055_K1_3_K2_2.rds"
"eacdm",55,3,3,"K1_3_K2_3",98865.2431296743,"result/eacdm/dataset_055_K1_3_K2_3.rds"
"eacdm",55,3,4,"K1_3_K2_4",99016.6708162685,"result/eacdm/dataset_055_K1_3_K2_4.rds"
"eacdm",55,4,2,"K1_4_K2_2",101102.533353062,"result/eacdm/dataset_055_K1_4_K2_2.rds"
"eacdm",55,4,3,"K1_4_K2_3",99737.1439372029,"result/eacdm/dataset_055_K1_4_K2_3.rds"
"eacdm",55,4,4,"K1_4_K2_4",100004.961807984,"result/eacdm/dataset_055_K1_4_K2_4.rds"
"eacdm",56,2,2,"K1_2_K2_2",100560.860907646,"result/eacdm/dataset_056_K1_2_K2_2.rds"
"eacdm",56,2,3,"K1_2_K2_3",99618.6551075505,"result/eacdm/dataset_056_K1_2_K2_3.rds"
"eacdm",56,2,4,"K1_2_K2_4",99262.0965434499,"result/eacdm/dataset_056_K1_2_K2_4.rds"
"eacdm",56,3,2,"K1_3_K2_2",100997.950012504,"result/eacdm/dataset_056_K1_3_K2_2.rds"
"eacdm",56,3,3,"K1_3_K2_3",98946.6578145253,"result/eacdm/dataset_056_K1_3_K2_3.rds"
"eacdm",56,3,4,"K1_3_K2_4",99127.0562457768,"result/eacdm/dataset_056_K1_3_K2_4.rds"
"eacdm",56,4,2,"K1_4_K2_2",100981.771945545,"result/eacdm/dataset_056_K1_4_K2_2.rds"
"eacdm",56,4,3,"K1_4_K2_3",100151.185325821,"result/eacdm/dataset_056_K1_4_K2_3.rds"
"eacdm",56,4,4,"K1_4_K2_4",99721.252819827,"result/eacdm/dataset_056_K1_4_K2_4.rds"
"eacdm",57,2,2,"K1_2_K2_2",100143.013161593,"result/eacdm/dataset_057_K1_2_K2_2.rds"
"eacdm",57,2,3,"K1_2_K2_3",98721.7168877581,"result/eacdm/dataset_057_K1_2_K2_3.rds"
"eacdm",57,2,4,"K1_2_K2_4",98909.6316000371,"result/eacdm/dataset_057_K1_2_K2_4.rds"
"eacdm",57,3,2,"K1_3_K2_2",100099.151389563,"result/eacdm/dataset_057_K1_3_K2_2.rds"
"eacdm",57,3,3,"K1_3_K2_3",98608.6181289329,"result/eacdm/dataset_057_K1_3_K2_3.rds"
"eacdm",57,3,4,"K1_3_K2_4",98840.109454526,"result/eacdm/dataset_057_K1_3_K2_4.rds"
"eacdm",57,4,2,"K1_4_K2_2",101223.126768217,"result/eacdm/dataset_057_K1_4_K2_2.rds"
"eacdm",57,4,3,"K1_4_K2_3",99701.7420861747,"result/eacdm/dataset_057_K1_4_K2_3.rds"
"eacdm",57,4,4,"K1_4_K2_4",99891.623345444,"result/eacdm/dataset_057_K1_4_K2_4.rds"
"eacdm",58,2,2,"K1_2_K2_2",100447.48989789,"result/eacdm/dataset_058_K1_2_K2_2.rds"
"eacdm",58,2,3,"K1_2_K2_3",99075.3302907955,"result/eacdm/dataset_058_K1_2_K2_3.rds"
"eacdm",58,2,4,"K1_2_K2_4",99328.0325917112,"result/eacdm/dataset_058_K1_2_K2_4.rds"
"eacdm",58,3,2,"K1_3_K2_2",100373.534335763,"result/eacdm/dataset_058_K1_3_K2_2.rds"
"eacdm",58,3,3,"K1_3_K2_3",98914.8099772368,"result/eacdm/dataset_058_K1_3_K2_3.rds"
"eacdm",58,3,4,"K1_3_K2_4",99128.9582374272,"result/eacdm/dataset_058_K1_3_K2_4.rds"
"eacdm",58,4,2,"K1_4_K2_2",101812.237054691,"result/eacdm/dataset_058_K1_4_K2_2.rds"
"eacdm",58,4,3,"K1_4_K2_3",99565.5900813159,"result/eacdm/dataset_058_K1_4_K2_3.rds"
"eacdm",58,4,4,"K1_4_K2_4",99738.2856605687,"result/eacdm/dataset_058_K1_4_K2_4.rds"
"eacdm",59,2,2,"K1_2_K2_2",100255.470145756,"result/eacdm/dataset_059_K1_2_K2_2.rds"
"eacdm",59,2,3,"K1_2_K2_3",98919.9473233062,"result/eacdm/dataset_059_K1_2_K2_3.rds"
"eacdm",59,2,4,"K1_2_K2_4",99148.3861865002,"result/eacdm/dataset_059_K1_2_K2_4.rds"
"eacdm",59,3,2,"K1_3_K2_2",100197.815926152,"result/eacdm/dataset_059_K1_3_K2_2.rds"
"eacdm",59,3,3,"K1_3_K2_3",98850.891293324,"result/eacdm/dataset_059_K1_3_K2_3.rds"
"eacdm",59,3,4,"K1_3_K2_4",99088.598163905,"result/eacdm/dataset_059_K1_3_K2_4.rds"
"eacdm",59,4,2,"K1_4_K2_2",101212.920354973,"result/eacdm/dataset_059_K1_4_K2_2.rds"
"eacdm",59,4,3,"K1_4_K2_3",99494.3138387112,"result/eacdm/dataset_059_K1_4_K2_3.rds"
"eacdm",59,4,4,"K1_4_K2_4",100278.507200361,"result/eacdm/dataset_059_K1_4_K2_4.rds"
"eacdm",60,2,2,"K1_2_K2_2",100300.303120068,"result/eacdm/dataset_060_K1_2_K2_2.rds"
"eacdm",60,2,3,"K1_2_K2_3",98686.6149281657,"result/eacdm/dataset_060_K1_2_K2_3.rds"
"eacdm",60,2,4,"K1_2_K2_4",98950.6287213569,"result/eacdm/dataset_060_K1_2_K2_4.rds"
"eacdm",60,3,2,"K1_3_K2_2",100341.986581147,"result/eacdm/dataset_060_K1_3_K2_2.rds"
"eacdm",60,3,3,"K1_3_K2_3",98678.7522945273,"result/eacdm/dataset_060_K1_3_K2_3.rds"
"eacdm",60,3,4,"K1_3_K2_4",98932.337649066,"result/eacdm/dataset_060_K1_3_K2_4.rds"
"eacdm",60,4,2,"K1_4_K2_2",101693.18535997,"result/eacdm/dataset_060_K1_4_K2_2.rds"
"eacdm",60,4,3,"K1_4_K2_3",100176.517342651,"result/eacdm/dataset_060_K1_4_K2_3.rds"
"eacdm",60,4,4,"K1_4_K2_4",99584.911736226,"result/eacdm/dataset_060_K1_4_K2_4.rds"
"eacdm",61,2,2,"K1_2_K2_2",100624.85090031,"result/eacdm/dataset_061_K1_2_K2_2.rds"
"eacdm",61,2,3,"K1_2_K2_3",99116.5929563563,"result/eacdm/dataset_061_K1_2_K2_3.rds"
"eacdm",61,2,4,"K1_2_K2_4",99318.0438919494,"result/eacdm/dataset_061_K1_2_K2_4.rds"
"eacdm",61,3,2,"K1_3_K2_2",100551.848477769,"result/eacdm/dataset_061_K1_3_K2_2.rds"
"eacdm",61,3,3,"K1_3_K2_3",98991.0126267368,"result/eacdm/dataset_061_K1_3_K2_3.rds"
"eacdm",61,3,4,"K1_3_K2_4",99230.8727063748,"result/eacdm/dataset_061_K1_3_K2_4.rds"
"eacdm",61,4,2,"K1_4_K2_2",101638.006097421,"result/eacdm/dataset_061_K1_4_K2_2.rds"
"eacdm",61,4,3,"K1_4_K2_3",99754.430733281,"result/eacdm/dataset_061_K1_4_K2_3.rds"
"eacdm",61,4,4,"K1_4_K2_4",99937.8689754778,"result/eacdm/dataset_061_K1_4_K2_4.rds"
"eacdm",62,2,2,"K1_2_K2_2",100317.035603153,"result/eacdm/dataset_062_K1_2_K2_2.rds"
"eacdm",62,2,3,"K1_2_K2_3",98872.0775344372,"result/eacdm/dataset_062_K1_2_K2_3.rds"
"eacdm",62,2,4,"K1_2_K2_4",99102.5180777571,"result/eacdm/dataset_062_K1_2_K2_4.rds"
"eacdm",62,3,2,"K1_3_K2_2",100235.34643498,"result/eacdm/dataset_062_K1_3_K2_2.rds"
"eacdm",62,3,3,"K1_3_K2_3",98697.0825341158,"result/eacdm/dataset_062_K1_3_K2_3.rds"
"eacdm",62,3,4,"K1_3_K2_4",98885.9084410556,"result/eacdm/dataset_062_K1_3_K2_4.rds"
"eacdm",62,4,2,"K1_4_K2_2",100906.515075638,"result/eacdm/dataset_062_K1_4_K2_2.rds"
"eacdm",62,4,3,"K1_4_K2_3",99679.607285538,"result/eacdm/dataset_062_K1_4_K2_3.rds"
"eacdm",62,4,4,"K1_4_K2_4",99587.9329675974,"result/eacdm/dataset_062_K1_4_K2_4.rds"
"eacdm",63,2,2,"K1_2_K2_2",100559.445851164,"result/eacdm/dataset_063_K1_2_K2_2.rds"
"eacdm",63,2,3,"K1_2_K2_3",99103.3867483546,"result/eacdm/dataset_063_K1_2_K2_3.rds"
"eacdm",63,2,4,"K1_2_K2_4",99355.920110306,"result/eacdm/dataset_063_K1_2_K2_4.rds"
"eacdm",63,3,2,"K1_3_K2_2",100412.889456625,"result/eacdm/dataset_063_K1_3_K2_2.rds"
"eacdm",63,3,3,"K1_3_K2_3",98912.3158391699,"result/eacdm/dataset_063_K1_3_K2_3.rds"
"eacdm",63,3,4,"K1_3_K2_4",99158.7390265726,"result/eacdm/dataset_063_K1_3_K2_4.rds"
"eacdm",63,4,2,"K1_4_K2_2",101613.842239694,"result/eacdm/dataset_063_K1_4_K2_2.rds"
"eacdm",63,4,3,"K1_4_K2_3",99434.6527513413,"result/eacdm/dataset_063_K1_4_K2_3.rds"
"eacdm",63,4,4,"K1_4_K2_4",100265.812060966,"result/eacdm/dataset_063_K1_4_K2_4.rds"
"eacdm",64,2,2,"K1_2_K2_2",100815.511431963,"result/eacdm/dataset_064_K1_2_K2_2.rds"
"eacdm",64,2,3,"K1_2_K2_3",98739.0093264432,"result/eacdm/dataset_064_K1_2_K2_3.rds"
"eacdm",64,2,4,"K1_2_K2_4",98909.8585107673,"result/eacdm/dataset_064_K1_2_K2_4.rds"
"eacdm",64,3,2,"K1_3_K2_2",100401.884856935,"result/eacdm/dataset_064_K1_3_K2_2.rds"
"eacdm",64,3,3,"K1_3_K2_3",98757.0238964874,"result/eacdm/dataset_064_K1_3_K2_3.rds"
"eacdm",64,3,4,"K1_3_K2_4",98987.1573823661,"result/eacdm/dataset_064_K1_3_K2_4.rds"
"eacdm",64,4,2,"K1_4_K2_2",101879.467559418,"result/eacdm/dataset_064_K1_4_K2_2.rds"
"eacdm",64,4,3,"K1_4_K2_3",100059.614432157,"result/eacdm/dataset_064_K1_4_K2_3.rds"
"eacdm",64,4,4,"K1_4_K2_4",99836.6041717907,"result/eacdm/dataset_064_K1_4_K2_4.rds"
"eacdm",65,2,2,"K1_2_K2_2",100306.241809159,"result/eacdm/dataset_065_K1_2_K2_2.rds"
"eacdm",65,2,3,"K1_2_K2_3",98898.2513480742,"result/eacdm/dataset_065_K1_2_K2_3.rds"
"eacdm",65,2,4,"K1_2_K2_4",99136.7566599258,"result/eacdm/dataset_065_K1_2_K2_4.rds"
"eacdm",65,3,2,"K1_3_K2_2",100242.81283855,"result/eacdm/dataset_065_K1_3_K2_2.rds"
"eacdm",65,3,3,"K1_3_K2_3",98776.4102756909,"result/eacdm/dataset_065_K1_3_K2_3.rds"
"eacdm",65,3,4,"K1_3_K2_4",98988.7444793687,"result/eacdm/dataset_065_K1_3_K2_4.rds"
"eacdm",65,4,2,"K1_4_K2_2",101518.027363085,"result/eacdm/dataset_065_K1_4_K2_2.rds"
"eacdm",65,4,3,"K1_4_K2_3",99454.4721095747,"result/eacdm/dataset_065_K1_4_K2_3.rds"
"eacdm",65,4,4,"K1_4_K2_4",99591.2157602195,"result/eacdm/dataset_065_K1_4_K2_4.rds"
"eacdm",66,2,2,"K1_2_K2_2",100208.347990932,"result/eacdm/dataset_066_K1_2_K2_2.rds"
"eacdm",66,2,3,"K1_2_K2_3",98575.687833096,"result/eacdm/dataset_066_K1_2_K2_3.rds"
"eacdm",66,2,4,"K1_2_K2_4",98821.655569006,"result/eacdm/dataset_066_K1_2_K2_4.rds"
"eacdm",66,3,2,"K1_3_K2_2",100136.712956288,"result/eacdm/dataset_066_K1_3_K2_2.rds"
"eacdm",66,3,3,"K1_3_K2_3",98420.9749969293,"result/eacdm/dataset_066_K1_3_K2_3.rds"
"eacdm",66,3,4,"K1_3_K2_4",98684.3400348315,"result/eacdm/dataset_066_K1_3_K2_4.rds"
"eacdm",66,4,2,"K1_4_K2_2",100896.404111538,"result/eacdm/dataset_066_K1_4_K2_2.rds"
"eacdm",66,4,3,"K1_4_K2_3",99524.8023080226,"result/eacdm/dataset_066_K1_4_K2_3.rds"
"eacdm",66,4,4,"K1_4_K2_4",99209.665778293,"result/eacdm/dataset_066_K1_4_K2_4.rds"
"eacdm",67,2,2,"K1_2_K2_2",100310.854343687,"result/eacdm/dataset_067_K1_2_K2_2.rds"
"eacdm",67,2,3,"K1_2_K2_3",98707.1100475486,"result/eacdm/dataset_067_K1_2_K2_3.rds"
"eacdm",67,2,4,"K1_2_K2_4",98950.6434055708,"result/eacdm/dataset_067_K1_2_K2_4.rds"
"eacdm",67,3,2,"K1_3_K2_2",100286.322799263,"result/eacdm/dataset_067_K1_3_K2_2.rds"
"eacdm",67,3,3,"K1_3_K2_3",98608.1216235169,"result/eacdm/dataset_067_K1_3_K2_3.rds"
"eacdm",67,3,4,"K1_3_K2_4",98879.000919001,"result/eacdm/dataset_067_K1_3_K2_4.rds"
"eacdm",67,4,2,"K1_4_K2_2",101170.088083141,"result/eacdm/dataset_067_K1_4_K2_2.rds"
"eacdm",67,4,3,"K1_4_K2_3",99217.4678572268,"result/eacdm/dataset_067_K1_4_K2_3.rds"
"eacdm",67,4,4,"K1_4_K2_4",99625.580830679,"result/eacdm/dataset_067_K1_4_K2_4.rds"
"eacdm",68,2,2,"K1_2_K2_2",99981.7649776762,"result/eacdm/dataset_068_K1_2_K2_2.rds"
"eacdm",68,2,3,"K1_2_K2_3",98728.5197894437,"result/eacdm/dataset_068_K1_2_K2_3.rds"
"eacdm",68,2,4,"K1_2_K2_4",98521.9301730308,"result/eacdm/dataset_068_K1_2_K2_4.rds"
"eacdm",68,3,2,"K1_3_K2_2",99706.2066362185,"result/eacdm/dataset_068_K1_3_K2_2.rds"
"eacdm",68,3,3,"K1_3_K2_3",98006.5418898168,"result/eacdm/dataset_068_K1_3_K2_3.rds"
"eacdm",68,3,4,"K1_3_K2_4",98249.4652457187,"result/eacdm/dataset_068_K1_3_K2_4.rds"
"eacdm",68,4,2,"K1_4_K2_2",100310.799037533,"result/eacdm/dataset_068_K1_4_K2_2.rds"
"eacdm",68,4,3,"K1_4_K2_3",98789.7919720775,"result/eacdm/dataset_068_K1_4_K2_3.rds"
"eacdm",68,4,4,"K1_4_K2_4",99122.2369528594,"result/eacdm/dataset_068_K1_4_K2_4.rds"
"eacdm",69,2,2,"K1_2_K2_2",100214.781402677,"result/eacdm/dataset_069_K1_2_K2_2.rds"
"eacdm",69,2,3,"K1_2_K2_3",98912.1170603449,"result/eacdm/dataset_069_K1_2_K2_3.rds"
"eacdm",69,2,4,"K1_2_K2_4",99044.9675782181,"result/eacdm/dataset_069_K1_2_K2_4.rds"
"eacdm",69,3,2,"K1_3_K2_2",100066.776881854,"result/eacdm/dataset_069_K1_3_K2_2.rds"
"eacdm",69,3,3,"K1_3_K2_3",98672.2114703198,"result/eacdm/dataset_069_K1_3_K2_3.rds"
"eacdm",69,3,4,"K1_3_K2_4",98814.8364826228,"result/eacdm/dataset_069_K1_3_K2_4.rds"
"eacdm",69,4,2,"K1_4_K2_2",101234.298821734,"result/eacdm/dataset_069_K1_4_K2_2.rds"
"eacdm",69,4,3,"K1_4_K2_3",99569.0351241794,"result/eacdm/dataset_069_K1_4_K2_3.rds"
"eacdm",69,4,4,"K1_4_K2_4",99830.7324305985,"result/eacdm/dataset_069_K1_4_K2_4.rds"
"eacdm",70,2,2,"K1_2_K2_2",100136.964334743,"result/eacdm/dataset_070_K1_2_K2_2.rds"
"eacdm",70,2,3,"K1_2_K2_3",98654.6913402237,"result/eacdm/dataset_070_K1_2_K2_3.rds"
"eacdm",70,2,4,"K1_2_K2_4",98900.8606418664,"result/eacdm/dataset_070_K1_2_K2_4.rds"
"eacdm",70,3,2,"K1_3_K2_2",100115.495280494,"result/eacdm/dataset_070_K1_3_K2_2.rds"
"eacdm",70,3,3,"K1_3_K2_3",98573.7921544574,"result/eacdm/dataset_070_K1_3_K2_3.rds"
"eacdm",70,3,4,"K1_3_K2_4",98769.4607949107,"result/eacdm/dataset_070_K1_3_K2_4.rds"
"eacdm",70,4,2,"K1_4_K2_2",101432.337540392,"result/eacdm/dataset_070_K1_4_K2_2.rds"
"eacdm",70,4,3,"K1_4_K2_3",99786.0838258175,"result/eacdm/dataset_070_K1_4_K2_3.rds"
"eacdm",70,4,4,"K1_4_K2_4",99631.8982259372,"result/eacdm/dataset_070_K1_4_K2_4.rds"
"eacdm",71,2,2,"K1_2_K2_2",100748.023363009,"result/eacdm/dataset_071_K1_2_K2_2.rds"
"eacdm",71,2,3,"K1_2_K2_3",98677.120998167,"result/eacdm/dataset_071_K1_2_K2_3.rds"
"eacdm",71,2,4,"K1_2_K2_4",98917.3080060082,"result/eacdm/dataset_071_K1_2_K2_4.rds"
"eacdm",71,3,2,"K1_3_K2_2",100085.503731183,"result/eacdm/dataset_071_K1_3_K2_2.rds"
"eacdm",71,3,3,"K1_3_K2_3",98497.9910190563,"result/eacdm/dataset_071_K1_3_K2_3.rds"
"eacdm",71,3,4,"K1_3_K2_4",98723.0921555298,"result/eacdm/dataset_071_K1_3_K2_4.rds"
"eacdm",71,4,2,"K1_4_K2_2",100744.687955712,"result/eacdm/dataset_071_K1_4_K2_2.rds"
"eacdm",71,4,3,"K1_4_K2_3",99727.8865135263,"result/eacdm/dataset_071_K1_4_K2_3.rds"
"eacdm",71,4,4,"K1_4_K2_4",99373.5134648684,"result/eacdm/dataset_071_K1_4_K2_4.rds"
"eacdm",72,2,2,"K1_2_K2_2",100699.454275337,"result/eacdm/dataset_072_K1_2_K2_2.rds"
"eacdm",72,2,3,"K1_2_K2_3",98609.8212479166,"result/eacdm/dataset_072_K1_2_K2_3.rds"
"eacdm",72,2,4,"K1_2_K2_4",98877.6417600604,"result/eacdm/dataset_072_K1_2_K2_4.rds"
"eacdm",72,3,2,"K1_3_K2_2",100222.50073073,"result/eacdm/dataset_072_K1_3_K2_2.rds"
"eacdm",72,3,3,"K1_3_K2_3",98555.7726028601,"result/eacdm/dataset_072_K1_3_K2_3.rds"
"eacdm",72,3,4,"K1_3_K2_4",98787.3108126599,"result/eacdm/dataset_072_K1_3_K2_4.rds"
"eacdm",72,4,2,"K1_4_K2_2",100962.47869846,"result/eacdm/dataset_072_K1_4_K2_2.rds"
"eacdm",72,4,3,"K1_4_K2_3",99493.0949456529,"result/eacdm/dataset_072_K1_4_K2_3.rds"
"eacdm",72,4,4,"K1_4_K2_4",99462.2546831331,"result/eacdm/dataset_072_K1_4_K2_4.rds"
"eacdm",73,2,2,"K1_2_K2_2",100724.487428458,"result/eacdm/dataset_073_K1_2_K2_2.rds"
"eacdm",73,2,3,"K1_2_K2_3",98713.3071147665,"result/eacdm/dataset_073_K1_2_K2_3.rds"
"eacdm",73,2,4,"K1_2_K2_4",98996.5696359991,"result/eacdm/dataset_073_K1_2_K2_4.rds"
"eacdm",73,3,2,"K1_3_K2_2",100210.453920787,"result/eacdm/dataset_073_K1_3_K2_2.rds"
"eacdm",73,3,3,"K1_3_K2_3",98644.5438969595,"result/eacdm/dataset_073_K1_3_K2_3.rds"
"eacdm",73,3,4,"K1_3_K2_4",98870.2316164623,"result/eacdm/dataset_073_K1_3_K2_4.rds"
"eacdm",73,4,2,"K1_4_K2_2",100859.214325709,"result/eacdm/dataset_073_K1_4_K2_2.rds"
"eacdm",73,4,3,"K1_4_K2_3",99819.4034113901,"result/eacdm/dataset_073_K1_4_K2_3.rds"
"eacdm",73,4,4,"K1_4_K2_4",99403.9127177912,"result/eacdm/dataset_073_K1_4_K2_4.rds"
"eacdm",74,2,2,"K1_2_K2_2",100870.190313789,"result/eacdm/dataset_074_K1_2_K2_2.rds"
"eacdm",74,2,3,"K1_2_K2_3",99707.7792228467,"result/eacdm/dataset_074_K1_2_K2_3.rds"
"eacdm",74,2,4,"K1_2_K2_4",99614.9973368777,"result/eacdm/dataset_074_K1_2_K2_4.rds"
"eacdm",74,3,2,"K1_3_K2_2",100625.530158926,"result/eacdm/dataset_074_K1_3_K2_2.rds"
"eacdm",74,3,3,"K1_3_K2_3",99110.3258227984,"result/eacdm/dataset_074_K1_3_K2_3.rds"
"eacdm",74,3,4,"K1_3_K2_4",99315.3617404777,"result/eacdm/dataset_074_K1_3_K2_4.rds"
"eacdm",74,4,2,"K1_4_K2_2",101487.21103667,"result/eacdm/dataset_074_K1_4_K2_2.rds"
"eacdm",74,4,3,"K1_4_K2_3",100476.797167272,"result/eacdm/dataset_074_K1_4_K2_3.rds"
"eacdm",74,4,4,"K1_4_K2_4",99893.3706127248,"result/eacdm/dataset_074_K1_4_K2_4.rds"
"eacdm",75,2,2,"K1_2_K2_2",100725.288337518,"result/eacdm/dataset_075_K1_2_K2_2.rds"
"eacdm",75,2,3,"K1_2_K2_3",98913.4094173845,"result/eacdm/dataset_075_K1_2_K2_3.rds"
"eacdm",75,2,4,"K1_2_K2_4",99175.148121362,"result/eacdm/dataset_075_K1_2_K2_4.rds"
"eacdm",75,3,2,"K1_3_K2_2",100662.541882136,"result/eacdm/dataset_075_K1_3_K2_2.rds"
"eacdm",75,3,3,"K1_3_K2_3",98691.0513151133,"result/eacdm/dataset_075_K1_3_K2_3.rds"
"eacdm",75,3,4,"K1_3_K2_4",98919.3672823242,"result/eacdm/dataset_075_K1_3_K2_4.rds"
"eacdm",75,4,2,"K1_4_K2_2",101668.008887003,"result/eacdm/dataset_075_K1_4_K2_2.rds"
"eacdm",75,4,3,"K1_4_K2_3",99321.513120683,"result/eacdm/dataset_075_K1_4_K2_3.rds"
"eacdm",75,4,4,"K1_4_K2_4",99529.9359512033,"result/eacdm/dataset_075_K1_4_K2_4.rds"
"eacdm",76,2,2,"K1_2_K2_2",100303.834364101,"result/eacdm/dataset_076_K1_2_K2_2.rds"
"eacdm",76,2,3,"K1_2_K2_3",98809.1037616109,"result/eacdm/dataset_076_K1_2_K2_3.rds"
"eacdm",76,2,4,"K1_2_K2_4",99048.555606414,"result/eacdm/dataset_076_K1_2_K2_4.rds"
"eacdm",76,3,2,"K1_3_K2_2",100175.580496129,"result/eacdm/dataset_076_K1_3_K2_2.rds"
"eacdm",76,3,3,"K1_3_K2_3",98679.0676528071,"result/eacdm/dataset_076_K1_3_K2_3.rds"
"eacdm",76,3,4,"K1_3_K2_4",98825.9668862791,"result/eacdm/dataset_076_K1_3_K2_4.rds"
"eacdm",76,4,2,"K1_4_K2_2",100924.967236027,"result/eacdm/dataset_076_K1_4_K2_2.rds"
"eacdm",76,4,3,"K1_4_K2_3",100032.92869969,"result/eacdm/dataset_076_K1_4_K2_3.rds"
"eacdm",76,4,4,"K1_4_K2_4",99409.0069461083,"result/eacdm/dataset_076_K1_4_K2_4.rds"
"eacdm",77,2,2,"K1_2_K2_2",100810.478452982,"result/eacdm/dataset_077_K1_2_K2_2.rds"
"eacdm",77,2,3,"K1_2_K2_3",98802.8687390279,"result/eacdm/dataset_077_K1_2_K2_3.rds"
"eacdm",77,2,4,"K1_2_K2_4",99044.0892422414,"result/eacdm/dataset_077_K1_2_K2_4.rds"
"eacdm",77,3,2,"K1_3_K2_2",99972.2206049549,"result/eacdm/dataset_077_K1_3_K2_2.rds"
"eacdm",77,3,3,"K1_3_K2_3",98415.4188952069,"result/eacdm/dataset_077_K1_3_K2_3.rds"
"eacdm",77,3,4,"K1_3_K2_4",98631.400593206,"result/eacdm/dataset_077_K1_3_K2_4.rds"
"eacdm",77,4,2,"K1_4_K2_2",101183.735914236,"result/eacdm/dataset_077_K1_4_K2_2.rds"
"eacdm",77,4,3,"K1_4_K2_3",99170.0768886889,"result/eacdm/dataset_077_K1_4_K2_3.rds"
"eacdm",77,4,4,"K1_4_K2_4",99359.5222315503,"result/eacdm/dataset_077_K1_4_K2_4.rds"
"eacdm",78,2,2,"K1_2_K2_2",100194.048121503,"result/eacdm/dataset_078_K1_2_K2_2.rds"
"eacdm",78,2,3,"K1_2_K2_3",98621.8201944231,"result/eacdm/dataset_078_K1_2_K2_3.rds"
"eacdm",78,2,4,"K1_2_K2_4",98793.5815142329,"result/eacdm/dataset_078_K1_2_K2_4.rds"
"eacdm",78,3,2,"K1_3_K2_2",100173.537969915,"result/eacdm/dataset_078_K1_3_K2_2.rds"
"eacdm",78,3,3,"K1_3_K2_3",98552.0020358074,"result/eacdm/dataset_078_K1_3_K2_3.rds"
"eacdm",78,3,4,"K1_3_K2_4",98800.8201098573,"result/eacdm/dataset_078_K1_3_K2_4.rds"
"eacdm",78,4,2,"K1_4_K2_2",100722.254896242,"result/eacdm/dataset_078_K1_4_K2_2.rds"
"eacdm",78,4,3,"K1_4_K2_3",99207.4836335377,"result/eacdm/dataset_078_K1_4_K2_3.rds"
"eacdm",78,4,4,"K1_4_K2_4",100122.970272399,"result/eacdm/dataset_078_K1_4_K2_4.rds"
"eacdm",79,2,2,"K1_2_K2_2",100356.050738337,"result/eacdm/dataset_079_K1_2_K2_2.rds"
"eacdm",79,2,3,"K1_2_K2_3",98877.691047092,"result/eacdm/dataset_079_K1_2_K2_3.rds"
"eacdm",79,2,4,"K1_2_K2_4",99120.4777830859,"result/eacdm/dataset_079_K1_2_K2_4.rds"
"eacdm",79,3,2,"K1_3_K2_2",100976.791102198,"result/eacdm/dataset_079_K1_3_K2_2.rds"
"eacdm",79,3,3,"K1_3_K2_3",98764.8860754354,"result/eacdm/dataset_079_K1_3_K2_3.rds"
"eacdm",79,3,4,"K1_3_K2_4",99039.4003618537,"result/eacdm/dataset_079_K1_3_K2_4.rds"
"eacdm",79,4,2,"K1_4_K2_2",100813.232229612,"result/eacdm/dataset_079_K1_4_K2_2.rds"
"eacdm",79,4,3,"K1_4_K2_3",99567.3334924279,"result/eacdm/dataset_079_K1_4_K2_3.rds"
"eacdm",79,4,4,"K1_4_K2_4",99558.9945978325,"result/eacdm/dataset_079_K1_4_K2_4.rds"
"eacdm",80,2,2,"K1_2_K2_2",100992.199920058,"result/eacdm/dataset_080_K1_2_K2_2.rds"
"eacdm",80,2,3,"K1_2_K2_3",99056.5786593865,"result/eacdm/dataset_080_K1_2_K2_3.rds"
"eacdm",80,2,4,"K1_2_K2_4",99756.2039970442,"result/eacdm/dataset_080_K1_2_K2_4.rds"
"eacdm",80,3,2,"K1_3_K2_2",100852.145361991,"result/eacdm/dataset_080_K1_3_K2_2.rds"
"eacdm",80,3,3,"K1_3_K2_3",98698.810849365,"result/eacdm/dataset_080_K1_3_K2_3.rds"
"eacdm",80,3,4,"K1_3_K2_4",98949.1713235713,"result/eacdm/dataset_080_K1_3_K2_4.rds"
"eacdm",80,4,2,"K1_4_K2_2",100941.283656002,"result/eacdm/dataset_080_K1_4_K2_2.rds"
"eacdm",80,4,3,"K1_4_K2_3",99464.1111058668,"result/eacdm/dataset_080_K1_4_K2_3.rds"
"eacdm",80,4,4,"K1_4_K2_4",99907.4024739434,"result/eacdm/dataset_080_K1_4_K2_4.rds"
"eacdm",81,2,2,"K1_2_K2_2",100409.157342899,"result/eacdm/dataset_081_K1_2_K2_2.rds"
"eacdm",81,2,3,"K1_2_K2_3",99746.8462646705,"result/eacdm/dataset_081_K1_2_K2_3.rds"
"eacdm",81,2,4,"K1_2_K2_4",99193.2066103555,"result/eacdm/dataset_081_K1_2_K2_4.rds"
"eacdm",81,3,2,"K1_3_K2_2",100251.167013186,"result/eacdm/dataset_081_K1_3_K2_2.rds"
"eacdm",81,3,3,"K1_3_K2_3",98775.3222427959,"result/eacdm/dataset_081_K1_3_K2_3.rds"
"eacdm",81,3,4,"K1_3_K2_4",98935.5785665095,"result/eacdm/dataset_081_K1_3_K2_4.rds"
"eacdm",81,4,2,"K1_4_K2_2",101412.039841851,"result/eacdm/dataset_081_K1_4_K2_2.rds"
"eacdm",81,4,3,"K1_4_K2_3",99795.858077049,"result/eacdm/dataset_081_K1_4_K2_3.rds"
"eacdm",81,4,4,"K1_4_K2_4",99811.6138606877,"result/eacdm/dataset_081_K1_4_K2_4.rds"
"eacdm",82,2,2,"K1_2_K2_2",100389.297607066,"result/eacdm/dataset_082_K1_2_K2_2.rds"
"eacdm",82,2,3,"K1_2_K2_3",98841.6510412256,"result/eacdm/dataset_082_K1_2_K2_3.rds"
"eacdm",82,2,4,"K1_2_K2_4",99029.695092641,"result/eacdm/dataset_082_K1_2_K2_4.rds"
"eacdm",82,3,2,"K1_3_K2_2",100265.869047558,"result/eacdm/dataset_082_K1_3_K2_2.rds"
"eacdm",82,3,3,"K1_3_K2_3",98627.3626962899,"result/eacdm/dataset_082_K1_3_K2_3.rds"
"eacdm",82,3,4,"K1_3_K2_4",98826.4054891361,"result/eacdm/dataset_082_K1_3_K2_4.rds"
"eacdm",82,4,2,"K1_4_K2_2",100936.643988156,"result/eacdm/dataset_082_K1_4_K2_2.rds"
"eacdm",82,4,3,"K1_4_K2_3",99333.0584791561,"result/eacdm/dataset_082_K1_4_K2_3.rds"
"eacdm",82,4,4,"K1_4_K2_4",99827.6996382308,"result/eacdm/dataset_082_K1_4_K2_4.rds"
"eacdm",83,2,2,"K1_2_K2_2",100545.367447784,"result/eacdm/dataset_083_K1_2_K2_2.rds"
"eacdm",83,2,3,"K1_2_K2_3",98694.4171340598,"result/eacdm/dataset_083_K1_2_K2_3.rds"
"eacdm",83,2,4,"K1_2_K2_4",98915.2387321086,"result/eacdm/dataset_083_K1_2_K2_4.rds"
"eacdm",83,3,2,"K1_3_K2_2",100066.019012083,"result/eacdm/dataset_083_K1_3_K2_2.rds"
"eacdm",83,3,3,"K1_3_K2_3",98431.3515665491,"result/eacdm/dataset_083_K1_3_K2_3.rds"
"eacdm",83,3,4,"K1_3_K2_4",98592.0340740217,"result/eacdm/dataset_083_K1_3_K2_4.rds"
"eacdm",83,4,2,"K1_4_K2_2",101406.764378393,"result/eacdm/dataset_083_K1_4_K2_2.rds"
"eacdm",83,4,3,"K1_4_K2_3",98990.717511429,"result/eacdm/dataset_083_K1_4_K2_3.rds"
"eacdm",83,4,4,"K1_4_K2_4",99488.2600683195,"result/eacdm/dataset_083_K1_4_K2_4.rds"
"eacdm",84,2,2,"K1_2_K2_2",100552.127306476,"result/eacdm/dataset_084_K1_2_K2_2.rds"
"eacdm",84,2,3,"K1_2_K2_3",98936.5435790678,"result/eacdm/dataset_084_K1_2_K2_3.rds"
"eacdm",84,2,4,"K1_2_K2_4",99185.0559759664,"result/eacdm/dataset_084_K1_2_K2_4.rds"
"eacdm",84,3,2,"K1_3_K2_2",100508.697530424,"result/eacdm/dataset_084_K1_3_K2_2.rds"
"eacdm",84,3,3,"K1_3_K2_3",98823.4103864199,"result/eacdm/dataset_084_K1_3_K2_3.rds"
"eacdm",84,3,4,"K1_3_K2_4",98962.2254339982,"result/eacdm/dataset_084_K1_3_K2_4.rds"
"eacdm",84,4,2,"K1_4_K2_2",102020.773888321,"result/eacdm/dataset_084_K1_4_K2_2.rds"
"eacdm",84,4,3,"K1_4_K2_3",100216.378830243,"result/eacdm/dataset_084_K1_4_K2_3.rds"
"eacdm",84,4,4,"K1_4_K2_4",100348.252766768,"result/eacdm/dataset_084_K1_4_K2_4.rds"
"eacdm",85,2,2,"K1_2_K2_2",100237.493954463,"result/eacdm/dataset_085_K1_2_K2_2.rds"
"eacdm",85,2,3,"K1_2_K2_3",98723.1282561286,"result/eacdm/dataset_085_K1_2_K2_3.rds"
"eacdm",85,2,4,"K1_2_K2_4",98918.2482872195,"result/eacdm/dataset_085_K1_2_K2_4.rds"
"eacdm",85,3,2,"K1_3_K2_2",100029.037621109,"result/eacdm/dataset_085_K1_3_K2_2.rds"
"eacdm",85,3,3,"K1_3_K2_3",98449.8899292377,"result/eacdm/dataset_085_K1_3_K2_3.rds"
"eacdm",85,3,4,"K1_3_K2_4",98686.8204339457,"result/eacdm/dataset_085_K1_3_K2_4.rds"
"eacdm",85,4,2,"K1_4_K2_2",100757.537241595,"result/eacdm/dataset_085_K1_4_K2_2.rds"
"eacdm",85,4,3,"K1_4_K2_3",99455.1291371906,"result/eacdm/dataset_085_K1_4_K2_3.rds"
"eacdm",85,4,4,"K1_4_K2_4",99135.5885569731,"result/eacdm/dataset_085_K1_4_K2_4.rds"
"eacdm",86,2,2,"K1_2_K2_2",100305.873226514,"result/eacdm/dataset_086_K1_2_K2_2.rds"
"eacdm",86,2,3,"K1_2_K2_3",98721.667688779,"result/eacdm/dataset_086_K1_2_K2_3.rds"
"eacdm",86,2,4,"K1_2_K2_4",98834.7680877512,"result/eacdm/dataset_086_K1_2_K2_4.rds"
"eacdm",86,3,2,"K1_3_K2_2",100465.014397828,"result/eacdm/dataset_086_K1_3_K2_2.rds"
"eacdm",86,3,3,"K1_3_K2_3",98841.4633985339,"result/eacdm/dataset_086_K1_3_K2_3.rds"
"eacdm",86,3,4,"K1_3_K2_4",99028.6888820535,"result/eacdm/dataset_086_K1_3_K2_4.rds"
"eacdm",86,4,2,"K1_4_K2_2",101268.039381177,"result/eacdm/dataset_086_K1_4_K2_2.rds"
"eacdm",86,4,3,"K1_4_K2_3",99619.1477603752,"result/eacdm/dataset_086_K1_4_K2_3.rds"
"eacdm",86,4,4,"K1_4_K2_4",100163.832649194,"result/eacdm/dataset_086_K1_4_K2_4.rds"
"eacdm",87,2,2,"K1_2_K2_2",100636.573331068,"result/eacdm/dataset_087_K1_2_K2_2.rds"
"eacdm",87,2,3,"K1_2_K2_3",98726.8485064547,"result/eacdm/dataset_087_K1_2_K2_3.rds"
"eacdm",87,2,4,"K1_2_K2_4",98953.9891955277,"result/eacdm/dataset_087_K1_2_K2_4.rds"
"eacdm",87,3,2,"K1_3_K2_2",100058.317376721,"result/eacdm/dataset_087_K1_3_K2_2.rds"
"eacdm",87,3,3,"K1_3_K2_3",98514.5405980352,"result/eacdm/dataset_087_K1_3_K2_3.rds"
"eacdm",87,3,4,"K1_3_K2_4",98773.4924359122,"result/eacdm/dataset_087_K1_3_K2_4.rds"
"eacdm",87,4,2,"K1_4_K2_2",100879.967291817,"result/eacdm/dataset_087_K1_4_K2_2.rds"
"eacdm",87,4,3,"K1_4_K2_3",99952.910257538,"result/eacdm/dataset_087_K1_4_K2_3.rds"
"eacdm",87,4,4,"K1_4_K2_4",99383.1919605722,"result/eacdm/dataset_087_K1_4_K2_4.rds"
"eacdm",88,2,2,"K1_2_K2_2",100511.88242125,"result/eacdm/dataset_088_K1_2_K2_2.rds"
"eacdm",88,2,3,"K1_2_K2_3",99183.6696940109,"result/eacdm/dataset_088_K1_2_K2_3.rds"
"eacdm",88,2,4,"K1_2_K2_4",99440.3272925719,"result/eacdm/dataset_088_K1_2_K2_4.rds"
"eacdm",88,3,2,"K1_3_K2_2",100388.317278383,"result/eacdm/dataset_088_K1_3_K2_2.rds"
"eacdm",88,3,3,"K1_3_K2_3",99005.9807626343,"result/eacdm/dataset_088_K1_3_K2_3.rds"
"eacdm",88,3,4,"K1_3_K2_4",99225.0773328781,"result/eacdm/dataset_088_K1_3_K2_4.rds"
"eacdm",88,4,2,"K1_4_K2_2",101727.253911768,"result/eacdm/dataset_088_K1_4_K2_2.rds"
"eacdm",88,4,3,"K1_4_K2_3",99611.3893682601,"result/eacdm/dataset_088_K1_4_K2_3.rds"
"eacdm",88,4,4,"K1_4_K2_4",100517.307239565,"result/eacdm/dataset_088_K1_4_K2_4.rds"
"eacdm",89,2,2,"K1_2_K2_2",101210.811888994,"result/eacdm/dataset_089_K1_2_K2_2.rds"
"eacdm",89,2,3,"K1_2_K2_3",99736.3846442366,"result/eacdm/dataset_089_K1_2_K2_3.rds"
"eacdm",89,2,4,"K1_2_K2_4",99546.0479118294,"result/eacdm/dataset_089_K1_2_K2_4.rds"
"eacdm",89,3,2,"K1_3_K2_2",101225.382756466,"result/eacdm/dataset_089_K1_3_K2_2.rds"
"eacdm",89,3,3,"K1_3_K2_3",99159.8585846484,"result/eacdm/dataset_089_K1_3_K2_3.rds"
"eacdm",89,3,4,"K1_3_K2_4",99353.5521064067,"result/eacdm/dataset_089_K1_3_K2_4.rds"
"eacdm",89,4,2,"K1_4_K2_2",101719.67622047,"result/eacdm/dataset_089_K1_4_K2_2.rds"
"eacdm",89,4,3,"K1_4_K2_3",99950.1356994494,"result/eacdm/dataset_089_K1_4_K2_3.rds"
"eacdm",89,4,4,"K1_4_K2_4",99949.6066175799,"result/eacdm/dataset_089_K1_4_K2_4.rds"
"eacdm",90,2,2,"K1_2_K2_2",100246.203270391,"result/eacdm/dataset_090_K1_2_K2_2.rds"
"eacdm",90,2,3,"K1_2_K2_3",98745.4723974824,"result/eacdm/dataset_090_K1_2_K2_3.rds"
"eacdm",90,2,4,"K1_2_K2_4",98986.4573164857,"result/eacdm/dataset_090_K1_2_K2_4.rds"
"eacdm",90,3,2,"K1_3_K2_2",100144.522942322,"result/eacdm/dataset_090_K1_3_K2_2.rds"
"eacdm",90,3,3,"K1_3_K2_3",98614.9527754126,"result/eacdm/dataset_090_K1_3_K2_3.rds"
"eacdm",90,3,4,"K1_3_K2_4",98731.7510792602,"result/eacdm/dataset_090_K1_3_K2_4.rds"
"eacdm",90,4,2,"K1_4_K2_2",100824.175888069,"result/eacdm/dataset_090_K1_4_K2_2.rds"
"eacdm",90,4,3,"K1_4_K2_3",99574.3735500406,"result/eacdm/dataset_090_K1_4_K2_3.rds"
"eacdm",90,4,4,"K1_4_K2_4",99348.814609391,"result/eacdm/dataset_090_K1_4_K2_4.rds"
"eacdm",91,2,2,"K1_2_K2_2",100082.242730838,"result/eacdm/dataset_091_K1_2_K2_2.rds"
"eacdm",91,2,3,"K1_2_K2_3",98650.0967385926,"result/eacdm/dataset_091_K1_2_K2_3.rds"
"eacdm",91,2,4,"K1_2_K2_4",98915.7523762126,"result/eacdm/dataset_091_K1_2_K2_4.rds"
"eacdm",91,3,2,"K1_3_K2_2",99855.9185249617,"result/eacdm/dataset_091_K1_3_K2_2.rds"
"eacdm",91,3,3,"K1_3_K2_3",98416.0876023638,"result/eacdm/dataset_091_K1_3_K2_3.rds"
"eacdm",91,3,4,"K1_3_K2_4",98644.8995611882,"result/eacdm/dataset_091_K1_3_K2_4.rds"
"eacdm",91,4,2,"K1_4_K2_2",101058.553941834,"result/eacdm/dataset_091_K1_4_K2_2.rds"
"eacdm",91,4,3,"K1_4_K2_3",99457.9101099017,"result/eacdm/dataset_091_K1_4_K2_3.rds"
"eacdm",91,4,4,"K1_4_K2_4",99383.0652899334,"result/eacdm/dataset_091_K1_4_K2_4.rds"
"eacdm",92,2,2,"K1_2_K2_2",100715.337286341,"result/eacdm/dataset_092_K1_2_K2_2.rds"
"eacdm",92,2,3,"K1_2_K2_3",99350.5103964594,"result/eacdm/dataset_092_K1_2_K2_3.rds"
"eacdm",92,2,4,"K1_2_K2_4",99134.3124728092,"result/eacdm/dataset_092_K1_2_K2_4.rds"
"eacdm",92,3,2,"K1_3_K2_2",100382.020243832,"result/eacdm/dataset_092_K1_3_K2_2.rds"
"eacdm",92,3,3,"K1_3_K2_3",98715.6233327214,"result/eacdm/dataset_092_K1_3_K2_3.rds"
"eacdm",92,3,4,"K1_3_K2_4",98936.5405813325,"result/eacdm/dataset_092_K1_3_K2_4.rds"
"eacdm",92,4,2,"K1_4_K2_2",101629.732635682,"result/eacdm/dataset_092_K1_4_K2_2.rds"
"eacdm",92,4,3,"K1_4_K2_3",99923.3570756437,"result/eacdm/dataset_092_K1_4_K2_3.rds"
"eacdm",92,4,4,"K1_4_K2_4",99874.4042433314,"result/eacdm/dataset_092_K1_4_K2_4.rds"
"eacdm",93,2,2,"K1_2_K2_2",100383.27923275,"result/eacdm/dataset_093_K1_2_K2_2.rds"
"eacdm",93,2,3,"K1_2_K2_3",98859.3187132878,"result/eacdm/dataset_093_K1_2_K2_3.rds"
"eacdm",93,2,4,"K1_2_K2_4",99126.3646375178,"result/eacdm/dataset_093_K1_2_K2_4.rds"
"eacdm",93,3,2,"K1_3_K2_2",100385.955114518,"result/eacdm/dataset_093_K1_3_K2_2.rds"
"eacdm",93,3,3,"K1_3_K2_3",98805.2472952466,"result/eacdm/dataset_093_K1_3_K2_3.rds"
"eacdm",93,3,4,"K1_3_K2_4",99071.3166778641,"result/eacdm/dataset_093_K1_3_K2_4.rds"
"eacdm",93,4,2,"K1_4_K2_2",101696.781846093,"result/eacdm/dataset_093_K1_4_K2_2.rds"
"eacdm",93,4,3,"K1_4_K2_3",99733.9320261063,"result/eacdm/dataset_093_K1_4_K2_3.rds"
"eacdm",93,4,4,"K1_4_K2_4",99998.6909948716,"result/eacdm/dataset_093_K1_4_K2_4.rds"
"eacdm",94,2,2,"K1_2_K2_2",100039.495548925,"result/eacdm/dataset_094_K1_2_K2_2.rds"
"eacdm",94,2,3,"K1_2_K2_3",98612.700476214,"result/eacdm/dataset_094_K1_2_K2_3.rds"
"eacdm",94,2,4,"K1_2_K2_4",98855.8099304144,"result/eacdm/dataset_094_K1_2_K2_4.rds"
"eacdm",94,3,2,"K1_3_K2_2",99935.4142096267,"result/eacdm/dataset_094_K1_3_K2_2.rds"
"eacdm",94,3,3,"K1_3_K2_3",98486.9081884223,"result/eacdm/dataset_094_K1_3_K2_3.rds"
"eacdm",94,3,4,"K1_3_K2_4",98642.2552763323,"result/eacdm/dataset_094_K1_3_K2_4.rds"
"eacdm",94,4,2,"K1_4_K2_2",100752.014031623,"result/eacdm/dataset_094_K1_4_K2_2.rds"
"eacdm",94,4,3,"K1_4_K2_3",99292.4973702041,"result/eacdm/dataset_094_K1_4_K2_3.rds"
"eacdm",94,4,4,"K1_4_K2_4",99434.7936308889,"result/eacdm/dataset_094_K1_4_K2_4.rds"
"eacdm",95,2,2,"K1_2_K2_2",100108.321173729,"result/eacdm/dataset_095_K1_2_K2_2.rds"
"eacdm",95,2,3,"K1_2_K2_3",98651.3363226135,"result/eacdm/dataset_095_K1_2_K2_3.rds"
"eacdm",95,2,4,"K1_2_K2_4",98919.9082931601,"result/eacdm/dataset_095_K1_2_K2_4.rds"
"eacdm",95,3,2,"K1_3_K2_2",100126.243082564,"result/eacdm/dataset_095_K1_3_K2_2.rds"
"eacdm",95,3,3,"K1_3_K2_3",98650.4253943156,"result/eacdm/dataset_095_K1_3_K2_3.rds"
"eacdm",95,3,4,"K1_3_K2_4",98921.766446554,"result/eacdm/dataset_095_K1_3_K2_4.rds"
"eacdm",95,4,2,"K1_4_K2_2",101182.865979006,"result/eacdm/dataset_095_K1_4_K2_2.rds"
"eacdm",95,4,3,"K1_4_K2_3",99344.5195033499,"result/eacdm/dataset_095_K1_4_K2_3.rds"
"eacdm",95,4,4,"K1_4_K2_4",100179.392772884,"result/eacdm/dataset_095_K1_4_K2_4.rds"
"eacdm",96,2,2,"K1_2_K2_2",101067.011641245,"result/eacdm/dataset_096_K1_2_K2_2.rds"
"eacdm",96,2,3,"K1_2_K2_3",98908.0643099073,"result/eacdm/dataset_096_K1_2_K2_3.rds"
"eacdm",96,2,4,"K1_2_K2_4",99161.4766314627,"result/eacdm/dataset_096_K1_2_K2_4.rds"
"eacdm",96,3,2,"K1_3_K2_2",100276.273009191,"result/eacdm/dataset_096_K1_3_K2_2.rds"
"eacdm",96,3,3,"K1_3_K2_3",98733.3760257266,"result/eacdm/dataset_096_K1_3_K2_3.rds"
"eacdm",96,3,4,"K1_3_K2_4",99000.9745349914,"result/eacdm/dataset_096_K1_3_K2_4.rds"
"eacdm",96,4,2,"K1_4_K2_2",101599.966826277,"result/eacdm/dataset_096_K1_4_K2_2.rds"
"eacdm",96,4,3,"K1_4_K2_3",99965.6017198122,"result/eacdm/dataset_096_K1_4_K2_3.rds"
"eacdm",96,4,4,"K1_4_K2_4",99894.8234100401,"result/eacdm/dataset_096_K1_4_K2_4.rds"
"eacdm",97,2,2,"K1_2_K2_2",100321.590667876,"result/eacdm/dataset_097_K1_2_K2_2.rds"
"eacdm",97,2,3,"K1_2_K2_3",98847.8090276101,"result/eacdm/dataset_097_K1_2_K2_3.rds"
"eacdm",97,2,4,"K1_2_K2_4",99835.2282033783,"result/eacdm/dataset_097_K1_2_K2_4.rds"
"eacdm",97,3,2,"K1_3_K2_2",100321.078189071,"result/eacdm/dataset_097_K1_3_K2_2.rds"
"eacdm",97,3,3,"K1_3_K2_3",98800.116002807,"result/eacdm/dataset_097_K1_3_K2_3.rds"
"eacdm",97,3,4,"K1_3_K2_4",99045.2511696198,"result/eacdm/dataset_097_K1_3_K2_4.rds"
"eacdm",97,4,2,"K1_4_K2_2",101664.107177424,"result/eacdm/dataset_097_K1_4_K2_2.rds"
"eacdm",97,4,3,"K1_4_K2_3",99444.7653796154,"result/eacdm/dataset_097_K1_4_K2_3.rds"
"eacdm",97,4,4,"K1_4_K2_4",99988.1028187067,"result/eacdm/dataset_097_K1_4_K2_4.rds"
"eacdm",98,2,2,"K1_2_K2_2",100280.563190528,"result/eacdm/dataset_098_K1_2_K2_2.rds"
"eacdm",98,2,3,"K1_2_K2_3",98825.6198238609,"result/eacdm/dataset_098_K1_2_K2_3.rds"
"eacdm",98,2,4,"K1_2_K2_4",98989.5930871642,"result/eacdm/dataset_098_K1_2_K2_4.rds"
"eacdm",98,3,2,"K1_3_K2_2",100307.248073082,"result/eacdm/dataset_098_K1_3_K2_2.rds"
"eacdm",98,3,3,"K1_3_K2_3",98777.1120128596,"result/eacdm/dataset_098_K1_3_K2_3.rds"
"eacdm",98,3,4,"K1_3_K2_4",98998.0570033937,"result/eacdm/dataset_098_K1_3_K2_4.rds"
"eacdm",98,4,2,"K1_4_K2_2",101374.315042996,"result/eacdm/dataset_098_K1_4_K2_2.rds"
"eacdm",98,4,3,"K1_4_K2_3",100087.658325373,"result/eacdm/dataset_098_K1_4_K2_3.rds"
"eacdm",98,4,4,"K1_4_K2_4",100342.277092366,"result/eacdm/dataset_098_K1_4_K2_4.rds"
"eacdm",99,2,2,"K1_2_K2_2",100290.732980759,"result/eacdm/dataset_099_K1_2_K2_2.rds"
"eacdm",99,2,3,"K1_2_K2_3",98877.579907415,"result/eacdm/dataset_099_K1_2_K2_3.rds"
"eacdm",99,2,4,"K1_2_K2_4",99109.3593689394,"result/eacdm/dataset_099_K1_2_K2_4.rds"
"eacdm",99,3,2,"K1_3_K2_2",100328.398677362,"result/eacdm/dataset_099_K1_3_K2_2.rds"
"eacdm",99,3,3,"K1_3_K2_3",98869.2600913813,"result/eacdm/dataset_099_K1_3_K2_3.rds"
"eacdm",99,3,4,"K1_3_K2_4",99119.5347954098,"result/eacdm/dataset_099_K1_3_K2_4.rds"
"eacdm",99,4,2,"K1_4_K2_2",101067.135466659,"result/eacdm/dataset_099_K1_4_K2_2.rds"
"eacdm",99,4,3,"K1_4_K2_3",100045.676116218,"result/eacdm/dataset_099_K1_4_K2_3.rds"
"eacdm",99,4,4,"K1_4_K2_4",100130.177812742,"result/eacdm/dataset_099_K1_4_K2_4.rds"
"eacdm",100,2,2,"K1_2_K2_2",100858.575647305,"result/eacdm/dataset_100_K1_2_K2_2.rds"
"eacdm",100,2,3,"K1_2_K2_3",98758.2484602903,"result/eacdm/dataset_100_K1_2_K2_3.rds"
"eacdm",100,2,4,"K1_2_K2_4",98999.0557606408,"result/eacdm/dataset_100_K1_2_K2_4.rds"
"eacdm",100,3,2,"K1_3_K2_2",100747.139511071,"result/eacdm/dataset_100_K1_3_K2_2.rds"
"eacdm",100,3,3,"K1_3_K2_3",98560.144446555,"result/eacdm/dataset_100_K1_3_K2_3.rds"
"eacdm",100,3,4,"K1_3_K2_4",98808.9182786365,"result/eacdm/dataset_100_K1_3_K2_4.rds"
"eacdm",100,4,2,"K1_4_K2_2",100951.926039569,"result/eacdm/dataset_100_K1_4_K2_2.rds"
"eacdm",100,4,3,"K1_4_K2_3",99733.7201736983,"result/eacdm/dataset_100_K1_4_K2_3.rds"
"eacdm",100,4,4,"K1_4_K2_4",99585.7580815934,"result/eacdm/dataset_100_K1_4_K2_4.rds"
