"scenario_id","replicate_id","n","J","J_block","true_K1","true_K2","fit_K1","fit_K2","BIC_mod","mean_parameter_count","elapsed_min","seed","path","true_model_BIC","best_incorrect_BIC","BIC_margin_best_wrong_minus_true","best_wrong_K1","best_wrong_K2","correct"
5,1,1000,72,36,2,2,2,2,149134.499611845,266.99,0.989167479674021,5970202,"result/bic_fits/scenario_05_n1000_J36_trueK2/replicate_001/fit_K1_2_K2_2.rds",149134.499611845,149487.970659266,353.471047420986,3,2,TRUE
11,1,1000,72,36,3,3,3,3,150167.831286442,301.864,1.34585958719254,11970303,"result/bic_fits/scenario_11_n1000_J36_trueK3/replicate_001/fit_K1_3_K2_3.rds",150167.831286442,150525.479023048,357.647736606013,4,3,TRUE
17,1,1000,72,36,4,4,4,4,151428.300201281,337.1,2.01887194315592,17970404,"result/bic_fits/scenario_17_n1000_J36_trueK4/replicate_001/fit_K1_4_K2_4.rds",151428.300201281,151768.228654673,339.928453392,5,4,TRUE
5,2,1000,72,36,2,2,2,2,148737.8538138,269.982,0.989818306763967,5980202,"result/bic_fits/scenario_05_n1000_J36_trueK2/replicate_002/fit_K1_2_K2_2.rds",148737.8538138,149151.668146919,413.814333118993,3,2,TRUE
11,2,1000,72,36,3,3,3,3,150111.226019352,301.908,1.3475689291954,11980303,"result/bic_fits/scenario_11_n1000_J36_trueK3/replicate_002/fit_K1_3_K2_3.rds",150111.226019352,150488.628096893,377.402077540988,4,3,TRUE
17,2,1000,72,36,4,4,4,4,151090.018406408,347.576,2.03769270976384,17980404,"result/bic_fits/scenario_17_n1000_J36_trueK4/replicate_002/fit_K1_4_K2_4.rds",151090.018406408,151425.058735384,335.040328976,5,4,TRUE
5,3,1000,72,36,2,2,2,2,148954.623439629,268.066,0.988943262894948,5990202,"result/bic_fits/scenario_05_n1000_J36_trueK2/replicate_003/fit_K1_2_K2_2.rds",148954.623439629,149366.21925282,411.595813191001,3,2,TRUE
11,3,1000,72,36,3,3,3,3,150079.113935588,300.352,1.35112172365189,11990303,"result/bic_fits/scenario_11_n1000_J36_trueK3/replicate_003/fit_K1_3_K2_3.rds",150079.113935588,150719.236754523,640.122818935022,5,3,TRUE
17,3,1000,72,36,4,4,4,4,151354.634649869,337.818,2.0346974213918,17990404,"result/bic_fits/scenario_17_n1000_J36_trueK4/replicate_003/fit_K1_4_K2_4.rds",151354.634649869,151854.829209186,500.194559316995,5,4,TRUE
5,4,1000,72,36,2,2,2,2,148720.122828868,267.312,0.992295217514038,6000202,"result/bic_fits/scenario_05_n1000_J36_trueK2/replicate_004/fit_K1_2_K2_2.rds",148720.122828868,149062.407566381,342.284737512993,3,2,TRUE
11,4,1000,72,36,3,3,3,3,150538.958249842,300.84,1.34592380921046,12000303,"result/bic_fits/scenario_11_n1000_J36_trueK3/replicate_004/fit_K1_3_K2_3.rds",150538.958249842,150918.76305936,379.804809518013,4,3,TRUE
17,4,1000,72,36,4,4,4,4,151159.110843427,340.058,2.06476416190465,18000404,"result/bic_fits/scenario_17_n1000_J36_trueK4/replicate_004/fit_K1_4_K2_4.rds",151159.110843427,151499.015268901,339.904425474,5,4,TRUE
5,5,1000,72,36,2,2,2,2,148947.894723187,273.128,0.994794730345408,6010202,"result/bic_fits/scenario_05_n1000_J36_trueK2/replicate_005/fit_K1_2_K2_2.rds",148947.894723187,149502.352467125,554.457743937994,3,2,TRUE
11,5,1000,72,36,3,3,3,3,150357.593417122,306.188,1.345454621315,12010303,"result/bic_fits/scenario_11_n1000_J36_trueK3/replicate_005/fit_K1_3_K2_3.rds",150357.593417122,150689.069134609,331.475717486988,4,3,TRUE
17,5,1000,72,36,4,4,4,4,151019.144368466,340.688,2.04073089758555,18010404,"result/bic_fits/scenario_17_n1000_J36_trueK4/replicate_005/fit_K1_4_K2_4.rds",151019.144368466,151313.972922031,294.828553565021,5,4,TRUE
5,6,1000,72,36,2,2,2,2,148696.23662204,266.312,0.988571731249491,6020202,"result/bic_fits/scenario_05_n1000_J36_trueK2/replicate_006/fit_K1_2_K2_2.rds",148696.23662204,149038.754450971,342.517828930984,3,2,TRUE
11,6,1000,72,36,3,3,3,3,150438.718014666,313.588,1.34569231669108,12020303,"result/bic_fits/scenario_11_n1000_J36_trueK3/replicate_006/fit_K1_3_K2_3.rds",150438.718014666,150751.125850664,312.40783599799,4,3,TRUE
17,6,1000,72,36,4,4,4,4,151393.868216902,346.402,2.0391578356425,18020404,"result/bic_fits/scenario_17_n1000_J36_trueK4/replicate_006/fit_K1_4_K2_4.rds",151393.868216902,151846.147094372,452.278877470002,5,4,TRUE
5,7,1000,72,36,2,2,2,2,148763.4454242,265.436,1.00216701030731,6030202,"result/bic_fits/scenario_05_n1000_J36_trueK2/replicate_007/fit_K1_2_K2_2.rds",148763.4454242,149118.92728462,355.481860419997,3,2,TRUE
11,7,1000,72,36,3,3,3,3,149893.254665812,305.976,1.34897184769313,12030303,"result/bic_fits/scenario_11_n1000_J36_trueK3/replicate_007/fit_K1_3_K2_3.rds",149893.254665812,150234.752399541,341.497733728989,4,3,TRUE
17,7,1000,72,36,4,4,4,4,151577.34945064,340.52,2.03600421349208,18030404,"result/bic_fits/scenario_17_n1000_J36_trueK4/replicate_007/fit_K1_4_K2_4.rds",151577.34945064,151951.125330342,373.775879702007,5,4,TRUE
5,8,1000,72,36,2,2,2,2,148889.70500836,269.868,0.991064381599426,6040202,"result/bic_fits/scenario_05_n1000_J36_trueK2/replicate_008/fit_K1_2_K2_2.rds",148889.70500836,149239.534255539,349.829247179005,3,2,TRUE
11,8,1000,72,36,3,3,3,3,150476.48872594,301.808,1.34607378641764,12040303,"result/bic_fits/scenario_11_n1000_J36_trueK3/replicate_008/fit_K1_3_K2_3.rds",150476.48872594,150827.495928779,351.007202839013,4,3,TRUE
17,8,1000,72,36,4,4,4,4,151278.231579554,345.378,2.0335299094518,18040404,"result/bic_fits/scenario_17_n1000_J36_trueK4/replicate_008/fit_K1_4_K2_4.rds",151278.231579554,151676.496360198,398.264780644007,5,4,TRUE
5,9,1000,72,36,2,2,2,2,148554.672157184,266.854,0.990194050470988,6050202,"result/bic_fits/scenario_05_n1000_J36_trueK2/replicate_009/fit_K1_2_K2_2.rds",148554.672157184,148895.727110988,341.054953804007,3,2,TRUE
11,9,1000,72,36,3,3,3,3,150441.425674117,301.092,1.08282368183136,12050303,"result/bic_fits/scenario_11_n1000_J36_trueK3/replicate_009/fit_K1_3_K2_3.rds",150441.425674117,150936.974570878,495.548896761,4,3,TRUE
17,9,1000,72,36,4,4,4,4,150908.607707881,341.228,2.0389493783315,18050404,"result/bic_fits/scenario_17_n1000_J36_trueK4/replicate_009/fit_K1_4_K2_4.rds",150908.607707881,151303.142297402,394.534589521005,5,4,TRUE
5,10,1000,72,36,2,2,2,2,148901.110349526,273.086,0.98737363020579,6060202,"result/bic_fits/scenario_05_n1000_J36_trueK2/replicate_010/fit_K1_2_K2_2.rds",148901.110349526,149350.814569775,449.704220248997,3,2,TRUE
11,10,1000,72,36,3,3,3,3,150605.194035036,306.792,0.892235700289408,12060303,"result/bic_fits/scenario_11_n1000_J36_trueK3/replicate_010/fit_K1_3_K2_3.rds",150605.194035036,150979.51787131,374.323836274008,4,3,TRUE
17,10,1000,72,36,4,4,4,4,151776.349628362,336.384,2.04026325543722,18060404,"result/bic_fits/scenario_17_n1000_J36_trueK4/replicate_010/fit_K1_4_K2_4.rds",151776.349628362,152187.155606552,410.805978190008,5,4,TRUE
5,11,1000,72,36,2,2,2,2,149105.890524858,273.554,0.99297612508138,6070202,"result/bic_fits/scenario_05_n1000_J36_trueK2/replicate_011/fit_K1_2_K2_2.rds",149105.890524858,149446.054716984,340.164192126016,3,2,TRUE
11,11,1000,72,36,3,3,3,3,150436.523914263,302.386,1.34161946773529,12070303,"result/bic_fits/scenario_11_n1000_J36_trueK3/replicate_011/fit_K1_3_K2_3.rds",150436.523914263,150813.34847438,376.824560117006,4,3,TRUE
17,11,1000,72,36,4,4,4,4,151382.892151873,344.182,2.04117068052292,18070404,"result/bic_fits/scenario_17_n1000_J36_trueK4/replicate_011/fit_K1_4_K2_4.rds",151382.892151873,151760.14594041,377.253788536997,5,4,TRUE
5,12,1000,72,36,2,2,2,2,149262.930183006,269.426,0.992023861408234,6080202,"result/bic_fits/scenario_05_n1000_J36_trueK2/replicate_012/fit_K1_2_K2_2.rds",149262.930183006,149639.771138089,376.840955082997,3,2,TRUE
11,12,1000,72,36,3,3,3,3,150004.687854561,304.24,1.35301548639933,12080303,"result/bic_fits/scenario_11_n1000_J36_trueK3/replicate_012/fit_K1_3_K2_3.rds",150004.687854561,150385.700067061,381.012212500005,4,3,TRUE
17,12,1000,72,36,4,4,4,4,151275.397691209,336.212,2.04590521256129,18080404,"result/bic_fits/scenario_17_n1000_J36_trueK4/replicate_012/fit_K1_4_K2_4.rds",151275.397691209,151635.223409297,359.825718088017,5,4,TRUE
5,13,1000,72,36,2,2,2,2,149059.723978514,268.278,0.683286686738332,6090202,"result/bic_fits/scenario_05_n1000_J36_trueK2/replicate_013/fit_K1_2_K2_2.rds",149059.723978514,149444.548066981,384.824088466994,3,2,TRUE
11,13,1000,72,36,3,3,3,3,149994.734512792,297.986,1.34842799107234,12090303,"result/bic_fits/scenario_11_n1000_J36_trueK3/replicate_013/fit_K1_3_K2_3.rds",149994.734512792,150743.003859115,748.26934632301,5,3,TRUE
17,13,1000,72,36,4,4,4,4,151411.835161327,335.88,2.05210882822673,18090404,"result/bic_fits/scenario_17_n1000_J36_trueK4/replicate_013/fit_K1_4_K2_4.rds",151411.835161327,151707.938685752,296.10352442498,5,4,TRUE
5,14,1000,72,36,2,2,2,2,148750.432873633,268.718,0.991235454877218,6100202,"result/bic_fits/scenario_05_n1000_J36_trueK2/replicate_014/fit_K1_2_K2_2.rds",148750.432873633,149122.069523093,371.636649460008,3,2,TRUE
11,14,1000,72,36,3,3,3,3,149918.575655708,308.908,1.33393106857936,12100303,"result/bic_fits/scenario_11_n1000_J36_trueK3/replicate_014/fit_K1_3_K2_3.rds",149918.575655708,150239.004672381,320.429016673006,4,3,TRUE
17,14,1000,72,36,4,4,4,4,151350.295671843,336.172,2.03265778621038,18100404,"result/bic_fits/scenario_17_n1000_J36_trueK4/replicate_014/fit_K1_4_K2_4.rds",151350.295671843,151654.729522148,304.433850305009,5,4,TRUE
5,15,1000,72,36,2,2,2,2,148611.702241855,265.262,0.988749853769938,6110202,"result/bic_fits/scenario_05_n1000_J36_trueK2/replicate_015/fit_K1_2_K2_2.rds",148611.702241855,148884.718377037,273.016135181999,2,3,TRUE
11,15,1000,72,36,3,3,3,3,149803.096537594,301.058,1.34680845737457,12110303,"result/bic_fits/scenario_11_n1000_J36_trueK3/replicate_015/fit_K1_3_K2_3.rds",149803.096537594,150191.757166968,388.660629373975,4,3,TRUE
17,15,1000,72,36,4,4,4,4,151174.12748208,336.448,2.04587401549021,18110404,"result/bic_fits/scenario_17_n1000_J36_trueK4/replicate_015/fit_K1_4_K2_4.rds",151174.12748208,151678.575445971,504.447963890998,5,4,TRUE
5,16,1000,72,36,2,2,2,2,148604.19434426,273.892,0.990633908907572,6120202,"result/bic_fits/scenario_05_n1000_J36_trueK2/replicate_016/fit_K1_2_K2_2.rds",148604.19434426,148833.147800325,228.953456065006,2,3,TRUE
11,16,1000,72,36,3,3,3,3,150276.595865536,300.972,1.34613454739253,12120303,"result/bic_fits/scenario_11_n1000_J36_trueK3/replicate_016/fit_K1_3_K2_3.rds",150276.595865536,150705.43907051,428.843204974022,4,3,TRUE
17,16,1000,72,36,4,4,4,4,151533.067988812,340.664,2.04751213391622,18120404,"result/bic_fits/scenario_17_n1000_J36_trueK4/replicate_016/fit_K1_4_K2_4.rds",151533.067988812,151895.235312165,362.167323353002,5,4,TRUE
5,17,1000,72,36,2,2,2,2,148504.42222322,272.704,0.991248293717702,6130202,"result/bic_fits/scenario_05_n1000_J36_trueK2/replicate_017/fit_K1_2_K2_2.rds",148504.42222322,148876.6031906,372.180967380002,2,3,TRUE
11,17,1000,72,36,3,3,3,3,149848.716564514,307.024,0.997583615779877,12130303,"result/bic_fits/scenario_11_n1000_J36_trueK3/replicate_017/fit_K1_3_K2_3.rds",149848.716564514,150243.081607909,394.365043394995,4,3,TRUE
17,17,1000,72,36,4,4,4,4,151561.075868834,338.506,1.30902663866679,18130404,"result/bic_fits/scenario_17_n1000_J36_trueK4/replicate_017/fit_K1_4_K2_4.rds",151561.075868834,152170.900948906,609.825080071983,3,4,TRUE
5,18,1000,72,36,2,2,2,2,149401.181408745,270.406,0.686214057604472,6140202,"result/bic_fits/scenario_05_n1000_J36_trueK2/replicate_018/fit_K1_2_K2_2.rds",149401.181408745,149753.583103144,352.401694398985,3,2,TRUE
11,18,1000,72,36,3,3,3,3,150281.026211535,304.942,1.35388287703196,12140303,"result/bic_fits/scenario_11_n1000_J36_trueK3/replicate_018/fit_K1_3_K2_3.rds",150281.026211535,150609.346999671,328.320788135985,4,3,TRUE
17,18,1000,72,36,4,4,4,4,151343.886828237,343.534,2.02505533297857,18140404,"result/bic_fits/scenario_17_n1000_J36_trueK4/replicate_018/fit_K1_4_K2_4.rds",151343.886828237,151754.148458043,410.261629805987,5,4,TRUE
5,19,1000,72,36,2,2,2,2,149101.370029081,266.902,0.992454413572947,6150202,"result/bic_fits/scenario_05_n1000_J36_trueK2/replicate_019/fit_K1_2_K2_2.rds",149101.370029081,149476.164842581,374.79481349999,3,2,TRUE
11,19,1000,72,36,3,3,3,3,149830.392975311,297.22,1.34301667610804,12150303,"result/bic_fits/scenario_11_n1000_J36_trueK3/replicate_019/fit_K1_3_K2_3.rds",149830.392975311,150499.337858273,668.944882962009,4,3,TRUE
17,19,1000,72,36,4,4,4,4,151081.060098497,338.612,2.04209449688594,18150404,"result/bic_fits/scenario_17_n1000_J36_trueK4/replicate_019/fit_K1_4_K2_4.rds",151081.060098497,151418.278113586,337.21801508902,5,4,TRUE
5,20,1000,72,36,2,2,2,2,149186.103618773,270.652,0.997025787830353,6160202,"result/bic_fits/scenario_05_n1000_J36_trueK2/replicate_020/fit_K1_2_K2_2.rds",149186.103618773,149555.623713168,369.520094395004,2,3,TRUE
11,20,1000,72,36,3,3,3,3,149886.660648278,300.842,1.33792487780253,12160303,"result/bic_fits/scenario_11_n1000_J36_trueK3/replicate_020/fit_K1_3_K2_3.rds",149886.660648278,150206.61409741,319.953449132008,4,3,TRUE
17,20,1000,72,36,4,4,4,4,151661.380302427,344.552,2.03522177537282,18160404,"result/bic_fits/scenario_17_n1000_J36_trueK4/replicate_020/fit_K1_4_K2_4.rds",151661.380302427,152020.497871609,359.11756918201,5,4,TRUE
5,21,1000,72,36,2,2,2,2,149210.312038444,272.684,0.997334802150726,6170202,"result/bic_fits/scenario_05_n1000_J36_trueK2/replicate_021/fit_K1_2_K2_2.rds",149210.312038444,149601.975705821,391.663667376997,3,2,TRUE
11,21,1000,72,36,3,3,3,3,149508.35919534,300.426,1.35431058804194,12170303,"result/bic_fits/scenario_11_n1000_J36_trueK3/replicate_021/fit_K1_3_K2_3.rds",149508.35919534,149879.533166447,371.173971107026,4,3,TRUE
17,21,1000,72,36,4,4,4,4,151680.682006168,344.96,2.02172063191732,18170404,"result/bic_fits/scenario_17_n1000_J36_trueK4/replicate_021/fit_K1_4_K2_4.rds",151680.682006168,152102.824374219,422.142368050991,5,4,TRUE
5,22,1000,72,36,2,2,2,2,148820.669230818,272.114,0.987341717878978,6180202,"result/bic_fits/scenario_05_n1000_J36_trueK2/replicate_022/fit_K1_2_K2_2.rds",148820.669230818,149204.042893034,383.373662216007,3,2,TRUE
11,22,1000,72,36,3,3,3,3,150344.16267666,305.136,0.949165825049082,12180303,"result/bic_fits/scenario_11_n1000_J36_trueK3/replicate_022/fit_K1_3_K2_3.rds",150344.16267666,150679.552662647,335.389985987014,4,3,TRUE
17,22,1000,72,36,4,4,4,4,150992.635602702,332.28,2.02959070603053,18180404,"result/bic_fits/scenario_17_n1000_J36_trueK4/replicate_022/fit_K1_4_K2_4.rds",150992.635602702,151439.100438186,446.464835483988,5,4,TRUE
5,23,1000,72,36,2,2,2,2,148550.476824364,268.584,0.987372763951619,6190202,"result/bic_fits/scenario_05_n1000_J36_trueK2/replicate_023/fit_K1_2_K2_2.rds",148550.476824364,148893.563396539,343.086572174972,3,2,TRUE
11,23,1000,72,36,3,3,3,3,150561.685306503,299.654,1.31848051945368,12190303,"result/bic_fits/scenario_11_n1000_J36_trueK3/replicate_023/fit_K1_3_K2_3.rds",150561.685306503,150890.601183053,328.915876549989,4,3,TRUE
17,23,1000,72,36,4,4,4,4,151327.901091359,333.774,2.04454049666723,18190404,"result/bic_fits/scenario_17_n1000_J36_trueK4/replicate_023/fit_K1_4_K2_4.rds",151327.901091359,151840.184585797,512.283494437987,3,4,TRUE
5,24,1000,72,36,2,2,2,2,148738.072935425,266.618,0.988457071781158,6200202,"result/bic_fits/scenario_05_n1000_J36_trueK2/replicate_024/fit_K1_2_K2_2.rds",148738.072935425,149096.685007139,358.612071713986,3,2,TRUE
11,24,1000,72,36,3,3,3,3,149988.532674982,301.262,1.35118900140127,12200303,"result/bic_fits/scenario_11_n1000_J36_trueK3/replicate_024/fit_K1_3_K2_3.rds",149988.532674982,150342.677096487,354.144421504985,4,3,TRUE
17,24,1000,72,36,4,4,4,4,151706.644147635,340.82,2.04738363424937,18200404,"result/bic_fits/scenario_17_n1000_J36_trueK4/replicate_024/fit_K1_4_K2_4.rds",151706.644147635,152137.389444195,430.745296559995,3,4,TRUE
5,25,1000,72,36,2,2,2,2,148837.442338368,268.892,0.993720440069834,6210202,"result/bic_fits/scenario_05_n1000_J36_trueK2/replicate_025/fit_K1_2_K2_2.rds",148837.442338368,149237.733634669,400.291296301002,2,3,TRUE
11,25,1000,72,36,3,3,3,3,150205.402923934,306.706,1.34910003741582,12210303,"result/bic_fits/scenario_11_n1000_J36_trueK3/replicate_025/fit_K1_3_K2_3.rds",150205.402923934,150563.298360949,357.895437015017,4,3,TRUE
17,25,1000,72,36,4,4,4,4,151409.900566891,340.92,2.03929707209269,18210404,"result/bic_fits/scenario_17_n1000_J36_trueK4/replicate_025/fit_K1_4_K2_4.rds",151409.900566891,151752.066621006,342.16605411499,5,4,TRUE
5,26,1000,72,36,2,2,2,2,148573.776123096,271.792,0.923677265644073,6220202,"result/bic_fits/scenario_05_n1000_J36_trueK2/replicate_026/fit_K1_2_K2_2.rds",148573.776123096,148984.531571426,410.75544832999,3,2,TRUE
11,26,1000,72,36,3,3,3,3,150211.148616281,300.666,1.34207746187846,12220303,"result/bic_fits/scenario_11_n1000_J36_trueK3/replicate_026/fit_K1_3_K2_3.rds",150211.148616281,150597.177611283,386.028995002009,4,3,TRUE
17,26,1000,72,36,4,4,4,4,151487.118065696,336.45,2.01624562740326,18220404,"result/bic_fits/scenario_17_n1000_J36_trueK4/replicate_026/fit_K1_4_K2_4.rds",151487.118065696,152088.857724645,601.739658948994,3,4,TRUE
5,27,1000,72,36,2,2,2,2,149142.254580426,274.754,0.990531575679779,6230202,"result/bic_fits/scenario_05_n1000_J36_trueK2/replicate_027/fit_K1_2_K2_2.rds",149142.254580426,149494.29111075,352.036530323996,3,2,TRUE
11,27,1000,72,36,3,3,3,3,150421.496459056,307.7,1.3526210308075,12230303,"result/bic_fits/scenario_11_n1000_J36_trueK3/replicate_027/fit_K1_3_K2_3.rds",150421.496459056,150928.896031535,507.399572478986,4,3,TRUE
17,27,1000,72,36,4,4,4,4,151315.423480833,332.528,2.01866509914398,18230404,"result/bic_fits/scenario_17_n1000_J36_trueK4/replicate_027/fit_K1_4_K2_4.rds",151315.423480833,151756.795799317,441.372318484006,5,4,TRUE
5,28,1000,72,36,2,2,2,2,149178.712959067,270.25,0.987407493591309,6240202,"result/bic_fits/scenario_05_n1000_J36_trueK2/replicate_028/fit_K1_2_K2_2.rds",149178.712959067,149530.432025834,351.719066766993,3,2,TRUE
11,28,1000,72,36,3,3,3,3,150252.454788288,308.564,1.34759614467621,12240303,"result/bic_fits/scenario_11_n1000_J36_trueK3/replicate_028/fit_K1_3_K2_3.rds",150252.454788288,150690.770435351,438.315647062991,4,3,TRUE
17,28,1000,72,36,4,4,4,4,151631.041628545,343.678,1.29152654806773,18240404,"result/bic_fits/scenario_17_n1000_J36_trueK4/replicate_028/fit_K1_4_K2_4.rds",151631.041628545,152092.241274316,461.199645771005,5,4,TRUE
5,29,1000,72,36,2,2,2,2,148784.074900158,266.424,0.990613186359406,6250202,"result/bic_fits/scenario_05_n1000_J36_trueK2/replicate_029/fit_K1_2_K2_2.rds",148784.074900158,149150.720724022,366.645823863975,3,2,TRUE
11,29,1000,72,36,3,3,3,3,150492.649313365,309.016,1.34594486951828,12250303,"result/bic_fits/scenario_11_n1000_J36_trueK3/replicate_029/fit_K1_3_K2_3.rds",150492.649313365,150916.236888178,423.58757481302,4,3,TRUE
17,29,1000,72,36,4,4,4,4,151480.433072627,335.272,2.05126144886017,18250404,"result/bic_fits/scenario_17_n1000_J36_trueK4/replicate_029/fit_K1_4_K2_4.rds",151480.433072627,151864.538124982,384.105052355008,5,4,TRUE
5,30,1000,72,36,2,2,2,2,149052.007583051,269.584,0.985345009962718,6260202,"result/bic_fits/scenario_05_n1000_J36_trueK2/replicate_030/fit_K1_2_K2_2.rds",149052.007583051,149408.278592119,356.271009068005,3,2,TRUE
11,30,1000,72,36,3,3,3,3,149946.672452914,298.778,1.3590028723081,12260303,"result/bic_fits/scenario_11_n1000_J36_trueK3/replicate_030/fit_K1_3_K2_3.rds",149946.672452914,150506.265813837,559.593360922998,4,3,TRUE
17,30,1000,72,36,4,4,4,4,151195.68461317,336.53,2.03683726787567,18260404,"result/bic_fits/scenario_17_n1000_J36_trueK4/replicate_030/fit_K1_4_K2_4.rds",151195.68461317,151668.531902409,472.847289239027,3,4,TRUE
5,31,1000,72,36,2,2,2,2,149242.728682566,271.746,0.994548074404399,6270202,"result/bic_fits/scenario_05_n1000_J36_trueK2/replicate_031/fit_K1_2_K2_2.rds",149242.728682566,149620.507726416,377.779043849994,3,2,TRUE
11,31,1000,72,36,3,3,3,3,150062.063463656,303.378,1.35254263480504,12270303,"result/bic_fits/scenario_11_n1000_J36_trueK3/replicate_031/fit_K1_3_K2_3.rds",150062.063463656,150402.603651587,340.540187931008,4,3,TRUE
17,31,1000,72,36,4,4,4,4,151839.876266274,335.458,2.01420409282049,18270404,"result/bic_fits/scenario_17_n1000_J36_trueK4/replicate_031/fit_K1_4_K2_4.rds",151839.876266274,152307.538765721,467.662499447004,3,4,TRUE
5,32,1000,72,36,2,2,2,2,149136.613789864,266.394,0.767316746711731,6280202,"result/bic_fits/scenario_05_n1000_J36_trueK2/replicate_032/fit_K1_2_K2_2.rds",149136.613789864,149514.819273691,378.205483827012,3,2,TRUE
11,32,1000,72,36,3,3,3,3,150495.46666084,300.494,1.34204785426458,12280303,"result/bic_fits/scenario_11_n1000_J36_trueK3/replicate_032/fit_K1_3_K2_3.rds",150495.46666084,150866.368879153,370.902218312985,4,3,TRUE
17,32,1000,72,36,4,4,4,4,151237.033245617,335.466,2.03988620837529,18280404,"result/bic_fits/scenario_17_n1000_J36_trueK4/replicate_032/fit_K1_4_K2_4.rds",151237.033245617,151545.947841991,308.914596374001,5,4,TRUE
5,33,1000,72,36,2,2,2,2,148764.92593858,274.956,0.988142494360606,6290202,"result/bic_fits/scenario_05_n1000_J36_trueK2/replicate_033/fit_K1_2_K2_2.rds",148764.92593858,149129.368842964,364.442904383992,3,2,TRUE
11,33,1000,72,36,3,3,3,3,149667.110572528,296.644,1.35433370669683,12290303,"result/bic_fits/scenario_11_n1000_J36_trueK3/replicate_033/fit_K1_3_K2_3.rds",149667.110572528,150051.261087268,384.150514740002,4,3,TRUE
17,33,1000,72,36,4,4,4,4,151057.870490579,338.992,2.04100270271301,18290404,"result/bic_fits/scenario_17_n1000_J36_trueK4/replicate_033/fit_K1_4_K2_4.rds",151057.870490579,151400.69548922,342.824998641008,5,4,TRUE
5,34,1000,72,36,2,2,2,2,149125.958233198,269.062,0.992923061052958,6300202,"result/bic_fits/scenario_05_n1000_J36_trueK2/replicate_034/fit_K1_2_K2_2.rds",149125.958233198,149532.635455437,406.677222238999,2,3,TRUE
11,34,1000,72,36,3,3,3,3,149832.870118881,304.506,1.34072782198588,12300303,"result/bic_fits/scenario_11_n1000_J36_trueK3/replicate_034/fit_K1_3_K2_3.rds",149832.870118881,150190.645200077,357.775081196014,4,3,TRUE
17,34,1000,72,36,4,4,4,4,151541.236395186,344.722,2.03756463925044,18300404,"result/bic_fits/scenario_17_n1000_J36_trueK4/replicate_034/fit_K1_4_K2_4.rds",151541.236395186,151868.725454243,327.489059056999,5,4,TRUE
5,35,1000,72,36,2,2,2,2,148845.373715739,268.666,0.989007294178009,6310202,"result/bic_fits/scenario_05_n1000_J36_trueK2/replicate_035/fit_K1_2_K2_2.rds",148845.373715739,149210.760195682,365.386479943001,2,3,TRUE
11,35,1000,72,36,3,3,3,3,149934.062668701,309.442,1.34481233358383,12310303,"result/bic_fits/scenario_11_n1000_J36_trueK3/replicate_035/fit_K1_3_K2_3.rds",149934.062668701,150275.042117834,340.97944913301,4,3,TRUE
17,35,1000,72,36,4,4,4,4,151307.416245124,338.768,2.03446050484975,18310404,"result/bic_fits/scenario_17_n1000_J36_trueK4/replicate_035/fit_K1_4_K2_4.rds",151307.416245124,151623.105124378,315.688879253983,5,4,TRUE
5,36,1000,72,36,2,2,2,2,149302.111649877,269.352,1.00653210878372,6320202,"result/bic_fits/scenario_05_n1000_J36_trueK2/replicate_036/fit_K1_2_K2_2.rds",149302.111649877,149699.654044347,397.542394469987,3,2,TRUE
11,36,1000,72,36,3,3,3,3,150372.051394949,297.882,1.08916735251745,12320303,"result/bic_fits/scenario_11_n1000_J36_trueK3/replicate_036/fit_K1_3_K2_3.rds",150372.051394949,150672.519893428,300.468498478993,4,3,TRUE
17,36,1000,72,36,4,4,4,4,151000.532149525,330.48,2.02872751553853,18320404,"result/bic_fits/scenario_17_n1000_J36_trueK4/replicate_036/fit_K1_4_K2_4.rds",151000.532149525,151333.705941246,333.173791720998,5,4,TRUE
5,37,1000,72,36,2,2,2,2,148997.123942264,267.848,0.992392659187317,6330202,"result/bic_fits/scenario_05_n1000_J36_trueK2/replicate_037/fit_K1_2_K2_2.rds",148997.123942264,149347.886579561,350.762637296983,3,2,TRUE
11,37,1000,72,36,3,3,3,3,150118.850920543,311.432,1.35501710176468,12330303,"result/bic_fits/scenario_11_n1000_J36_trueK3/replicate_037/fit_K1_3_K2_3.rds",150118.850920543,150425.300475784,306.449555241008,4,3,TRUE
17,37,1000,72,36,4,4,4,4,151790.579271086,348.024,2.04252262910207,18330404,"result/bic_fits/scenario_17_n1000_J36_trueK4/replicate_037/fit_K1_4_K2_4.rds",151790.579271086,152123.077729055,332.498457968992,5,4,TRUE
5,38,1000,72,36,2,2,2,2,148731.215864082,268.128,0.993149689833323,6340202,"result/bic_fits/scenario_05_n1000_J36_trueK2/replicate_038/fit_K1_2_K2_2.rds",148731.215864082,149079.727238053,348.511373970978,3,2,TRUE
11,38,1000,72,36,3,3,3,3,149840.566214586,301.264,1.33726580142975,12340303,"result/bic_fits/scenario_11_n1000_J36_trueK3/replicate_038/fit_K1_3_K2_3.rds",149840.566214586,150250.292556557,409.726341970993,4,3,TRUE
17,38,1000,72,36,4,4,4,4,151579.680789919,336.878,2.03222321669261,18340404,"result/bic_fits/scenario_17_n1000_J36_trueK4/replicate_038/fit_K1_4_K2_4.rds",151579.680789919,151942.551214929,362.870425010013,5,4,TRUE
5,39,1000,72,36,2,2,2,2,149160.739424365,267.886,0.990228899319967,6350202,"result/bic_fits/scenario_05_n1000_J36_trueK2/replicate_039/fit_K1_2_K2_2.rds",149160.739424365,149513.055784644,352.316360279015,3,2,TRUE
11,39,1000,72,36,3,3,3,3,150201.060063745,306.432,1.34413693745931,12350303,"result/bic_fits/scenario_11_n1000_J36_trueK3/replicate_039/fit_K1_3_K2_3.rds",150201.060063745,150623.737340203,422.67727645798,4,3,TRUE
17,39,1000,72,36,4,4,4,4,151220.852749407,341.382,2.03926092386246,18350404,"result/bic_fits/scenario_17_n1000_J36_trueK4/replicate_039/fit_K1_4_K2_4.rds",151220.852749407,151565.675994056,344.823244648986,5,4,TRUE
5,40,1000,72,36,2,2,2,2,149041.496918671,264.062,0.989439614613851,6360202,"result/bic_fits/scenario_05_n1000_J36_trueK2/replicate_040/fit_K1_2_K2_2.rds",149041.496918671,149372.815802193,331.318883522006,2,3,TRUE
11,40,1000,72,36,3,3,3,3,150008.584428229,298.344,1.34922960599264,12360303,"result/bic_fits/scenario_11_n1000_J36_trueK3/replicate_040/fit_K1_3_K2_3.rds",150008.584428229,150436.626325329,428.041897100018,4,3,TRUE
17,40,1000,72,36,4,4,4,4,151400.113725712,333.344,1.29642940362295,18360404,"result/bic_fits/scenario_17_n1000_J36_trueK4/replicate_040/fit_K1_4_K2_4.rds",151400.113725712,152018.5176458,618.403920087992,4,3,TRUE
5,41,1000,72,36,2,2,2,2,148676.690522369,267.574,0.991308196385701,6370202,"result/bic_fits/scenario_05_n1000_J36_trueK2/replicate_041/fit_K1_2_K2_2.rds",148676.690522369,149037.727998413,361.037476044003,3,2,TRUE
11,41,1000,72,36,3,3,3,3,150550.852808885,304.234,1.35120676755905,12370303,"result/bic_fits/scenario_11_n1000_J36_trueK3/replicate_041/fit_K1_3_K2_3.rds",150550.852808885,151340.158274971,789.305466085993,5,3,TRUE
17,41,1000,72,36,4,4,4,4,151471.441350236,338.696,2.02931976715724,18370404,"result/bic_fits/scenario_17_n1000_J36_trueK4/replicate_041/fit_K1_4_K2_4.rds",151471.441350236,151790.483310183,319.041959946975,5,4,TRUE
5,42,1000,72,36,2,2,2,2,148691.502173994,276.766,0.993387095133464,6380202,"result/bic_fits/scenario_05_n1000_J36_trueK2/replicate_042/fit_K1_2_K2_2.rds",148691.502173994,149141.044633533,449.542459538992,2,3,TRUE
11,42,1000,72,36,3,3,3,3,150529.260439339,299.718,1.35175145467122,12380303,"result/bic_fits/scenario_11_n1000_J36_trueK3/replicate_042/fit_K1_3_K2_3.rds",150529.260439339,150881.104197208,351.843757869006,4,3,TRUE
17,42,1000,72,36,4,4,4,4,151640.851490866,331.272,2.0330656727155,18380404,"result/bic_fits/scenario_17_n1000_J36_trueK4/replicate_042/fit_K1_4_K2_4.rds",151640.851490866,152194.570416694,553.718925827998,3,4,TRUE
5,43,1000,72,36,2,2,2,2,149030.83771261,270.776,0.988330960273743,6390202,"result/bic_fits/scenario_05_n1000_J36_trueK2/replicate_043/fit_K1_2_K2_2.rds",149030.83771261,149402.751431559,371.913718949014,3,2,TRUE
11,43,1000,72,36,3,3,3,3,150213.048424946,308.08,1.34622000853221,12390303,"result/bic_fits/scenario_11_n1000_J36_trueK3/replicate_043/fit_K1_3_K2_3.rds",150213.048424946,150577.871399176,364.822974229988,4,3,TRUE
17,43,1000,72,36,4,4,4,4,151794.485041854,344.666,2.04799706538518,18390404,"result/bic_fits/scenario_17_n1000_J36_trueK4/replicate_043/fit_K1_4_K2_4.rds",151794.485041854,152150.072114386,355.587072532013,5,4,TRUE
5,44,1000,72,36,2,2,2,2,148895.888105918,268.588,0.986873380343119,6400202,"result/bic_fits/scenario_05_n1000_J36_trueK2/replicate_044/fit_K1_2_K2_2.rds",148895.888105918,149251.964774797,356.076668878988,3,2,TRUE
11,44,1000,72,36,3,3,3,3,150418.036915473,304.744,1.34601360956828,12400303,"result/bic_fits/scenario_11_n1000_J36_trueK3/replicate_044/fit_K1_3_K2_3.rds",150418.036915473,150778.23085647,360.193940997007,4,3,TRUE
17,44,1000,72,36,4,4,4,4,151386.391800755,337.254,2.03870617945989,18400404,"result/bic_fits/scenario_17_n1000_J36_trueK4/replicate_044/fit_K1_4_K2_4.rds",151386.391800755,151807.951983142,421.560182387009,5,4,TRUE
5,45,1000,72,36,2,2,2,2,149266.388396113,271.4,0.988907746473948,6410202,"result/bic_fits/scenario_05_n1000_J36_trueK2/replicate_045/fit_K1_2_K2_2.rds",149266.388396113,149595.480232572,329.091836459003,3,2,TRUE
11,45,1000,72,36,3,3,3,3,150353.557123473,301.67,1.35882142782211,12410303,"result/bic_fits/scenario_11_n1000_J36_trueK3/replicate_045/fit_K1_3_K2_3.rds",150353.557123473,150663.589486698,310.032363225007,4,3,TRUE
17,45,1000,72,36,4,4,4,4,151138.395777442,335.044,2.03474954764048,18410404,"result/bic_fits/scenario_17_n1000_J36_trueK4/replicate_045/fit_K1_4_K2_4.rds",151138.395777442,151571.764476024,433.368698581995,5,4,TRUE
5,46,1000,72,36,2,2,2,2,148537.129306063,273.796,0.993439733982086,6420202,"result/bic_fits/scenario_05_n1000_J36_trueK2/replicate_046/fit_K1_2_K2_2.rds",148537.129306063,148926.283751914,389.154445850989,2,3,TRUE
11,46,1000,72,36,3,3,3,3,150687.612112628,308.956,1.34018995364507,12420303,"result/bic_fits/scenario_11_n1000_J36_trueK3/replicate_046/fit_K1_3_K2_3.rds",150687.612112628,151094.741658435,407.129545806994,4,3,TRUE
17,46,1000,72,36,4,4,4,4,151294.776869502,340.294,2.04354860385259,18420404,"result/bic_fits/scenario_17_n1000_J36_trueK4/replicate_046/fit_K1_4_K2_4.rds",151294.776869502,151797.371983097,502.595113594987,5,4,TRUE
5,47,1000,72,36,2,2,2,2,148815.291112786,268.18,0.987801400820414,6430202,"result/bic_fits/scenario_05_n1000_J36_trueK2/replicate_047/fit_K1_2_K2_2.rds",148815.291112786,149135.007578462,319.716465676,2,3,TRUE
11,47,1000,72,36,3,3,3,3,150237.731271304,304.394,0.895988396803538,12430303,"result/bic_fits/scenario_11_n1000_J36_trueK3/replicate_047/fit_K1_3_K2_3.rds",150237.731271304,150588.943090005,351.211818701006,4,3,TRUE
17,47,1000,72,36,4,4,4,4,151508.35582275,343.72,1.32393057346344,18430404,"result/bic_fits/scenario_17_n1000_J36_trueK4/replicate_047/fit_K1_4_K2_4.rds",151508.35582275,151928.817338047,420.461515297007,5,4,TRUE
5,48,1000,72,36,2,2,2,2,148972.923255674,269.208,0.989309426148733,6440202,"result/bic_fits/scenario_05_n1000_J36_trueK2/replicate_048/fit_K1_2_K2_2.rds",148972.923255674,149338.85574088,365.932485206024,3,2,TRUE
11,48,1000,72,36,3,3,3,3,150433.812303552,300.694,1.35072206656138,12440303,"result/bic_fits/scenario_11_n1000_J36_trueK3/replicate_048/fit_K1_3_K2_3.rds",150433.812303552,150821.338856003,387.526552451018,4,3,TRUE
17,48,1000,72,36,4,4,4,4,151509.673452869,341.618,2.03278851509094,18440404,"result/bic_fits/scenario_17_n1000_J36_trueK4/replicate_048/fit_K1_4_K2_4.rds",151509.673452869,151952.585818603,442.912365733995,5,4,TRUE
5,49,1000,72,36,2,2,2,2,149042.619992248,268.158,0.993258464336395,6450202,"result/bic_fits/scenario_05_n1000_J36_trueK2/replicate_049/fit_K1_2_K2_2.rds",149042.619992248,149382.490636721,339.870644473005,3,2,TRUE
11,49,1000,72,36,3,3,3,3,150386.779572712,305.022,1.35053321123123,12450303,"result/bic_fits/scenario_11_n1000_J36_trueK3/replicate_049/fit_K1_3_K2_3.rds",150386.779572712,150856.291568283,469.511995570996,4,3,TRUE
17,49,1000,72,36,4,4,4,4,151443.535612199,341.698,2.03926439285278,18450404,"result/bic_fits/scenario_17_n1000_J36_trueK4/replicate_049/fit_K1_4_K2_4.rds",151443.535612199,151848.568547451,405.032935252006,5,4,TRUE
5,50,1000,72,36,2,2,2,2,148705.774131032,265.574,0.98663459221522,6460202,"result/bic_fits/scenario_05_n1000_J36_trueK2/replicate_050/fit_K1_2_K2_2.rds",148705.774131032,149040.782377025,335.008245992998,3,2,TRUE
11,50,1000,72,36,3,3,3,3,150284.925601468,300.464,1.3468822201093,12460303,"result/bic_fits/scenario_11_n1000_J36_trueK3/replicate_050/fit_K1_3_K2_3.rds",150284.925601468,150597.421092242,312.495490773988,4,3,TRUE
17,50,1000,72,36,4,4,4,4,150931.702735358,341.53,2.01464759906133,18460404,"result/bic_fits/scenario_17_n1000_J36_trueK4/replicate_050/fit_K1_4_K2_4.rds",150931.702735358,151234.727059572,303.024324213999,5,4,TRUE
5,51,1000,72,36,2,2,2,2,148958.256951948,274.582,0.988608495394389,6470202,"result/bic_fits/scenario_05_n1000_J36_trueK2/replicate_051/fit_K1_2_K2_2.rds",148958.256951948,149320.23971892,361.982766972011,3,2,TRUE
11,51,1000,72,36,3,3,3,3,150769.437263285,304.824,1.29033289750417,12470303,"result/bic_fits/scenario_11_n1000_J36_trueK3/replicate_051/fit_K1_3_K2_3.rds",150769.437263285,151203.81730293,434.380039644981,4,3,TRUE
17,51,1000,72,36,4,4,4,4,151480.722643319,336.602,2.02840559482574,18470404,"result/bic_fits/scenario_17_n1000_J36_trueK4/replicate_051/fit_K1_4_K2_4.rds",151480.722643319,151849.785052115,369.062408796017,5,4,TRUE
5,52,1000,72,36,2,2,2,2,148737.630341815,275.334,0.986752406756083,6480202,"result/bic_fits/scenario_05_n1000_J36_trueK2/replicate_052/fit_K1_2_K2_2.rds",148737.630341815,149091.643428085,354.013086269988,2,3,TRUE
11,52,1000,72,36,3,3,3,3,150395.132763412,308.246,1.35094298124313,12480303,"result/bic_fits/scenario_11_n1000_J36_trueK3/replicate_052/fit_K1_3_K2_3.rds",150395.132763412,150766.356314851,371.223551439005,4,3,TRUE
17,52,1000,72,36,4,4,4,4,151239.527748185,339.618,2.04300076166789,18480404,"result/bic_fits/scenario_17_n1000_J36_trueK4/replicate_052/fit_K1_4_K2_4.rds",151239.527748185,151705.529704571,466.001956385997,5,4,TRUE
5,53,1000,72,36,2,2,2,2,148995.413622284,269.688,0.991352454821269,6490202,"result/bic_fits/scenario_05_n1000_J36_trueK2/replicate_053/fit_K1_2_K2_2.rds",148995.413622284,149398.490110594,403.076488310006,3,2,TRUE
11,53,1000,72,36,3,3,3,3,149954.295896969,304.68,1.34613964160283,12490303,"result/bic_fits/scenario_11_n1000_J36_trueK3/replicate_053/fit_K1_3_K2_3.rds",149954.295896969,150327.734985361,373.439088391984,4,3,TRUE
17,53,1000,72,36,4,4,4,4,151525.466453835,338.594,2.04364785353343,18490404,"result/bic_fits/scenario_17_n1000_J36_trueK4/replicate_053/fit_K1_4_K2_4.rds",151525.466453835,151877.800924442,352.33447060702,5,4,TRUE
5,54,1000,72,36,2,2,2,2,149026.158933486,275.436,0.993167384465535,6500202,"result/bic_fits/scenario_05_n1000_J36_trueK2/replicate_054/fit_K1_2_K2_2.rds",149026.158933486,149378.613250006,352.454316519987,3,2,TRUE
11,54,1000,72,36,3,3,3,3,150409.787565836,302.098,1.35248796145121,12500303,"result/bic_fits/scenario_11_n1000_J36_trueK3/replicate_054/fit_K1_3_K2_3.rds",150409.787565836,150956.461450126,546.67388428998,4,3,TRUE
17,54,1000,72,36,4,4,4,4,151559.499452893,346.52,2.03061368465424,18500404,"result/bic_fits/scenario_17_n1000_J36_trueK4/replicate_054/fit_K1_4_K2_4.rds",151559.499452893,152044.883002873,485.383549979975,5,4,TRUE
5,55,1000,72,36,2,2,2,2,149090.883374075,272.85,0.989158960183461,6510202,"result/bic_fits/scenario_05_n1000_J36_trueK2/replicate_055/fit_K1_2_K2_2.rds",149090.883374075,149447.349323524,356.46594944899,3,2,TRUE
11,55,1000,72,36,3,3,3,3,150405.12164945,303.62,1.35089455445608,12510303,"result/bic_fits/scenario_11_n1000_J36_trueK3/replicate_055/fit_K1_3_K2_3.rds",150405.12164945,150707.319149295,302.197499845002,4,3,TRUE
17,55,1000,72,36,4,4,4,4,151164.767073558,339.852,2.02936391830444,18510404,"result/bic_fits/scenario_17_n1000_J36_trueK4/replicate_055/fit_K1_4_K2_4.rds",151164.767073558,151567.950550587,403.183477029001,5,4,TRUE
5,56,1000,72,36,2,2,2,2,149174.856289341,270.636,0.989139306545258,6520202,"result/bic_fits/scenario_05_n1000_J36_trueK2/replicate_056/fit_K1_2_K2_2.rds",149174.856289341,149531.909031673,357.052742332016,3,2,TRUE
11,56,1000,72,36,3,3,3,3,150761.32864422,304.82,1.34657918214798,12520303,"result/bic_fits/scenario_11_n1000_J36_trueK3/replicate_056/fit_K1_3_K2_3.rds",150761.32864422,151166.161482986,404.832838766015,4,3,TRUE
17,56,1000,72,36,4,4,4,4,151304.620031949,335.7,2.04069245656331,18520404,"result/bic_fits/scenario_17_n1000_J36_trueK4/replicate_056/fit_K1_4_K2_4.rds",151304.620031949,151622.543813215,317.923781265999,5,4,TRUE
5,57,1000,72,36,2,2,2,2,148737.011000593,269.322,0.683825616041819,6530202,"result/bic_fits/scenario_05_n1000_J36_trueK2/replicate_057/fit_K1_2_K2_2.rds",148737.011000593,149110.941382089,373.930381496,3,2,TRUE
11,57,1000,72,36,3,3,3,3,150563.924986059,300.822,1.34077122211456,12530303,"result/bic_fits/scenario_11_n1000_J36_trueK3/replicate_057/fit_K1_3_K2_3.rds",150563.924986059,150954.877656459,390.952670400002,4,3,TRUE
17,57,1000,72,36,4,4,4,4,151300.608523688,338.128,2.01299748023351,18530404,"result/bic_fits/scenario_17_n1000_J36_trueK4/replicate_057/fit_K1_4_K2_4.rds",151300.608523688,151646.981064285,346.372540597018,5,4,TRUE
5,58,1000,72,36,2,2,2,2,148508.341303702,267.17,0.988183001677195,6540202,"result/bic_fits/scenario_05_n1000_J36_trueK2/replicate_058/fit_K1_2_K2_2.rds",148508.341303702,148856.946694195,348.605390493001,3,2,TRUE
11,58,1000,72,36,3,3,3,3,149743.962694512,304.944,1.34515696763992,12540303,"result/bic_fits/scenario_11_n1000_J36_trueK3/replicate_058/fit_K1_3_K2_3.rds",149743.962694512,150042.416449812,298.453755299997,4,3,TRUE
17,58,1000,72,36,4,4,4,4,151273.021821146,342.78,1.9504231651624,18540404,"result/bic_fits/scenario_17_n1000_J36_trueK4/replicate_058/fit_K1_4_K2_4.rds",151273.021821146,151661.226479422,388.204658276023,5,4,TRUE
5,59,1000,72,36,2,2,2,2,149127.290257842,270.634,0.990107230345408,6550202,"result/bic_fits/scenario_05_n1000_J36_trueK2/replicate_059/fit_K1_2_K2_2.rds",149127.290257842,149515.283727043,387.993469200999,3,2,TRUE
11,59,1000,72,36,3,3,3,3,150198.213672014,302.734,1.33808220624924,12550303,"result/bic_fits/scenario_11_n1000_J36_trueK3/replicate_059/fit_K1_3_K2_3.rds",150198.213672014,150701.522877751,503.309205736994,4,3,TRUE
17,59,1000,72,36,4,4,4,4,151229.014673547,343.166,2.04451907873154,18550404,"result/bic_fits/scenario_17_n1000_J36_trueK4/replicate_059/fit_K1_4_K2_4.rds",151229.014673547,151533.381125476,304.366451929003,5,4,TRUE
5,60,1000,72,36,2,2,2,2,148839.547650475,268.692,0.984407186508179,6560202,"result/bic_fits/scenario_05_n1000_J36_trueK2/replicate_060/fit_K1_2_K2_2.rds",148839.547650475,149194.396428673,354.848778198007,3,2,TRUE
11,60,1000,72,36,3,3,3,3,150162.6744673,304.104,1.35094422896703,12560303,"result/bic_fits/scenario_11_n1000_J36_trueK3/replicate_060/fit_K1_3_K2_3.rds",150162.6744673,151062.147149707,899.47268240698,4,3,TRUE
17,60,1000,72,36,4,4,4,4,151453.756239723,336.494,2.03976018428803,18560404,"result/bic_fits/scenario_17_n1000_J36_trueK4/replicate_060/fit_K1_4_K2_4.rds",151453.756239723,151857.899027186,404.142787463003,5,4,TRUE
5,61,1000,72,36,2,2,2,2,148776.622525156,270.906,0.990041255950928,6570202,"result/bic_fits/scenario_05_n1000_J36_trueK2/replicate_061/fit_K1_2_K2_2.rds",148776.622525156,149130.922658873,354.300133716984,3,2,TRUE
11,61,1000,72,36,3,3,3,3,150431.664346806,296.934,1.35427301327387,12570303,"result/bic_fits/scenario_11_n1000_J36_trueK3/replicate_061/fit_K1_3_K2_3.rds",150431.664346806,150793.916152951,362.251806144981,4,3,TRUE
17,61,1000,72,36,4,4,4,4,151118.342972695,336.864,1.6223125298818,18570404,"result/bic_fits/scenario_17_n1000_J36_trueK4/replicate_061/fit_K1_4_K2_4.rds",151118.342972695,151601.014666614,482.671693918994,5,4,TRUE
5,62,1000,72,36,2,2,2,2,149254.749187294,270.598,0.697450868288676,6580202,"result/bic_fits/scenario_05_n1000_J36_trueK2/replicate_062/fit_K1_2_K2_2.rds",149254.749187294,149603.725438605,348.976251311018,3,2,TRUE
11,62,1000,72,36,3,3,3,3,150618.014385357,305.892,1.34350002209345,12580303,"result/bic_fits/scenario_11_n1000_J36_trueK3/replicate_062/fit_K1_3_K2_3.rds",150618.014385357,151027.417492758,409.403107400984,4,3,TRUE
17,62,1000,72,36,4,4,4,4,151199.419010981,337.99,1.99481558799744,18580404,"result/bic_fits/scenario_17_n1000_J36_trueK4/replicate_062/fit_K1_4_K2_4.rds",151199.419010981,151533.162339911,333.743328930024,5,4,TRUE
5,63,1000,72,36,2,2,2,2,148838.069999519,272.164,0.901593466599782,6590202,"result/bic_fits/scenario_05_n1000_J36_trueK2/replicate_063/fit_K1_2_K2_2.rds",148838.069999519,149211.332733243,373.262733723997,3,2,TRUE
11,63,1000,72,36,3,3,3,3,150280.392009541,304.55,1.34563897450765,12590303,"result/bic_fits/scenario_11_n1000_J36_trueK3/replicate_063/fit_K1_3_K2_3.rds",150280.392009541,150956.394105063,676.002095521981,4,3,TRUE
17,63,1000,72,36,4,4,4,4,151547.925709989,340.35,2.03778952757518,18590404,"result/bic_fits/scenario_17_n1000_J36_trueK4/replicate_063/fit_K1_4_K2_4.rds",151547.925709989,151871.001483092,323.075773102988,5,4,TRUE
5,64,1000,72,36,2,2,2,2,149350.974106258,265.658,0.995967415968577,6600202,"result/bic_fits/scenario_05_n1000_J36_trueK2/replicate_064/fit_K1_2_K2_2.rds",149350.974106258,149707.081634002,356.107527743996,3,2,TRUE
11,64,1000,72,36,3,3,3,3,150138.309002684,298.806,1.35020274718602,12600303,"result/bic_fits/scenario_11_n1000_J36_trueK3/replicate_064/fit_K1_3_K2_3.rds",150138.309002684,150918.284779973,779.975777289015,5,3,TRUE
17,64,1000,72,36,4,4,4,4,151500.532246894,339.454,1.92232090234756,18600404,"result/bic_fits/scenario_17_n1000_J36_trueK4/replicate_064/fit_K1_4_K2_4.rds",151500.532246894,151804.55412039,304.021873496007,5,4,TRUE
5,65,1000,72,36,2,2,2,2,148640.522403156,266.342,0.990546333789825,6610202,"result/bic_fits/scenario_05_n1000_J36_trueK2/replicate_065/fit_K1_2_K2_2.rds",148640.522403156,149037.762093607,397.239690450981,3,2,TRUE
11,65,1000,72,36,3,3,3,3,150111.845629465,307.2,1.33947543303172,12610303,"result/bic_fits/scenario_11_n1000_J36_trueK3/replicate_065/fit_K1_3_K2_3.rds",150111.845629465,150641.367809237,529.522179772,4,3,TRUE
17,65,1000,72,36,4,4,4,4,151471.13831023,338.538,2.0358896613121,18610404,"result/bic_fits/scenario_17_n1000_J36_trueK4/replicate_065/fit_K1_4_K2_4.rds",151471.13831023,151811.919680352,340.781370122015,5,4,TRUE
5,66,1000,72,36,2,2,2,2,149026.01144957,265.114,0.987944515546163,6620202,"result/bic_fits/scenario_05_n1000_J36_trueK2/replicate_066/fit_K1_2_K2_2.rds",149026.01144957,149347.724440815,321.712991245004,3,2,TRUE
11,66,1000,72,36,3,3,3,3,149770.083346464,306.568,1.35162337621053,12620303,"result/bic_fits/scenario_11_n1000_J36_trueK3/replicate_066/fit_K1_3_K2_3.rds",149770.083346464,150106.716689709,336.63334324499,4,3,TRUE
17,66,1000,72,36,4,4,4,4,151380.471758707,343.442,2.03359980185827,18620404,"result/bic_fits/scenario_17_n1000_J36_trueK4/replicate_066/fit_K1_4_K2_4.rds",151380.471758707,151793.751473075,413.279714368022,5,4,TRUE
5,67,1000,72,36,2,2,2,2,148976.525565025,267.97,0.787772500514984,6630202,"result/bic_fits/scenario_05_n1000_J36_trueK2/replicate_067/fit_K1_2_K2_2.rds",148976.525565025,149334.463621692,357.938056667015,3,2,TRUE
11,67,1000,72,36,3,3,3,3,150442.060675307,302.852,1.35374626715978,12630303,"result/bic_fits/scenario_11_n1000_J36_trueK3/replicate_067/fit_K1_3_K2_3.rds",150442.060675307,151519.630688726,1077.570013419,3,4,TRUE
17,67,1000,72,36,4,4,4,4,151700.835393794,340.656,2.02829007307688,18630404,"result/bic_fits/scenario_17_n1000_J36_trueK4/replicate_067/fit_K1_4_K2_4.rds",151700.835393794,151994.239784788,293.404390993994,5,4,TRUE
5,68,1000,72,36,2,2,2,2,148865.8812809,269.112,0.996953801314036,6640202,"result/bic_fits/scenario_05_n1000_J36_trueK2/replicate_068/fit_K1_2_K2_2.rds",148865.8812809,149244.644991754,378.763710853993,2,3,TRUE
11,68,1000,72,36,3,3,3,3,149969.309236327,306.25,1.34330859978994,12640303,"result/bic_fits/scenario_11_n1000_J36_trueK3/replicate_068/fit_K1_3_K2_3.rds",149969.309236327,150727.035022721,757.725786393974,5,3,TRUE
17,68,1000,72,36,4,4,4,4,151358.171878011,335.81,2.02947119077047,18640404,"result/bic_fits/scenario_17_n1000_J36_trueK4/replicate_068/fit_K1_4_K2_4.rds",151358.171878011,151706.869768336,348.697890325013,5,4,TRUE
5,69,1000,72,36,2,2,2,2,148960.817842509,266.6,0.988802679379781,6650202,"result/bic_fits/scenario_05_n1000_J36_trueK2/replicate_069/fit_K1_2_K2_2.rds",148960.817842509,149304.98348409,344.165641580999,3,2,TRUE
11,69,1000,72,36,3,3,3,3,150266.909838626,305.816,1.35096260309219,12650303,"result/bic_fits/scenario_11_n1000_J36_trueK3/replicate_069/fit_K1_3_K2_3.rds",150266.909838626,150582.808668467,315.898829841026,4,3,TRUE
17,69,1000,72,36,4,4,4,4,151085.767614752,338.298,2.04020998477936,18650404,"result/bic_fits/scenario_17_n1000_J36_trueK4/replicate_069/fit_K1_4_K2_4.rds",151085.767614752,151388.361003971,302.593389218993,5,4,TRUE
5,70,1000,72,36,2,2,2,2,148926.337344667,272.196,0.9897532025973,6660202,"result/bic_fits/scenario_05_n1000_J36_trueK2/replicate_070/fit_K1_2_K2_2.rds",148926.337344667,149260.26991867,333.932574003004,3,2,TRUE
11,70,1000,72,36,3,3,3,3,150131.663638948,304.578,1.35097646713257,12660303,"result/bic_fits/scenario_11_n1000_J36_trueK3/replicate_070/fit_K1_3_K2_3.rds",150131.663638948,150452.714976726,321.051337778015,4,3,TRUE
17,70,1000,72,36,4,4,4,4,151573.096731953,349.132,2.04037117560705,18660404,"result/bic_fits/scenario_17_n1000_J36_trueK4/replicate_070/fit_K1_4_K2_4.rds",151573.096731953,151945.459157821,372.362425867992,5,4,TRUE
5,71,1000,72,36,2,2,2,2,148536.597615391,265.518,0.993118353684743,6670202,"result/bic_fits/scenario_05_n1000_J36_trueK2/replicate_071/fit_K1_2_K2_2.rds",148536.597615391,148899.820997652,363.223382261,3,2,TRUE
11,71,1000,72,36,3,3,3,3,150022.019224589,305.468,1.26460700829824,12670303,"result/bic_fits/scenario_11_n1000_J36_trueK3/replicate_071/fit_K1_3_K2_3.rds",150022.019224589,150377.815297231,355.796072641999,4,3,TRUE
17,71,1000,72,36,4,4,4,4,151597.877854047,335.66,2.03708908955256,18670404,"result/bic_fits/scenario_17_n1000_J36_trueK4/replicate_071/fit_K1_4_K2_4.rds",151597.877854047,151998.646893948,400.769039901003,5,4,TRUE
5,72,1000,72,36,2,2,2,2,149175.492655617,269.272,0.989049112796783,6680202,"result/bic_fits/scenario_05_n1000_J36_trueK2/replicate_072/fit_K1_2_K2_2.rds",149175.492655617,149543.430613033,367.937957415998,3,2,TRUE
11,72,1000,72,36,3,3,3,3,150007.282712838,299.908,1.34730887810389,12680303,"result/bic_fits/scenario_11_n1000_J36_trueK3/replicate_072/fit_K1_3_K2_3.rds",150007.282712838,150448.237973278,440.955260440009,4,3,TRUE
17,72,1000,72,36,4,4,4,4,151597.28244496,339.098,2.0375094572703,18680404,"result/bic_fits/scenario_17_n1000_J36_trueK4/replicate_072/fit_K1_4_K2_4.rds",151597.28244496,151976.752596004,379.470151043992,5,4,TRUE
5,73,1000,72,36,2,2,2,2,149215.758237061,271.924,0.955011037985484,6690202,"result/bic_fits/scenario_05_n1000_J36_trueK2/replicate_073/fit_K1_2_K2_2.rds",149215.758237061,149553.275506997,337.517269935983,3,2,TRUE
11,73,1000,72,36,3,3,3,3,150471.433065911,307.52,1.35095495780309,12690303,"result/bic_fits/scenario_11_n1000_J36_trueK3/replicate_073/fit_K1_3_K2_3.rds",150471.433065911,150818.177665548,346.744599636993,4,3,TRUE
17,73,1000,72,36,4,4,4,4,151412.377635077,340.28,2.03470494349798,18690404,"result/bic_fits/scenario_17_n1000_J36_trueK4/replicate_073/fit_K1_4_K2_4.rds",151412.377635077,151868.857135605,456.479500528018,5,4,TRUE
5,74,1000,72,36,2,2,2,2,148877.869077082,273.622,0.986171897252401,6700202,"result/bic_fits/scenario_05_n1000_J36_trueK2/replicate_074/fit_K1_2_K2_2.rds",148877.869077082,149196.369906126,318.500829044002,3,2,TRUE
11,74,1000,72,36,3,3,3,3,150282.534238155,315.64,1.35028472344081,12700303,"result/bic_fits/scenario_11_n1000_J36_trueK3/replicate_074/fit_K1_3_K2_3.rds",150282.534238155,150601.378783477,318.844545322005,4,3,TRUE
17,74,1000,72,36,4,4,4,4,151456.861009373,331.39,2.04834698836009,18700404,"result/bic_fits/scenario_17_n1000_J36_trueK4/replicate_074/fit_K1_4_K2_4.rds",151456.861009373,151872.860548918,415.99953954498,5,4,TRUE
5,75,1000,72,36,2,2,2,2,148733.63869701,274.512,0.994666067759196,6710202,"result/bic_fits/scenario_05_n1000_J36_trueK2/replicate_075/fit_K1_2_K2_2.rds",148733.63869701,149069.346807309,335.70811029899,3,2,TRUE
11,75,1000,72,36,3,3,3,3,150290.571419542,299.356,1.34951635201772,12710303,"result/bic_fits/scenario_11_n1000_J36_trueK3/replicate_075/fit_K1_3_K2_3.rds",150290.571419542,150643.966382531,353.394962989027,4,3,TRUE
17,75,1000,72,36,4,4,4,4,151434.760457419,340.866,2.0412717739741,18710404,"result/bic_fits/scenario_17_n1000_J36_trueK4/replicate_075/fit_K1_4_K2_4.rds",151434.760457419,151851.752153474,416.991696054989,5,4,TRUE
5,76,1000,72,36,2,2,2,2,148806.870237324,267.488,0.993768906593323,6720202,"result/bic_fits/scenario_05_n1000_J36_trueK2/replicate_076/fit_K1_2_K2_2.rds",148806.870237324,149182.238485286,375.368247962004,3,2,TRUE
11,76,1000,72,36,3,3,3,3,150040.829791703,302.78,1.34827054341634,12720303,"result/bic_fits/scenario_11_n1000_J36_trueK3/replicate_076/fit_K1_3_K2_3.rds",150040.829791703,150390.548297123,349.718505419994,4,3,TRUE
17,76,1000,72,36,4,4,4,4,151373.780995536,336.192,2.03949381907781,18720404,"result/bic_fits/scenario_17_n1000_J36_trueK4/replicate_076/fit_K1_4_K2_4.rds",151373.780995536,151767.372211465,393.591215928987,5,4,TRUE
5,77,1000,72,36,2,2,2,2,148662.886320079,267.91,0.887493852774302,6730202,"result/bic_fits/scenario_05_n1000_J36_trueK2/replicate_077/fit_K1_2_K2_2.rds",148662.886320079,149028.279227771,365.392907692003,3,2,TRUE
11,77,1000,72,36,3,3,3,3,150163.634927187,300.846,1.34849383831024,12730303,"result/bic_fits/scenario_11_n1000_J36_trueK3/replicate_077/fit_K1_3_K2_3.rds",150163.634927187,150536.261175817,372.626248629997,4,3,TRUE
17,77,1000,72,36,4,4,4,4,151669.660170518,345.442,2.03770701090495,18730404,"result/bic_fits/scenario_17_n1000_J36_trueK4/replicate_077/fit_K1_4_K2_4.rds",151669.660170518,152008.353129365,338.692958846979,5,4,TRUE
5,78,1000,72,36,2,2,2,2,148611.761135384,266.59,0.992550468444824,6740202,"result/bic_fits/scenario_05_n1000_J36_trueK2/replicate_078/fit_K1_2_K2_2.rds",148611.761135384,148956.923960809,345.16282542501,3,2,TRUE
11,78,1000,72,36,3,3,3,3,150273.734058897,302.474,1.35674434900284,12740303,"result/bic_fits/scenario_11_n1000_J36_trueK3/replicate_078/fit_K1_3_K2_3.rds",150273.734058897,150649.705026418,375.970967520989,4,3,TRUE
17,78,1000,72,36,4,4,4,4,151842.798000792,336.408,2.04924362500509,18740404,"result/bic_fits/scenario_17_n1000_J36_trueK4/replicate_078/fit_K1_4_K2_4.rds",151842.798000792,152165.606234697,322.808233905002,5,4,TRUE
5,79,1000,72,36,2,2,2,2,148679.127479492,262.458,0.987909233570099,6750202,"result/bic_fits/scenario_05_n1000_J36_trueK2/replicate_079/fit_K1_2_K2_2.rds",148679.127479492,149015.817873854,336.690394361998,3,2,TRUE
11,79,1000,72,36,3,3,3,3,150616.208964284,307.292,1.33910549084345,12750303,"result/bic_fits/scenario_11_n1000_J36_trueK3/replicate_079/fit_K1_3_K2_3.rds",150616.208964284,150968.733648888,352.524684604025,4,3,TRUE
17,79,1000,72,36,4,4,4,4,151653.151777517,336.8,2.0448423743248,18750404,"result/bic_fits/scenario_17_n1000_J36_trueK4/replicate_079/fit_K1_4_K2_4.rds",151653.151777517,152079.103139045,425.951361528016,5,4,TRUE
5,80,1000,72,36,2,2,2,2,148747.902312849,279.274,0.990661597251892,6760202,"result/bic_fits/scenario_05_n1000_J36_trueK2/replicate_080/fit_K1_2_K2_2.rds",148747.902312849,149091.943184849,344.040871999983,3,2,TRUE
11,80,1000,72,36,3,3,3,3,150186.509279991,304.862,1.00767062107722,12760303,"result/bic_fits/scenario_11_n1000_J36_trueK3/replicate_080/fit_K1_3_K2_3.rds",150186.509279991,150537.335038822,350.825758830993,4,3,TRUE
17,80,1000,72,36,4,4,4,4,151641.044182372,340.68,2.03557638327281,18760404,"result/bic_fits/scenario_17_n1000_J36_trueK4/replicate_080/fit_K1_4_K2_4.rds",151641.044182372,152164.341252682,523.297070310015,5,4,TRUE
5,81,1000,72,36,2,2,2,2,149423.387155485,274.002,0.992065521081289,6770202,"result/bic_fits/scenario_05_n1000_J36_trueK2/replicate_081/fit_K1_2_K2_2.rds",149423.387155485,149793.442667673,370.055512188002,3,2,TRUE
11,81,1000,72,36,3,3,3,3,150404.167590292,300.694,1.35783948103587,12770303,"result/bic_fits/scenario_11_n1000_J36_trueK3/replicate_081/fit_K1_3_K2_3.rds",150404.167590292,150854.057099968,449.889509675995,4,3,TRUE
17,81,1000,72,36,4,4,4,4,150997.39981918,342.134,1.34267755746841,18770404,"result/bic_fits/scenario_17_n1000_J36_trueK4/replicate_081/fit_K1_4_K2_4.rds",150997.39981918,151627.785498904,630.385679724015,4,3,TRUE
5,82,1000,72,36,2,2,2,2,149029.812597439,270.938,0.998040930430094,6780202,"result/bic_fits/scenario_05_n1000_J36_trueK2/replicate_082/fit_K1_2_K2_2.rds",149029.812597439,149377.456145779,347.643548339984,3,2,TRUE
11,82,1000,72,36,3,3,3,3,149953.457410154,304.752,0.895642177263896,12780303,"result/bic_fits/scenario_11_n1000_J36_trueK3/replicate_082/fit_K1_3_K2_3.rds",149953.457410154,150401.8352033,448.377793146006,4,3,TRUE
17,82,1000,72,36,4,4,4,4,151037.0217948,341.636,2.0470928311348,18780404,"result/bic_fits/scenario_17_n1000_J36_trueK4/replicate_082/fit_K1_4_K2_4.rds",151037.0217948,151591.287416041,554.265621241007,3,4,TRUE
5,83,1000,72,36,2,2,2,2,149338.75055286,272.978,0.683942989508311,6790202,"result/bic_fits/scenario_05_n1000_J36_trueK2/replicate_083/fit_K1_2_K2_2.rds",149338.75055286,149704.358097565,365.60754470501,3,2,TRUE
11,83,1000,72,36,3,3,3,3,149890.675399688,302.16,1.3539844473203,12790303,"result/bic_fits/scenario_11_n1000_J36_trueK3/replicate_083/fit_K1_3_K2_3.rds",149890.675399688,150225.209977401,334.534577712999,4,3,TRUE
17,83,1000,72,36,4,4,4,4,151321.094709304,335.612,2.03292448123296,18790404,"result/bic_fits/scenario_17_n1000_J36_trueK4/replicate_083/fit_K1_4_K2_4.rds",151321.094709304,151847.313054556,526.218345252011,5,4,TRUE
5,84,1000,72,36,2,2,2,2,148599.927948852,265.06,0.99216103553772,6800202,"result/bic_fits/scenario_05_n1000_J36_trueK2/replicate_084/fit_K1_2_K2_2.rds",148599.927948852,148950.455850738,350.527901886002,3,2,TRUE
11,84,1000,72,36,3,3,3,3,150526.404259426,303.22,1.35496247609456,12800303,"result/bic_fits/scenario_11_n1000_J36_trueK3/replicate_084/fit_K1_3_K2_3.rds",150526.404259426,150956.051312541,429.647053115012,4,3,TRUE
17,84,1000,72,36,4,4,4,4,151460.978063468,340.184,2.02192291021347,18800404,"result/bic_fits/scenario_17_n1000_J36_trueK4/replicate_084/fit_K1_4_K2_4.rds",151460.978063468,151790.577084416,329.599020947993,5,4,TRUE
5,85,1000,72,36,2,2,2,2,148992.085229,268.364,0.993492269515991,6810202,"result/bic_fits/scenario_05_n1000_J36_trueK2/replicate_085/fit_K1_2_K2_2.rds",148992.085229,149369.011412264,376.926183264004,3,2,TRUE
11,85,1000,72,36,3,3,3,3,149651.60764258,297.596,1.35904490550359,12810303,"result/bic_fits/scenario_11_n1000_J36_trueK3/replicate_085/fit_K1_3_K2_3.rds",149651.60764258,149966.836087197,315.228444617009,4,3,TRUE
17,85,1000,72,36,4,4,4,4,151210.598218364,343.878,2.04193389415741,18810404,"result/bic_fits/scenario_17_n1000_J36_trueK4/replicate_085/fit_K1_4_K2_4.rds",151210.598218364,151542.928423427,332.330205062986,5,4,TRUE
5,86,1000,72,36,2,2,2,2,148811.126236819,272.202,0.738152142365774,6820202,"result/bic_fits/scenario_05_n1000_J36_trueK2/replicate_086/fit_K1_2_K2_2.rds",148811.126236819,149192.820430889,381.694194070005,2,3,TRUE
11,86,1000,72,36,3,3,3,3,150021.946994168,308.41,1.34784680604935,12820303,"result/bic_fits/scenario_11_n1000_J36_trueK3/replicate_086/fit_K1_3_K2_3.rds",150021.946994168,150351.96940907,330.022414901992,4,3,TRUE
17,86,1000,72,36,4,4,4,4,151472.677848504,336.412,2.04724550644557,18820404,"result/bic_fits/scenario_17_n1000_J36_trueK4/replicate_086/fit_K1_4_K2_4.rds",151472.677848504,152107.938537317,635.260688812996,4,3,TRUE
5,87,1000,72,36,2,2,2,2,148772.212297975,268.232,0.98683248758316,6830202,"result/bic_fits/scenario_05_n1000_J36_trueK2/replicate_087/fit_K1_2_K2_2.rds",148772.212297975,149140.256891838,368.044593863015,2,3,TRUE
11,87,1000,72,36,3,3,3,3,149765.827692043,299.54,1.34148677190145,12830303,"result/bic_fits/scenario_11_n1000_J36_trueK3/replicate_087/fit_K1_3_K2_3.rds",149765.827692043,150098.417298529,332.589606485999,4,3,TRUE
17,87,1000,72,36,4,4,4,4,150913.30147992,340.666,2.04400180578232,18830404,"result/bic_fits/scenario_17_n1000_J36_trueK4/replicate_087/fit_K1_4_K2_4.rds",150913.30147992,151339.682390262,426.380910342006,5,4,TRUE
5,88,1000,72,36,2,2,2,2,148912.210634604,278.72,0.992547237873077,6840202,"result/bic_fits/scenario_05_n1000_J36_trueK2/replicate_088/fit_K1_2_K2_2.rds",148912.210634604,149286.946197358,374.73556275398,3,2,TRUE
11,88,1000,72,36,3,3,3,3,149961.322213446,306.418,1.3500452876091,12840303,"result/bic_fits/scenario_11_n1000_J36_trueK3/replicate_088/fit_K1_3_K2_3.rds",149961.322213446,150309.177983319,347.855769873015,4,3,TRUE
17,88,1000,72,36,4,4,4,4,151560.68969756,337.946,2.03890759944916,18840404,"result/bic_fits/scenario_17_n1000_J36_trueK4/replicate_088/fit_K1_4_K2_4.rds",151560.68969756,152100.467809546,539.778111986001,3,4,TRUE
5,89,1000,72,36,2,2,2,2,148658.26625968,271.144,0.98932626247406,6850202,"result/bic_fits/scenario_05_n1000_J36_trueK2/replicate_089/fit_K1_2_K2_2.rds",148658.26625968,149006.783335077,348.517075396987,3,2,TRUE
11,89,1000,72,36,3,3,3,3,149904.154061515,304.08,1.34364527861277,12850303,"result/bic_fits/scenario_11_n1000_J36_trueK3/replicate_089/fit_K1_3_K2_3.rds",149904.154061515,150324.72315706,420.569095545012,4,3,TRUE
17,89,1000,72,36,4,4,4,4,151463.760463217,339.17,1.28868846893311,18850404,"result/bic_fits/scenario_17_n1000_J36_trueK4/replicate_089/fit_K1_4_K2_4.rds",151463.760463217,151799.527242759,335.766779541998,5,4,TRUE
5,90,1000,72,36,2,2,2,2,148832.290532272,266.576,0.990275172392527,6860202,"result/bic_fits/scenario_05_n1000_J36_trueK2/replicate_090/fit_K1_2_K2_2.rds",148832.290532272,149203.4771123,371.186580028007,3,2,TRUE
11,90,1000,72,36,3,3,3,3,150165.565150736,306.67,1.34792890548706,12860303,"result/bic_fits/scenario_11_n1000_J36_trueK3/replicate_090/fit_K1_3_K2_3.rds",150165.565150736,150542.303551237,376.738400501024,4,3,TRUE
17,90,1000,72,36,4,4,4,4,151310.733605766,334.604,1.68950861692429,18860404,"result/bic_fits/scenario_17_n1000_J36_trueK4/replicate_090/fit_K1_4_K2_4.rds",151310.733605766,151674.967580219,364.233974453004,5,4,TRUE
5,91,1000,72,36,2,2,2,2,148805.521820275,271.72,0.682312734921773,6870202,"result/bic_fits/scenario_05_n1000_J36_trueK2/replicate_091/fit_K1_2_K2_2.rds",148805.521820275,149161.973199,356.451378725003,3,2,TRUE
11,91,1000,72,36,3,3,3,3,150082.356368439,309.528,0.976151434580485,12870303,"result/bic_fits/scenario_11_n1000_J36_trueK3/replicate_091/fit_K1_3_K2_3.rds",150082.356368439,150488.146912137,405.790543697978,4,3,TRUE
17,91,1000,72,36,4,4,4,4,151298.336262172,334.646,2.04513833920161,18870404,"result/bic_fits/scenario_17_n1000_J36_trueK4/replicate_091/fit_K1_4_K2_4.rds",151298.336262172,151930.261968917,631.925706745009,5,4,TRUE
5,92,1000,72,36,2,2,2,2,148676.929682872,267.45,0.991144887606303,6880202,"result/bic_fits/scenario_05_n1000_J36_trueK2/replicate_092/fit_K1_2_K2_2.rds",148676.929682872,149033.242625761,356.312942888995,3,2,TRUE
11,92,1000,72,36,3,3,3,3,150390.765601715,306.45,1.34663750727971,12880303,"result/bic_fits/scenario_11_n1000_J36_trueK3/replicate_092/fit_K1_3_K2_3.rds",150390.765601715,150854.167609298,463.402007583005,4,3,TRUE
17,92,1000,72,36,4,4,4,4,151191.405215019,342.532,1.54564648469289,18880404,"result/bic_fits/scenario_17_n1000_J36_trueK4/replicate_092/fit_K1_4_K2_4.rds",151191.405215019,151500.550963057,309.14574803799,5,4,TRUE
5,93,1000,72,36,2,2,2,2,148872.972506883,265.698,0.989925360679626,6890202,"result/bic_fits/scenario_05_n1000_J36_trueK2/replicate_093/fit_K1_2_K2_2.rds",148872.972506883,149243.477857319,370.505350435997,3,2,TRUE
11,93,1000,72,36,3,3,3,3,150098.376422123,299.846,1.35151117245356,12890303,"result/bic_fits/scenario_11_n1000_J36_trueK3/replicate_093/fit_K1_3_K2_3.rds",150098.376422123,150464.607166025,366.230743902008,4,3,TRUE
17,93,1000,72,36,4,4,4,4,151617.383345047,332.25,1.28879083792369,18890404,"result/bic_fits/scenario_17_n1000_J36_trueK4/replicate_093/fit_K1_4_K2_4.rds",151617.383345047,152087.558325962,470.174980914977,5,4,TRUE
5,94,1000,72,36,2,2,2,2,149076.556317414,268.306,0.943144679069519,6900202,"result/bic_fits/scenario_05_n1000_J36_trueK2/replicate_094/fit_K1_2_K2_2.rds",149076.556317414,149427.969616425,351.413299010979,3,2,TRUE
11,94,1000,72,36,3,3,3,3,150362.72973899,303.09,1.36497329473495,12900303,"result/bic_fits/scenario_11_n1000_J36_trueK3/replicate_094/fit_K1_3_K2_3.rds",150362.72973899,150698.114713777,335.384974787012,4,3,TRUE
17,94,1000,72,36,4,4,4,4,151522.092301279,343.932,1.2867720802625,18900404,"result/bic_fits/scenario_17_n1000_J36_trueK4/replicate_094/fit_K1_4_K2_4.rds",151522.092301279,151907.591713902,385.499412623001,5,4,TRUE
5,95,1000,72,36,2,2,2,2,149302.678357216,271.522,0.990596481164296,6910202,"result/bic_fits/scenario_05_n1000_J36_trueK2/replicate_095/fit_K1_2_K2_2.rds",149302.678357216,149673.793328741,371.114971525007,3,2,TRUE
11,95,1000,72,36,3,3,3,3,150452.300206308,304.912,1.34821263949076,12910303,"result/bic_fits/scenario_11_n1000_J36_trueK3/replicate_095/fit_K1_3_K2_3.rds",150452.300206308,150784.82487293,332.524666622019,4,3,TRUE
17,95,1000,72,36,4,4,4,4,151528.810314329,340.274,1.27671574751536,18910404,"result/bic_fits/scenario_17_n1000_J36_trueK4/replicate_095/fit_K1_4_K2_4.rds",151528.810314329,152114.681160905,585.870846575999,5,4,TRUE
5,96,1000,72,36,2,2,2,2,149134.930725701,262.31,0.994163831075033,6920202,"result/bic_fits/scenario_05_n1000_J36_trueK2/replicate_096/fit_K1_2_K2_2.rds",149134.930725701,149485.635976025,350.705250323983,3,2,TRUE
11,96,1000,72,36,3,3,3,3,149701.22417084,300.044,1.32041192452113,12920303,"result/bic_fits/scenario_11_n1000_J36_trueK3/replicate_096/fit_K1_3_K2_3.rds",149701.22417084,150087.588378489,386.364207648992,4,3,TRUE
17,96,1000,72,36,4,4,4,4,151425.751436523,339.112,1.30451128085454,18920404,"result/bic_fits/scenario_17_n1000_J36_trueK4/replicate_096/fit_K1_4_K2_4.rds",151425.751436523,151824.931643596,399.180207073019,5,4,TRUE
5,97,1000,72,36,2,2,2,2,149050.651123851,266.4,0.988879017035166,6930202,"result/bic_fits/scenario_05_n1000_J36_trueK2/replicate_097/fit_K1_2_K2_2.rds",149050.651123851,149413.575308149,362.924184297997,3,2,TRUE
11,97,1000,72,36,3,3,3,3,150196.4256075,303.24,1.34959227244059,12930303,"result/bic_fits/scenario_11_n1000_J36_trueK3/replicate_097/fit_K1_3_K2_3.rds",150196.4256075,150512.82071418,316.395106680022,4,3,TRUE
17,97,1000,72,36,4,4,4,4,150932.158350062,337.586,1.28911293347677,18930404,"result/bic_fits/scenario_17_n1000_J36_trueK4/replicate_097/fit_K1_4_K2_4.rds",150932.158350062,151399.694813291,467.536463228986,5,4,TRUE
5,98,1000,72,36,2,2,2,2,148416.175315137,267.726,0.995150415102641,6940202,"result/bic_fits/scenario_05_n1000_J36_trueK2/replicate_098/fit_K1_2_K2_2.rds",148416.175315137,148777.984561812,361.809246674995,3,2,TRUE
11,98,1000,72,36,3,3,3,3,150317.573264903,304.194,1.35369506279627,12940303,"result/bic_fits/scenario_11_n1000_J36_trueK3/replicate_098/fit_K1_3_K2_3.rds",150317.573264903,150657.354815742,339.78155083899,4,3,TRUE
17,98,1000,72,36,4,4,4,4,151219.640429693,340.164,1.28661868969599,18940404,"result/bic_fits/scenario_17_n1000_J36_trueK4/replicate_098/fit_K1_4_K2_4.rds",151219.640429693,151563.109409083,343.468979389989,5,4,TRUE
5,99,1000,72,36,2,2,2,2,148995.342745596,269.402,0.993890527884165,6950202,"result/bic_fits/scenario_05_n1000_J36_trueK2/replicate_099/fit_K1_2_K2_2.rds",148995.342745596,149350.808762881,355.466017285013,3,2,TRUE
11,99,1000,72,36,3,3,3,3,149911.043357024,301.696,1.29525305827459,12950303,"result/bic_fits/scenario_11_n1000_J36_trueK3/replicate_099/fit_K1_3_K2_3.rds",149911.043357024,150338.625565779,427.58220875499,4,3,TRUE
17,99,1000,72,36,4,4,4,4,151609.038790267,336.562,1.27798105875651,18950404,"result/bic_fits/scenario_17_n1000_J36_trueK4/replicate_099/fit_K1_4_K2_4.rds",151609.038790267,152114.840810875,505.802020608011,3,4,TRUE
5,100,1000,72,36,2,2,2,2,149323.065589365,274.91,0.990363264083862,6960202,"result/bic_fits/scenario_05_n1000_J36_trueK2/replicate_100/fit_K1_2_K2_2.rds",149323.065589365,149682.724919511,359.659330146009,3,2,TRUE
11,100,1000,72,36,3,3,3,3,150064.868336305,304.728,1.3517343044281,12960303,"result/bic_fits/scenario_11_n1000_J36_trueK3/replicate_100/fit_K1_3_K2_3.rds",150064.868336305,150418.87687202,354.008535714995,4,3,TRUE
17,100,1000,72,36,4,4,4,4,150830.740339132,336.224,1.28205221096675,18960404,"result/bic_fits/scenario_17_n1000_J36_trueK4/replicate_100/fit_K1_4_K2_4.rds",150830.740339132,151241.966611829,411.226272697008,5,4,TRUE
