"task_id","scenario_id","replicate_id","chain_id","valid","reason","path"
1,1,1,1,TRUE,"ok","output/chains/scenario_01_n500_J24_K2/replicate_001/chain_1.rds"
2,1,1,2,TRUE,"ok","output/chains/scenario_01_n500_J24_K2/replicate_001/chain_2.rds"
3,1,1,3,TRUE,"ok","output/chains/scenario_01_n500_J24_K2/replicate_001/chain_3.rds"
4,1,1,4,TRUE,"ok","output/chains/scenario_01_n500_J24_K2/replicate_001/chain_4.rds"
5,1,50,1,TRUE,"ok","output/chains/scenario_01_n500_J24_K2/replicate_050/chain_1.rds"
6,1,50,2,TRUE,"ok","output/chains/scenario_01_n500_J24_K2/replicate_050/chain_2.rds"
7,1,50,3,TRUE,"ok","output/chains/scenario_01_n500_J24_K2/replicate_050/chain_3.rds"
8,1,50,4,TRUE,"ok","output/chains/scenario_01_n500_J24_K2/replicate_050/chain_4.rds"
9,1,100,1,TRUE,"ok","output/chains/scenario_01_n500_J24_K2/replicate_100/chain_1.rds"
10,1,100,2,TRUE,"ok","output/chains/scenario_01_n500_J24_K2/replicate_100/chain_2.rds"
11,1,100,3,TRUE,"ok","output/chains/scenario_01_n500_J24_K2/replicate_100/chain_3.rds"
12,1,100,4,TRUE,"ok","output/chains/scenario_01_n500_J24_K2/replicate_100/chain_4.rds"
13,2,1,1,TRUE,"ok","output/chains/scenario_02_n1000_J24_K2/replicate_001/chain_1.rds"
14,2,1,2,TRUE,"ok","output/chains/scenario_02_n1000_J24_K2/replicate_001/chain_2.rds"
15,2,1,3,TRUE,"ok","output/chains/scenario_02_n1000_J24_K2/replicate_001/chain_3.rds"
16,2,1,4,TRUE,"ok","output/chains/scenario_02_n1000_J24_K2/replicate_001/chain_4.rds"
17,2,50,1,TRUE,"ok","output/chains/scenario_02_n1000_J24_K2/replicate_050/chain_1.rds"
18,2,50,2,TRUE,"ok","output/chains/scenario_02_n1000_J24_K2/replicate_050/chain_2.rds"
19,2,50,3,TRUE,"ok","output/chains/scenario_02_n1000_J24_K2/replicate_050/chain_3.rds"
20,2,50,4,TRUE,"ok","output/chains/scenario_02_n1000_J24_K2/replicate_050/chain_4.rds"
21,2,100,1,TRUE,"ok","output/chains/scenario_02_n1000_J24_K2/replicate_100/chain_1.rds"
22,2,100,2,TRUE,"ok","output/chains/scenario_02_n1000_J24_K2/replicate_100/chain_2.rds"
23,2,100,3,TRUE,"ok","output/chains/scenario_02_n1000_J24_K2/replicate_100/chain_3.rds"
24,2,100,4,TRUE,"ok","output/chains/scenario_02_n1000_J24_K2/replicate_100/chain_4.rds"
25,3,1,1,TRUE,"ok","output/chains/scenario_03_n2000_J24_K2/replicate_001/chain_1.rds"
26,3,1,2,TRUE,"ok","output/chains/scenario_03_n2000_J24_K2/replicate_001/chain_2.rds"
27,3,1,3,TRUE,"ok","output/chains/scenario_03_n2000_J24_K2/replicate_001/chain_3.rds"
28,3,1,4,TRUE,"ok","output/chains/scenario_03_n2000_J24_K2/replicate_001/chain_4.rds"
29,3,50,1,TRUE,"ok","output/chains/scenario_03_n2000_J24_K2/replicate_050/chain_1.rds"
30,3,50,2,TRUE,"ok","output/chains/scenario_03_n2000_J24_K2/replicate_050/chain_2.rds"
31,3,50,3,TRUE,"ok","output/chains/scenario_03_n2000_J24_K2/replicate_050/chain_3.rds"
32,3,50,4,TRUE,"ok","output/chains/scenario_03_n2000_J24_K2/replicate_050/chain_4.rds"
33,3,100,1,TRUE,"ok","output/chains/scenario_03_n2000_J24_K2/replicate_100/chain_1.rds"
34,3,100,2,TRUE,"ok","output/chains/scenario_03_n2000_J24_K2/replicate_100/chain_2.rds"
35,3,100,3,TRUE,"ok","output/chains/scenario_03_n2000_J24_K2/replicate_100/chain_3.rds"
36,3,100,4,TRUE,"ok","output/chains/scenario_03_n2000_J24_K2/replicate_100/chain_4.rds"
37,4,1,1,TRUE,"ok","output/chains/scenario_04_n500_J36_K2/replicate_001/chain_1.rds"
38,4,1,2,TRUE,"ok","output/chains/scenario_04_n500_J36_K2/replicate_001/chain_2.rds"
39,4,1,3,TRUE,"ok","output/chains/scenario_04_n500_J36_K2/replicate_001/chain_3.rds"
40,4,1,4,TRUE,"ok","output/chains/scenario_04_n500_J36_K2/replicate_001/chain_4.rds"
41,4,50,1,TRUE,"ok","output/chains/scenario_04_n500_J36_K2/replicate_050/chain_1.rds"
42,4,50,2,TRUE,"ok","output/chains/scenario_04_n500_J36_K2/replicate_050/chain_2.rds"
43,4,50,3,TRUE,"ok","output/chains/scenario_04_n500_J36_K2/replicate_050/chain_3.rds"
44,4,50,4,TRUE,"ok","output/chains/scenario_04_n500_J36_K2/replicate_050/chain_4.rds"
45,4,100,1,TRUE,"ok","output/chains/scenario_04_n500_J36_K2/replicate_100/chain_1.rds"
46,4,100,2,TRUE,"ok","output/chains/scenario_04_n500_J36_K2/replicate_100/chain_2.rds"
47,4,100,3,TRUE,"ok","output/chains/scenario_04_n500_J36_K2/replicate_100/chain_3.rds"
48,4,100,4,TRUE,"ok","output/chains/scenario_04_n500_J36_K2/replicate_100/chain_4.rds"
49,5,1,1,TRUE,"ok","output/chains/scenario_05_n1000_J36_K2/replicate_001/chain_1.rds"
50,5,1,2,TRUE,"ok","output/chains/scenario_05_n1000_J36_K2/replicate_001/chain_2.rds"
51,5,1,3,TRUE,"ok","output/chains/scenario_05_n1000_J36_K2/replicate_001/chain_3.rds"
52,5,1,4,TRUE,"ok","output/chains/scenario_05_n1000_J36_K2/replicate_001/chain_4.rds"
53,5,50,1,TRUE,"ok","output/chains/scenario_05_n1000_J36_K2/replicate_050/chain_1.rds"
54,5,50,2,TRUE,"ok","output/chains/scenario_05_n1000_J36_K2/replicate_050/chain_2.rds"
55,5,50,3,TRUE,"ok","output/chains/scenario_05_n1000_J36_K2/replicate_050/chain_3.rds"
56,5,50,4,TRUE,"ok","output/chains/scenario_05_n1000_J36_K2/replicate_050/chain_4.rds"
57,5,100,1,TRUE,"ok","output/chains/scenario_05_n1000_J36_K2/replicate_100/chain_1.rds"
58,5,100,2,TRUE,"ok","output/chains/scenario_05_n1000_J36_K2/replicate_100/chain_2.rds"
59,5,100,3,TRUE,"ok","output/chains/scenario_05_n1000_J36_K2/replicate_100/chain_3.rds"
60,5,100,4,TRUE,"ok","output/chains/scenario_05_n1000_J36_K2/replicate_100/chain_4.rds"
61,6,1,1,TRUE,"ok","output/chains/scenario_06_n2000_J36_K2/replicate_001/chain_1.rds"
62,6,1,2,TRUE,"ok","output/chains/scenario_06_n2000_J36_K2/replicate_001/chain_2.rds"
63,6,1,3,TRUE,"ok","output/chains/scenario_06_n2000_J36_K2/replicate_001/chain_3.rds"
64,6,1,4,TRUE,"ok","output/chains/scenario_06_n2000_J36_K2/replicate_001/chain_4.rds"
65,6,50,1,TRUE,"ok","output/chains/scenario_06_n2000_J36_K2/replicate_050/chain_1.rds"
66,6,50,2,TRUE,"ok","output/chains/scenario_06_n2000_J36_K2/replicate_050/chain_2.rds"
67,6,50,3,TRUE,"ok","output/chains/scenario_06_n2000_J36_K2/replicate_050/chain_3.rds"
68,6,50,4,TRUE,"ok","output/chains/scenario_06_n2000_J36_K2/replicate_050/chain_4.rds"
69,6,100,1,TRUE,"ok","output/chains/scenario_06_n2000_J36_K2/replicate_100/chain_1.rds"
70,6,100,2,TRUE,"ok","output/chains/scenario_06_n2000_J36_K2/replicate_100/chain_2.rds"
71,6,100,3,TRUE,"ok","output/chains/scenario_06_n2000_J36_K2/replicate_100/chain_3.rds"
72,6,100,4,TRUE,"ok","output/chains/scenario_06_n2000_J36_K2/replicate_100/chain_4.rds"
73,7,1,1,TRUE,"ok","output/chains/scenario_07_n500_J24_K3/replicate_001/chain_1.rds"
74,7,1,2,TRUE,"ok","output/chains/scenario_07_n500_J24_K3/replicate_001/chain_2.rds"
75,7,1,3,TRUE,"ok","output/chains/scenario_07_n500_J24_K3/replicate_001/chain_3.rds"
76,7,1,4,TRUE,"ok","output/chains/scenario_07_n500_J24_K3/replicate_001/chain_4.rds"
77,7,50,1,TRUE,"ok","output/chains/scenario_07_n500_J24_K3/replicate_050/chain_1.rds"
78,7,50,2,TRUE,"ok","output/chains/scenario_07_n500_J24_K3/replicate_050/chain_2.rds"
79,7,50,3,TRUE,"ok","output/chains/scenario_07_n500_J24_K3/replicate_050/chain_3.rds"
80,7,50,4,TRUE,"ok","output/chains/scenario_07_n500_J24_K3/replicate_050/chain_4.rds"
81,7,100,1,TRUE,"ok","output/chains/scenario_07_n500_J24_K3/replicate_100/chain_1.rds"
82,7,100,2,TRUE,"ok","output/chains/scenario_07_n500_J24_K3/replicate_100/chain_2.rds"
83,7,100,3,TRUE,"ok","output/chains/scenario_07_n500_J24_K3/replicate_100/chain_3.rds"
84,7,100,4,TRUE,"ok","output/chains/scenario_07_n500_J24_K3/replicate_100/chain_4.rds"
85,8,1,1,TRUE,"ok","output/chains/scenario_08_n1000_J24_K3/replicate_001/chain_1.rds"
86,8,1,2,TRUE,"ok","output/chains/scenario_08_n1000_J24_K3/replicate_001/chain_2.rds"
87,8,1,3,TRUE,"ok","output/chains/scenario_08_n1000_J24_K3/replicate_001/chain_3.rds"
88,8,1,4,TRUE,"ok","output/chains/scenario_08_n1000_J24_K3/replicate_001/chain_4.rds"
89,8,50,1,TRUE,"ok","output/chains/scenario_08_n1000_J24_K3/replicate_050/chain_1.rds"
90,8,50,2,TRUE,"ok","output/chains/scenario_08_n1000_J24_K3/replicate_050/chain_2.rds"
91,8,50,3,TRUE,"ok","output/chains/scenario_08_n1000_J24_K3/replicate_050/chain_3.rds"
92,8,50,4,TRUE,"ok","output/chains/scenario_08_n1000_J24_K3/replicate_050/chain_4.rds"
93,8,100,1,TRUE,"ok","output/chains/scenario_08_n1000_J24_K3/replicate_100/chain_1.rds"
94,8,100,2,TRUE,"ok","output/chains/scenario_08_n1000_J24_K3/replicate_100/chain_2.rds"
95,8,100,3,TRUE,"ok","output/chains/scenario_08_n1000_J24_K3/replicate_100/chain_3.rds"
96,8,100,4,TRUE,"ok","output/chains/scenario_08_n1000_J24_K3/replicate_100/chain_4.rds"
97,9,1,1,TRUE,"ok","output/chains/scenario_09_n2000_J24_K3/replicate_001/chain_1.rds"
98,9,1,2,TRUE,"ok","output/chains/scenario_09_n2000_J24_K3/replicate_001/chain_2.rds"
99,9,1,3,TRUE,"ok","output/chains/scenario_09_n2000_J24_K3/replicate_001/chain_3.rds"
100,9,1,4,TRUE,"ok","output/chains/scenario_09_n2000_J24_K3/replicate_001/chain_4.rds"
101,9,50,1,TRUE,"ok","output/chains/scenario_09_n2000_J24_K3/replicate_050/chain_1.rds"
102,9,50,2,TRUE,"ok","output/chains/scenario_09_n2000_J24_K3/replicate_050/chain_2.rds"
103,9,50,3,TRUE,"ok","output/chains/scenario_09_n2000_J24_K3/replicate_050/chain_3.rds"
104,9,50,4,TRUE,"ok","output/chains/scenario_09_n2000_J24_K3/replicate_050/chain_4.rds"
105,9,100,1,TRUE,"ok","output/chains/scenario_09_n2000_J24_K3/replicate_100/chain_1.rds"
106,9,100,2,TRUE,"ok","output/chains/scenario_09_n2000_J24_K3/replicate_100/chain_2.rds"
107,9,100,3,TRUE,"ok","output/chains/scenario_09_n2000_J24_K3/replicate_100/chain_3.rds"
108,9,100,4,TRUE,"ok","output/chains/scenario_09_n2000_J24_K3/replicate_100/chain_4.rds"
109,10,1,1,TRUE,"ok","output/chains/scenario_10_n500_J36_K3/replicate_001/chain_1.rds"
110,10,1,2,TRUE,"ok","output/chains/scenario_10_n500_J36_K3/replicate_001/chain_2.rds"
111,10,1,3,TRUE,"ok","output/chains/scenario_10_n500_J36_K3/replicate_001/chain_3.rds"
112,10,1,4,TRUE,"ok","output/chains/scenario_10_n500_J36_K3/replicate_001/chain_4.rds"
113,10,50,1,TRUE,"ok","output/chains/scenario_10_n500_J36_K3/replicate_050/chain_1.rds"
114,10,50,2,TRUE,"ok","output/chains/scenario_10_n500_J36_K3/replicate_050/chain_2.rds"
115,10,50,3,TRUE,"ok","output/chains/scenario_10_n500_J36_K3/replicate_050/chain_3.rds"
116,10,50,4,TRUE,"ok","output/chains/scenario_10_n500_J36_K3/replicate_050/chain_4.rds"
117,10,100,1,TRUE,"ok","output/chains/scenario_10_n500_J36_K3/replicate_100/chain_1.rds"
118,10,100,2,TRUE,"ok","output/chains/scenario_10_n500_J36_K3/replicate_100/chain_2.rds"
119,10,100,3,TRUE,"ok","output/chains/scenario_10_n500_J36_K3/replicate_100/chain_3.rds"
120,10,100,4,TRUE,"ok","output/chains/scenario_10_n500_J36_K3/replicate_100/chain_4.rds"
121,11,1,1,TRUE,"ok","output/chains/scenario_11_n1000_J36_K3/replicate_001/chain_1.rds"
122,11,1,2,TRUE,"ok","output/chains/scenario_11_n1000_J36_K3/replicate_001/chain_2.rds"
123,11,1,3,TRUE,"ok","output/chains/scenario_11_n1000_J36_K3/replicate_001/chain_3.rds"
124,11,1,4,TRUE,"ok","output/chains/scenario_11_n1000_J36_K3/replicate_001/chain_4.rds"
125,11,50,1,TRUE,"ok","output/chains/scenario_11_n1000_J36_K3/replicate_050/chain_1.rds"
126,11,50,2,TRUE,"ok","output/chains/scenario_11_n1000_J36_K3/replicate_050/chain_2.rds"
127,11,50,3,TRUE,"ok","output/chains/scenario_11_n1000_J36_K3/replicate_050/chain_3.rds"
128,11,50,4,TRUE,"ok","output/chains/scenario_11_n1000_J36_K3/replicate_050/chain_4.rds"
129,11,100,1,TRUE,"ok","output/chains/scenario_11_n1000_J36_K3/replicate_100/chain_1.rds"
130,11,100,2,TRUE,"ok","output/chains/scenario_11_n1000_J36_K3/replicate_100/chain_2.rds"
131,11,100,3,TRUE,"ok","output/chains/scenario_11_n1000_J36_K3/replicate_100/chain_3.rds"
132,11,100,4,TRUE,"ok","output/chains/scenario_11_n1000_J36_K3/replicate_100/chain_4.rds"
133,12,1,1,TRUE,"ok","output/chains/scenario_12_n2000_J36_K3/replicate_001/chain_1.rds"
134,12,1,2,TRUE,"ok","output/chains/scenario_12_n2000_J36_K3/replicate_001/chain_2.rds"
135,12,1,3,TRUE,"ok","output/chains/scenario_12_n2000_J36_K3/replicate_001/chain_3.rds"
136,12,1,4,TRUE,"ok","output/chains/scenario_12_n2000_J36_K3/replicate_001/chain_4.rds"
137,12,50,1,TRUE,"ok","output/chains/scenario_12_n2000_J36_K3/replicate_050/chain_1.rds"
138,12,50,2,TRUE,"ok","output/chains/scenario_12_n2000_J36_K3/replicate_050/chain_2.rds"
139,12,50,3,TRUE,"ok","output/chains/scenario_12_n2000_J36_K3/replicate_050/chain_3.rds"
140,12,50,4,TRUE,"ok","output/chains/scenario_12_n2000_J36_K3/replicate_050/chain_4.rds"
141,12,100,1,TRUE,"ok","output/chains/scenario_12_n2000_J36_K3/replicate_100/chain_1.rds"
142,12,100,2,TRUE,"ok","output/chains/scenario_12_n2000_J36_K3/replicate_100/chain_2.rds"
143,12,100,3,TRUE,"ok","output/chains/scenario_12_n2000_J36_K3/replicate_100/chain_3.rds"
144,12,100,4,TRUE,"ok","output/chains/scenario_12_n2000_J36_K3/replicate_100/chain_4.rds"
145,13,1,1,TRUE,"ok","output/chains/scenario_13_n500_J24_K4/replicate_001/chain_1.rds"
146,13,1,2,TRUE,"ok","output/chains/scenario_13_n500_J24_K4/replicate_001/chain_2.rds"
147,13,1,3,TRUE,"ok","output/chains/scenario_13_n500_J24_K4/replicate_001/chain_3.rds"
148,13,1,4,TRUE,"ok","output/chains/scenario_13_n500_J24_K4/replicate_001/chain_4.rds"
149,13,50,1,TRUE,"ok","output/chains/scenario_13_n500_J24_K4/replicate_050/chain_1.rds"
150,13,50,2,TRUE,"ok","output/chains/scenario_13_n500_J24_K4/replicate_050/chain_2.rds"
151,13,50,3,TRUE,"ok","output/chains/scenario_13_n500_J24_K4/replicate_050/chain_3.rds"
152,13,50,4,TRUE,"ok","output/chains/scenario_13_n500_J24_K4/replicate_050/chain_4.rds"
153,13,100,1,TRUE,"ok","output/chains/scenario_13_n500_J24_K4/replicate_100/chain_1.rds"
154,13,100,2,TRUE,"ok","output/chains/scenario_13_n500_J24_K4/replicate_100/chain_2.rds"
155,13,100,3,TRUE,"ok","output/chains/scenario_13_n500_J24_K4/replicate_100/chain_3.rds"
156,13,100,4,TRUE,"ok","output/chains/scenario_13_n500_J24_K4/replicate_100/chain_4.rds"
157,14,1,1,TRUE,"ok","output/chains/scenario_14_n1000_J24_K4/replicate_001/chain_1.rds"
158,14,1,2,TRUE,"ok","output/chains/scenario_14_n1000_J24_K4/replicate_001/chain_2.rds"
159,14,1,3,TRUE,"ok","output/chains/scenario_14_n1000_J24_K4/replicate_001/chain_3.rds"
160,14,1,4,TRUE,"ok","output/chains/scenario_14_n1000_J24_K4/replicate_001/chain_4.rds"
161,14,50,1,TRUE,"ok","output/chains/scenario_14_n1000_J24_K4/replicate_050/chain_1.rds"
162,14,50,2,TRUE,"ok","output/chains/scenario_14_n1000_J24_K4/replicate_050/chain_2.rds"
163,14,50,3,TRUE,"ok","output/chains/scenario_14_n1000_J24_K4/replicate_050/chain_3.rds"
164,14,50,4,TRUE,"ok","output/chains/scenario_14_n1000_J24_K4/replicate_050/chain_4.rds"
165,14,100,1,TRUE,"ok","output/chains/scenario_14_n1000_J24_K4/replicate_100/chain_1.rds"
166,14,100,2,TRUE,"ok","output/chains/scenario_14_n1000_J24_K4/replicate_100/chain_2.rds"
167,14,100,3,TRUE,"ok","output/chains/scenario_14_n1000_J24_K4/replicate_100/chain_3.rds"
168,14,100,4,TRUE,"ok","output/chains/scenario_14_n1000_J24_K4/replicate_100/chain_4.rds"
169,15,1,1,TRUE,"ok","output/chains/scenario_15_n2000_J24_K4/replicate_001/chain_1.rds"
170,15,1,2,TRUE,"ok","output/chains/scenario_15_n2000_J24_K4/replicate_001/chain_2.rds"
171,15,1,3,TRUE,"ok","output/chains/scenario_15_n2000_J24_K4/replicate_001/chain_3.rds"
172,15,1,4,TRUE,"ok","output/chains/scenario_15_n2000_J24_K4/replicate_001/chain_4.rds"
173,15,50,1,TRUE,"ok","output/chains/scenario_15_n2000_J24_K4/replicate_050/chain_1.rds"
174,15,50,2,TRUE,"ok","output/chains/scenario_15_n2000_J24_K4/replicate_050/chain_2.rds"
175,15,50,3,TRUE,"ok","output/chains/scenario_15_n2000_J24_K4/replicate_050/chain_3.rds"
176,15,50,4,TRUE,"ok","output/chains/scenario_15_n2000_J24_K4/replicate_050/chain_4.rds"
177,15,100,1,TRUE,"ok","output/chains/scenario_15_n2000_J24_K4/replicate_100/chain_1.rds"
178,15,100,2,TRUE,"ok","output/chains/scenario_15_n2000_J24_K4/replicate_100/chain_2.rds"
179,15,100,3,TRUE,"ok","output/chains/scenario_15_n2000_J24_K4/replicate_100/chain_3.rds"
180,15,100,4,TRUE,"ok","output/chains/scenario_15_n2000_J24_K4/replicate_100/chain_4.rds"
181,16,1,1,TRUE,"ok","output/chains/scenario_16_n500_J36_K4/replicate_001/chain_1.rds"
182,16,1,2,TRUE,"ok","output/chains/scenario_16_n500_J36_K4/replicate_001/chain_2.rds"
183,16,1,3,TRUE,"ok","output/chains/scenario_16_n500_J36_K4/replicate_001/chain_3.rds"
184,16,1,4,TRUE,"ok","output/chains/scenario_16_n500_J36_K4/replicate_001/chain_4.rds"
185,16,50,1,TRUE,"ok","output/chains/scenario_16_n500_J36_K4/replicate_050/chain_1.rds"
186,16,50,2,TRUE,"ok","output/chains/scenario_16_n500_J36_K4/replicate_050/chain_2.rds"
187,16,50,3,TRUE,"ok","output/chains/scenario_16_n500_J36_K4/replicate_050/chain_3.rds"
188,16,50,4,TRUE,"ok","output/chains/scenario_16_n500_J36_K4/replicate_050/chain_4.rds"
189,16,100,1,TRUE,"ok","output/chains/scenario_16_n500_J36_K4/replicate_100/chain_1.rds"
190,16,100,2,TRUE,"ok","output/chains/scenario_16_n500_J36_K4/replicate_100/chain_2.rds"
191,16,100,3,TRUE,"ok","output/chains/scenario_16_n500_J36_K4/replicate_100/chain_3.rds"
192,16,100,4,TRUE,"ok","output/chains/scenario_16_n500_J36_K4/replicate_100/chain_4.rds"
193,17,1,1,TRUE,"ok","output/chains/scenario_17_n1000_J36_K4/replicate_001/chain_1.rds"
194,17,1,2,TRUE,"ok","output/chains/scenario_17_n1000_J36_K4/replicate_001/chain_2.rds"
195,17,1,3,TRUE,"ok","output/chains/scenario_17_n1000_J36_K4/replicate_001/chain_3.rds"
196,17,1,4,TRUE,"ok","output/chains/scenario_17_n1000_J36_K4/replicate_001/chain_4.rds"
197,17,50,1,TRUE,"ok","output/chains/scenario_17_n1000_J36_K4/replicate_050/chain_1.rds"
198,17,50,2,TRUE,"ok","output/chains/scenario_17_n1000_J36_K4/replicate_050/chain_2.rds"
199,17,50,3,TRUE,"ok","output/chains/scenario_17_n1000_J36_K4/replicate_050/chain_3.rds"
200,17,50,4,TRUE,"ok","output/chains/scenario_17_n1000_J36_K4/replicate_050/chain_4.rds"
201,17,100,1,TRUE,"ok","output/chains/scenario_17_n1000_J36_K4/replicate_100/chain_1.rds"
202,17,100,2,TRUE,"ok","output/chains/scenario_17_n1000_J36_K4/replicate_100/chain_2.rds"
203,17,100,3,TRUE,"ok","output/chains/scenario_17_n1000_J36_K4/replicate_100/chain_3.rds"
204,17,100,4,TRUE,"ok","output/chains/scenario_17_n1000_J36_K4/replicate_100/chain_4.rds"
205,18,1,1,TRUE,"ok","output/chains/scenario_18_n2000_J36_K4/replicate_001/chain_1.rds"
206,18,1,2,TRUE,"ok","output/chains/scenario_18_n2000_J36_K4/replicate_001/chain_2.rds"
207,18,1,3,TRUE,"ok","output/chains/scenario_18_n2000_J36_K4/replicate_001/chain_3.rds"
208,18,1,4,TRUE,"ok","output/chains/scenario_18_n2000_J36_K4/replicate_001/chain_4.rds"
209,18,50,1,TRUE,"ok","output/chains/scenario_18_n2000_J36_K4/replicate_050/chain_1.rds"
210,18,50,2,TRUE,"ok","output/chains/scenario_18_n2000_J36_K4/replicate_050/chain_2.rds"
211,18,50,3,TRUE,"ok","output/chains/scenario_18_n2000_J36_K4/replicate_050/chain_3.rds"
212,18,50,4,TRUE,"ok","output/chains/scenario_18_n2000_J36_K4/replicate_050/chain_4.rds"
213,18,100,1,TRUE,"ok","output/chains/scenario_18_n2000_J36_K4/replicate_100/chain_1.rds"
214,18,100,2,TRUE,"ok","output/chains/scenario_18_n2000_J36_K4/replicate_100/chain_2.rds"
215,18,100,3,TRUE,"ok","output/chains/scenario_18_n2000_J36_K4/replicate_100/chain_3.rds"
216,18,100,4,TRUE,"ok","output/chains/scenario_18_n2000_J36_K4/replicate_100/chain_4.rds"
