"n_parameter","median_rhat","q95_rhat","max_rhat","n_nonfinite","n_over_1.01","n_over_1.05","proportion_below_1.01","proportion_below_1.05","scenario_id","n","J","J_block","K","parameter_block"
216,1.00532342016752,1.021644005078,1.03642753992337,0,37,0,0.828703703703704,1,1,500,48,24,2,"Delta1"
216,1.00354078889729,1.0120409057099,1.01919770809322,0,17,0,0.921296296296296,1,1,500,48,24,2,"Delta2"
24,1.00118943824067,1.00355511634366,1.00404781360901,0,0,0,1,1,1,500,48,24,2,"eta"
144,1,1.00591450366306,1.01956107447024,0,3,0,0.979166666666667,1,1,500,48,24,2,"Q1"
144,1,1.00370699517323,1.01005237686326,0,1,0,0.993055555555556,1,1,500,48,24,2,"Q2"
216,1.00487869109487,1.0193512401975,1.04956846255197,0,64,0,0.703703703703704,1,2,1000,48,24,2,"Delta1"
216,1.00300203648065,1.01057061121867,1.01889481303283,0,15,0,0.930555555555556,1,2,1000,48,24,2,"Delta2"
24,1.00142333605846,1.00382617169009,1.0042898540828,0,0,0,1,1,2,1000,48,24,2,"eta"
144,1,1.00406285850324,1.01257674249018,0,2,0,0.986111111111111,1,2,1000,48,24,2,"Q1"
144,1,1.00354893701397,1.01050197774633,0,1,0,0.993055555555556,1,2,1000,48,24,2,"Q2"
216,1.00581684008453,1.0237813336881,1.05205450686149,0,50,1,0.768518518518518,0.99537037037037,3,2000,48,24,2,"Delta1"
216,1.00388495727049,1.0108319570344,1.01591685357589,0,15,0,0.930555555555556,1,3,2000,48,24,2,"Delta2"
24,1.00112770017446,1.00312119757217,1.00417523876328,0,0,0,1,1,3,2000,48,24,2,"eta"
144,1,1.00863626743018,1.03378280246651,0,5,0,0.965277777777778,1,3,2000,48,24,2,"Q1"
144,1,1.00298492963855,1.00960802362526,0,0,0,1,1,3,2000,48,24,2,"Q2"
324,1.00414201007852,1.01652304815343,1.02287128330182,0,59,0,0.817901234567901,1,4,500,72,36,2,"Delta1"
324,1.0030135706922,1.00868904941565,1.0136162085895,0,8,0,0.975308641975309,1,4,500,72,36,2,"Delta2"
24,1.00094459101886,1.00269770206191,1.00444623538534,0,0,0,1,1,4,500,72,36,2,"eta"
216,1,1.00389388194389,1.01315201293171,0,2,0,0.990740740740741,1,4,500,72,36,2,"Q1"
216,1,1.00269497743095,1.00675154194554,0,0,0,1,1,4,500,72,36,2,"Q2"
324,1.00429356252487,1.01624832629383,1.0333896103215,0,66,0,0.796296296296296,1,5,1000,72,36,2,"Delta1"
324,1.00293266773925,1.00968478655703,1.02510180742779,0,13,0,0.959876543209877,1,5,1000,72,36,2,"Delta2"
24,1.00094559311205,1.00375153720949,1.00494737207856,0,0,0,1,1,5,1000,72,36,2,"eta"
216,1,1.00389276251363,1.01615182222058,0,3,0,0.986111111111111,1,5,1000,72,36,2,"Q1"
216,1,1.00256521384362,1.00812540588709,0,0,0,1,1,5,1000,72,36,2,"Q2"
324,1.00451920473683,1.01731014599047,1.02764712508779,0,71,0,0.780864197530864,1,6,2000,72,36,2,"Delta1"
324,1.00356782309371,1.01065275475505,1.01670286550881,0,18,0,0.944444444444444,1,6,2000,72,36,2,"Delta2"
24,1.00060606441526,1.00269822009319,1.00340374065657,0,0,0,1,1,6,2000,72,36,2,"eta"
216,1,1.00363598786961,1.01799682507472,0,2,0,0.990740740740741,1,6,2000,72,36,2,"Q1"
216,1,1.00177180282789,1.01037012008032,0,1,0,0.99537037037037,1,6,2000,72,36,2,"Q2"
288,1.00515568845179,1.01575913721966,1.03637968709272,0,56,0,0.805555555555556,1,7,500,48,24,3,"Delta1"
288,1.00367661709702,1.01499963879291,1.02799451862006,0,41,0,0.857638888888889,1,7,500,48,24,3,"Delta2"
45,1.0025465733156,1.0058656262416,1.00901594527754,0,0,0,1,1,7,500,48,24,3,"eta"
216,1,1.00606681549165,1.02267477343493,0,4,0,0.981481481481482,1,7,500,48,24,3,"Q1"
216,1,1.00459865064466,1.01661676829589,0,3,0,0.986111111111111,1,7,500,48,24,3,"Q2"
288,1.00501239100429,1.01706284708962,1.03292957552004,0,66,0,0.770833333333333,1,8,1000,48,24,3,"Delta1"
288,1.00515470746775,1.01627749509176,1.0328711608037,0,59,0,0.795138888888889,1,8,1000,48,24,3,"Delta2"
45,1.00298480872443,1.00694534120326,1.01067381293411,0,2,0,0.955555555555556,1,8,1000,48,24,3,"eta"
216,1,1.00522611913242,1.01033194808739,0,2,0,0.990740740740741,1,8,1000,48,24,3,"Q1"
216,1.00003534588609,1.00618797444879,1.01896120808467,0,7,0,0.967592592592593,1,8,1000,48,24,3,"Q2"
288,1.00458603091975,1.0199523307848,1.04424991396243,0,58,0,0.798611111111111,1,9,2000,48,24,3,"Delta1"
288,1.00407367459586,1.01395099659238,1.02506309047145,0,49,0,0.829861111111111,1,9,2000,48,24,3,"Delta2"
45,1.00263882373525,1.00714366120809,1.00954814487712,0,0,0,1,1,9,2000,48,24,3,"eta"
216,1,1.00547094671852,1.01672804595577,0,2,0,0.990740740740741,1,9,2000,48,24,3,"Q1"
216,1,1.00651947024926,1.01737277170731,0,6,0,0.972222222222222,1,9,2000,48,24,3,"Q2"
432,1.00342230189826,1.01166997169319,1.0284510574008,0,38,0,0.912037037037037,1,10,500,72,36,3,"Delta1"
432,1.00333618633098,1.01149836525013,1.0243030880891,0,34,0,0.921296296296296,1,10,500,72,36,3,"Delta2"
45,1.00109123849793,1.0033168158895,1.00525633847116,0,0,0,1,1,10,500,72,36,3,"eta"
324,1,1.0041732674374,1.00933970773885,0,0,0,1,1,10,500,72,36,3,"Q1"
324,1,1.00455900638206,1.00861119551321,0,0,0,1,1,10,500,72,36,3,"Q2"
432,1.00376740286017,1.01376819842164,1.02555368767558,0,52,0,0.87962962962963,1,11,1000,72,36,3,"Delta1"
432,1.00310556462948,1.01078294890369,1.01939085567134,0,30,0,0.930555555555556,1,11,1000,72,36,3,"Delta2"
45,1.00134311520865,1.00359847206722,1.00398165092894,0,0,0,1,1,11,1000,72,36,3,"eta"
324,1,1.00485381670752,1.02012770138782,0,3,0,0.990740740740741,1,11,1000,72,36,3,"Q1"
324,1,1.00351029194444,1.00808976168852,0,0,0,1,1,11,1000,72,36,3,"Q2"
432,1.00382231689575,1.0146110852707,1.03355339375653,0,60,0,0.861111111111111,1,12,2000,72,36,3,"Delta1"
432,1.00280578713504,1.01164880992586,1.02705384368967,0,38,0,0.912037037037037,1,12,2000,72,36,3,"Delta2"
45,1.00148743051573,1.00386847981935,1.00652819610985,0,0,0,1,1,12,2000,72,36,3,"eta"
324,1,1.00613409351486,1.03360461136821,0,8,0,0.975308641975309,1,12,2000,72,36,3,"Q1"
324,1,1.00338459276845,1.01693801814359,0,4,0,0.987654320987654,1,12,2000,72,36,3,"Q2"
360,1.00721763665446,1.03256767764577,1.06072124000834,0,145,2,0.597222222222222,0.994444444444444,13,500,48,24,4,"Delta1"
360,1.00574498881169,1.02405257266914,1.1075152041556,0,116,5,0.677777777777778,0.986111111111111,13,500,48,24,4,"Delta2"
72,1.00462755055492,1.01442249740222,1.02303076101116,0,13,0,0.819444444444444,1,13,500,48,24,4,"eta"
288,1.00037719245304,1.01393018748717,1.03229386489902,0,29,0,0.899305555555556,1,13,500,48,24,4,"Q1"
288,1.00047629804003,1.01146972961911,1.05893352479042,0,17,1,0.940972222222222,0.996527777777778,13,500,48,24,4,"Q2"
360,1.00612801999115,1.03091674361738,1.11052761752464,0,132,3,0.633333333333333,0.991666666666667,14,1000,48,24,4,"Delta1"
360,1.00542699243841,1.02400801479008,1.05127274808835,0,104,1,0.711111111111111,0.997222222222222,14,1000,48,24,4,"Delta2"
72,1.00588720871166,1.01523766585404,1.02813064544272,0,16,0,0.777777777777778,1,14,1000,48,24,4,"eta"
288,1.00029754604741,1.0136009946796,1.09299971680753,0,22,2,0.923611111111111,0.993055555555556,14,1000,48,24,4,"Q1"
288,1.0004114017475,1.01072569235564,1.04004875894551,0,17,0,0.940972222222222,1,14,1000,48,24,4,"Q2"
360,1.00479426945069,1.02833068660561,1.07652258553061,0,117,4,0.675,0.988888888888889,15,2000,48,24,4,"Delta1"
360,1.00411670666889,1.01588787084326,1.02994586135711,0,62,0,0.827777777777778,1,15,2000,48,24,4,"Delta2"
72,1.00428817813175,1.01041146875639,1.01658162705501,0,4,0,0.944444444444444,1,15,2000,48,24,4,"eta"
288,1.00023130204948,1.01124342295668,1.05680374345728,0,18,1,0.9375,0.996527777777778,15,2000,48,24,4,"Q1"
288,1.00013525019472,1.0087519587666,1.02863855341506,0,12,0,0.958333333333333,1,15,2000,48,24,4,"Q2"
540,1.00482432133216,1.02706635229246,1.05958630017213,0,150,3,0.722222222222222,0.994444444444444,16,500,72,36,4,"Delta1"
540,1.0031062522246,1.01384475106073,1.02693523102908,0,63,0,0.883333333333333,1,16,500,72,36,4,"Delta2"
72,1.00215611019615,1.00629790784582,1.00750737900267,0,0,0,1,1,16,500,72,36,4,"eta"
432,1.00021149783099,1.00793042285627,1.05586168665715,0,17,1,0.960648148148148,0.997685185185185,16,500,72,36,4,"Q1"
432,1,1.00470160193669,1.01402728585543,0,7,0,0.983796296296296,1,16,500,72,36,4,"Q2"
540,1.00475911866531,1.02111410200187,1.05490141820411,0,136,1,0.748148148148148,0.998148148148148,17,1000,72,36,4,"Delta1"
540,1.00289632766228,1.01366442041063,1.03436841012531,0,59,0,0.890740740740741,1,17,1000,72,36,4,"Delta2"
72,1.00202645758849,1.00679338840407,1.0083711506866,0,0,0,1,1,17,1000,72,36,4,"eta"
432,1.00014098894885,1.01156495711351,1.02618589962232,0,25,0,0.94212962962963,1,17,1000,72,36,4,"Q1"
432,1,1.0041576728331,1.0192414420813,0,6,0,0.986111111111111,1,17,1000,72,36,4,"Q2"
540,1.00406223260844,1.02086874134283,1.04105235190019,0,115,0,0.787037037037037,1,18,2000,72,36,4,"Delta1"
540,1.00297473034211,1.01434248871428,1.03077411326302,0,72,0,0.866666666666667,1,18,2000,72,36,4,"Delta2"
72,1.00163004185973,1.00651598570117,1.01134975435862,0,1,0,0.986111111111111,1,18,2000,72,36,4,"eta"
432,1.00015297658386,1.00735587144604,1.02818380013317,0,13,0,0.969907407407407,1,18,2000,72,36,4,"Q1"
432,1.00000112740061,1.00417820913532,1.01702698350342,0,4,0,0.990740740740741,1,18,2000,72,36,4,"Q2"
