"scenario_id","replicate_id","n","J","J_block","true_K1","true_K2","fit_K1","fit_K2","bic","elapsed_min","seed","path","correct"
2,1,1000,48,24,2,2,2,2,99108.0934011202,0.819190553824107,2931022,"result/bic_fits/scenario_02_n1000_J24_trueK2/replicate_001/fit_K1_2_K2_2.rds",TRUE
5,1,1000,72,36,2,2,2,2,147229.9352504,1.13199026584625,5931022,"result/bic_fits/scenario_05_n1000_J36_trueK2/replicate_001/fit_K1_2_K2_2.rds",TRUE
8,1,1000,48,24,3,3,3,3,99642.6208751451,1.15170289675395,8931033,"result/bic_fits/scenario_08_n1000_J24_trueK3/replicate_001/fit_K1_3_K2_3.rds",TRUE
11,1,1000,72,36,3,3,3,3,147667.876735221,1.6364355802536,11931033,"result/bic_fits/scenario_11_n1000_J36_trueK3/replicate_001/fit_K1_3_K2_3.rds",TRUE
14,1,1000,48,24,4,4,1,4,100560.143739389,1.18545773029327,14931014,"result/bic_fits/scenario_14_n1000_J24_trueK4/replicate_001/fit_K1_1_K2_4.rds",FALSE
17,1,1000,72,36,4,4,4,4,148390.273745516,2.60028071006139,17931044,"result/bic_fits/scenario_17_n1000_J36_trueK4/replicate_001/fit_K1_4_K2_4.rds",TRUE
2,2,1000,48,24,2,2,2,2,98707.3462605497,0.778978145122528,2932022,"result/bic_fits/scenario_02_n1000_J24_trueK2/replicate_002/fit_K1_2_K2_2.rds",TRUE
5,2,1000,72,36,2,2,2,2,146793.741459224,1.14964586098989,5932022,"result/bic_fits/scenario_05_n1000_J36_trueK2/replicate_002/fit_K1_2_K2_2.rds",TRUE
8,2,1000,48,24,3,3,3,3,99818.7856063175,1.17079717715581,8932033,"result/bic_fits/scenario_08_n1000_J24_trueK3/replicate_002/fit_K1_3_K2_3.rds",TRUE
11,2,1000,72,36,3,3,3,3,147618.067404925,1.6546667377154,11932033,"result/bic_fits/scenario_11_n1000_J36_trueK3/replicate_002/fit_K1_3_K2_3.rds",TRUE
14,2,1000,48,24,4,4,2,4,100153.63425,1.26403875748316,14932024,"result/bic_fits/scenario_14_n1000_J24_trueK4/replicate_002/fit_K1_2_K2_4.rds",FALSE
17,2,1000,72,36,4,4,4,4,147976.308760611,2.65420073668162,17932044,"result/bic_fits/scenario_17_n1000_J36_trueK4/replicate_002/fit_K1_4_K2_4.rds",TRUE
2,3,1000,48,24,2,2,2,2,99163.7517909667,0.777888357639313,2933022,"result/bic_fits/scenario_02_n1000_J24_trueK2/replicate_003/fit_K1_2_K2_2.rds",TRUE
5,3,1000,72,36,2,2,2,2,147021.926944807,1.15449393987656,5933022,"result/bic_fits/scenario_05_n1000_J36_trueK2/replicate_003/fit_K1_2_K2_2.rds",TRUE
8,3,1000,48,24,3,3,3,3,99874.9500140622,1.18069264094035,8933033,"result/bic_fits/scenario_08_n1000_J24_trueK3/replicate_003/fit_K1_3_K2_3.rds",TRUE
11,3,1000,72,36,3,3,3,3,147597.907399184,1.63106355667114,11933033,"result/bic_fits/scenario_11_n1000_J36_trueK3/replicate_003/fit_K1_3_K2_3.rds",TRUE
14,3,1000,48,24,4,4,1,4,100482.063430562,1.11417146523794,14933014,"result/bic_fits/scenario_14_n1000_J24_trueK4/replicate_003/fit_K1_1_K2_4.rds",FALSE
17,3,1000,72,36,4,4,4,4,148290.390366353,2.65670861800512,17933044,"result/bic_fits/scenario_17_n1000_J36_trueK4/replicate_003/fit_K1_4_K2_4.rds",TRUE
2,4,1000,48,24,2,2,2,2,99370.3837883348,0.782039356231689,2934022,"result/bic_fits/scenario_02_n1000_J24_trueK2/replicate_004/fit_K1_2_K2_2.rds",TRUE
5,4,1000,72,36,2,2,2,2,146803.772354923,1.11794441143672,5934022,"result/bic_fits/scenario_05_n1000_J36_trueK2/replicate_004/fit_K1_2_K2_2.rds",TRUE
8,4,1000,48,24,3,3,3,3,99651.9058366345,1.16139411131541,8934033,"result/bic_fits/scenario_08_n1000_J24_trueK3/replicate_004/fit_K1_3_K2_3.rds",TRUE
11,4,1000,72,36,3,3,3,3,148059.281575918,1.66152923107147,11934033,"result/bic_fits/scenario_11_n1000_J36_trueK3/replicate_004/fit_K1_3_K2_3.rds",TRUE
14,4,1000,48,24,4,4,1,4,100374.894564077,1.11526045004527,14934014,"result/bic_fits/scenario_14_n1000_J24_trueK4/replicate_004/fit_K1_1_K2_4.rds",FALSE
17,4,1000,72,36,4,4,4,4,148089.536735613,2.59052755832672,17934044,"result/bic_fits/scenario_17_n1000_J36_trueK4/replicate_004/fit_K1_4_K2_4.rds",TRUE
2,5,1000,48,24,2,2,2,2,99019.2968445716,0.789109039306641,2935022,"result/bic_fits/scenario_02_n1000_J24_trueK2/replicate_005/fit_K1_2_K2_2.rds",TRUE
5,5,1000,72,36,2,2,2,2,146996.733260293,1.19675155878067,5935022,"result/bic_fits/scenario_05_n1000_J36_trueK2/replicate_005/fit_K1_2_K2_2.rds",TRUE
8,5,1000,48,24,3,3,3,3,99731.3554118572,1.26748858292898,8935033,"result/bic_fits/scenario_08_n1000_J24_trueK3/replicate_005/fit_K1_3_K2_3.rds",TRUE
11,5,1000,72,36,3,3,3,3,147829.700453732,1.62756886482239,11935033,"result/bic_fits/scenario_11_n1000_J36_trueK3/replicate_005/fit_K1_3_K2_3.rds",TRUE
14,5,1000,48,24,4,4,1,4,100647.160694157,1.14216088056564,14935014,"result/bic_fits/scenario_14_n1000_J24_trueK4/replicate_005/fit_K1_1_K2_4.rds",FALSE
17,5,1000,72,36,4,4,4,4,147929.311930516,2.62036207516988,17935044,"result/bic_fits/scenario_17_n1000_J36_trueK4/replicate_005/fit_K1_4_K2_4.rds",TRUE
2,6,1000,48,24,2,2,2,2,98960.1256214928,0.79957895676295,2936022,"result/bic_fits/scenario_02_n1000_J24_trueK2/replicate_006/fit_K1_2_K2_2.rds",TRUE
5,6,1000,72,36,2,2,2,2,146781.763828368,1.19530019362768,5936022,"result/bic_fits/scenario_05_n1000_J36_trueK2/replicate_006/fit_K1_2_K2_2.rds",TRUE
8,6,1000,48,24,3,3,3,3,99555.3492699028,1.1531981309255,8936033,"result/bic_fits/scenario_08_n1000_J24_trueK3/replicate_006/fit_K1_3_K2_3.rds",TRUE
11,6,1000,72,36,3,3,3,3,147852.185825944,1.63502699136734,11936033,"result/bic_fits/scenario_11_n1000_J36_trueK3/replicate_006/fit_K1_3_K2_3.rds",TRUE
14,6,1000,48,24,4,4,2,4,100207.042571801,1.24902858734131,14936024,"result/bic_fits/scenario_14_n1000_J24_trueK4/replicate_006/fit_K1_2_K2_4.rds",FALSE
17,6,1000,72,36,4,4,4,4,148265.692012785,2.63160575628281,17936044,"result/bic_fits/scenario_17_n1000_J36_trueK4/replicate_006/fit_K1_4_K2_4.rds",TRUE
2,7,1000,48,24,2,2,2,2,99014.4929190472,0.803597640991211,2937022,"result/bic_fits/scenario_02_n1000_J24_trueK2/replicate_007/fit_K1_2_K2_2.rds",TRUE
5,7,1000,72,36,2,2,2,2,146862.352797467,1.21726877291997,5937022,"result/bic_fits/scenario_05_n1000_J36_trueK2/replicate_007/fit_K1_2_K2_2.rds",TRUE
8,7,1000,48,24,3,3,3,3,99424.2161176089,1.15090297460556,8937033,"result/bic_fits/scenario_08_n1000_J24_trueK3/replicate_007/fit_K1_3_K2_3.rds",TRUE
11,7,1000,72,36,3,3,3,3,147365.09348998,1.62037136157354,11937033,"result/bic_fits/scenario_11_n1000_J36_trueK3/replicate_007/fit_K1_3_K2_3.rds",TRUE
14,7,1000,48,24,4,4,1,4,100464.361069052,1.11645414034526,14937014,"result/bic_fits/scenario_14_n1000_J24_trueK4/replicate_007/fit_K1_1_K2_4.rds",FALSE
17,7,1000,72,36,4,4,3,4,148455.602519764,2.1201322555542,17937034,"result/bic_fits/scenario_17_n1000_J36_trueK4/replicate_007/fit_K1_3_K2_4.rds",FALSE
2,8,1000,48,24,2,2,2,2,98694.4927858417,0.816135938962301,2938022,"result/bic_fits/scenario_02_n1000_J24_trueK2/replicate_008/fit_K1_2_K2_2.rds",TRUE
5,8,1000,72,36,2,2,2,2,146953.106001821,1.11978530883789,5938022,"result/bic_fits/scenario_05_n1000_J36_trueK2/replicate_008/fit_K1_2_K2_2.rds",TRUE
8,8,1000,48,24,3,3,3,3,99321.184256948,1.15381964842478,8938033,"result/bic_fits/scenario_08_n1000_J24_trueK3/replicate_008/fit_K1_3_K2_3.rds",TRUE
11,8,1000,72,36,3,3,3,3,147973.163813138,1.7591820081075,11938033,"result/bic_fits/scenario_11_n1000_J36_trueK3/replicate_008/fit_K1_3_K2_3.rds",TRUE
14,8,1000,48,24,4,4,2,4,100362.783705669,1.41463279326757,14938024,"result/bic_fits/scenario_14_n1000_J24_trueK4/replicate_008/fit_K1_2_K2_4.rds",FALSE
17,8,1000,72,36,4,4,4,4,148161.242567713,2.55986521244049,17938044,"result/bic_fits/scenario_17_n1000_J36_trueK4/replicate_008/fit_K1_4_K2_4.rds",TRUE
2,9,1000,48,24,2,2,2,2,98942.8447280728,0.81285255352656,2939022,"result/bic_fits/scenario_02_n1000_J24_trueK2/replicate_009/fit_K1_2_K2_2.rds",TRUE
5,9,1000,72,36,2,2,2,2,146646.874765703,1.15188167889913,5939022,"result/bic_fits/scenario_05_n1000_J36_trueK2/replicate_009/fit_K1_2_K2_2.rds",TRUE
8,9,1000,48,24,3,3,2,3,99905.607781369,0.955722133318583,8939023,"result/bic_fits/scenario_08_n1000_J24_trueK3/replicate_009/fit_K1_2_K2_3.rds",FALSE
11,9,1000,72,36,3,3,3,3,147952.809709964,1.6155166387558,11939033,"result/bic_fits/scenario_11_n1000_J36_trueK3/replicate_009/fit_K1_3_K2_3.rds",TRUE
14,9,1000,48,24,4,4,1,4,100563.361208451,1.12372558514277,14939014,"result/bic_fits/scenario_14_n1000_J24_trueK4/replicate_009/fit_K1_1_K2_4.rds",FALSE
17,9,1000,72,36,4,4,4,4,147821.424987068,2.67087332407633,17939044,"result/bic_fits/scenario_17_n1000_J36_trueK4/replicate_009/fit_K1_4_K2_4.rds",TRUE
2,10,1000,48,24,2,2,2,2,99204.5570103045,0.803027983506521,2940022,"result/bic_fits/scenario_02_n1000_J24_trueK2/replicate_010/fit_K1_2_K2_2.rds",TRUE
5,10,1000,72,36,2,2,2,2,146934.3474963,1.1280993382136,5940022,"result/bic_fits/scenario_05_n1000_J36_trueK2/replicate_010/fit_K1_2_K2_2.rds",TRUE
8,10,1000,48,24,3,3,3,3,100051.535781923,1.23126024405162,8940033,"result/bic_fits/scenario_08_n1000_J24_trueK3/replicate_010/fit_K1_3_K2_3.rds",TRUE
11,10,1000,72,36,3,3,3,3,148074.848635128,1.77185647090276,11940033,"result/bic_fits/scenario_11_n1000_J36_trueK3/replicate_010/fit_K1_3_K2_3.rds",TRUE
14,10,1000,48,24,4,4,1,4,100303.747499391,1.13389219443003,14940014,"result/bic_fits/scenario_14_n1000_J24_trueK4/replicate_010/fit_K1_1_K2_4.rds",FALSE
17,10,1000,72,36,4,4,4,4,148724.706870572,2.83932487567266,17940044,"result/bic_fits/scenario_17_n1000_J36_trueK4/replicate_010/fit_K1_4_K2_4.rds",TRUE
2,11,1000,48,24,2,2,2,2,98910.4403745347,0.782550064722697,2941022,"result/bic_fits/scenario_02_n1000_J24_trueK2/replicate_011/fit_K1_2_K2_2.rds",TRUE
5,11,1000,72,36,2,2,2,2,147139.840527646,1.14487166404724,5941022,"result/bic_fits/scenario_05_n1000_J36_trueK2/replicate_011/fit_K1_2_K2_2.rds",TRUE
8,11,1000,48,24,3,3,3,3,99206.5757322721,1.14936680396398,8941033,"result/bic_fits/scenario_08_n1000_J24_trueK3/replicate_011/fit_K1_3_K2_3.rds",TRUE
11,11,1000,72,36,3,3,3,3,147932.383453681,1.63151772816976,11941033,"result/bic_fits/scenario_11_n1000_J36_trueK3/replicate_011/fit_K1_3_K2_3.rds",TRUE
14,11,1000,48,24,4,4,1,4,100345.233076299,1.12852431138357,14941014,"result/bic_fits/scenario_14_n1000_J24_trueK4/replicate_011/fit_K1_1_K2_4.rds",FALSE
17,11,1000,72,36,4,4,4,4,148285.538284387,2.60821243127187,17941044,"result/bic_fits/scenario_17_n1000_J36_trueK4/replicate_011/fit_K1_4_K2_4.rds",TRUE
2,12,1000,48,24,2,2,2,2,99051.6544739273,0.783645490805308,2942022,"result/bic_fits/scenario_02_n1000_J24_trueK2/replicate_012/fit_K1_2_K2_2.rds",TRUE
5,12,1000,72,36,2,2,2,2,147329.018164526,1.14382580916087,5942022,"result/bic_fits/scenario_05_n1000_J36_trueK2/replicate_012/fit_K1_2_K2_2.rds",TRUE
8,12,1000,48,24,3,3,3,3,99664.4087407838,1.17539093097051,8942033,"result/bic_fits/scenario_08_n1000_J24_trueK3/replicate_012/fit_K1_3_K2_3.rds",TRUE
11,12,1000,72,36,3,3,3,3,147486.815887439,1.73624558448791,11942033,"result/bic_fits/scenario_11_n1000_J36_trueK3/replicate_012/fit_K1_3_K2_3.rds",TRUE
14,12,1000,48,24,4,4,1,4,100337.59281633,1.10872057278951,14942014,"result/bic_fits/scenario_14_n1000_J24_trueK4/replicate_012/fit_K1_1_K2_4.rds",FALSE
17,12,1000,72,36,4,4,4,4,148249.85261886,2.61231618324916,17942044,"result/bic_fits/scenario_17_n1000_J36_trueK4/replicate_012/fit_K1_4_K2_4.rds",TRUE
2,13,1000,48,24,2,2,2,2,98698.4017902239,0.775873327255249,2943022,"result/bic_fits/scenario_02_n1000_J24_trueK2/replicate_013/fit_K1_2_K2_2.rds",TRUE
5,13,1000,72,36,2,2,2,2,147139.097606356,1.11759177446365,5943022,"result/bic_fits/scenario_05_n1000_J36_trueK2/replicate_013/fit_K1_2_K2_2.rds",TRUE
8,13,1000,48,24,3,3,2,3,99859.045766254,0.982884335517883,8943023,"result/bic_fits/scenario_08_n1000_J24_trueK3/replicate_013/fit_K1_2_K2_3.rds",FALSE
11,13,1000,72,36,3,3,3,3,147522.883823049,1.65302171309789,11943033,"result/bic_fits/scenario_11_n1000_J36_trueK3/replicate_013/fit_K1_3_K2_3.rds",TRUE
14,13,1000,48,24,4,4,1,4,100321.022011283,1.1177796959877,14943014,"result/bic_fits/scenario_14_n1000_J24_trueK4/replicate_013/fit_K1_1_K2_4.rds",FALSE
17,13,1000,72,36,4,4,4,4,148366.406029673,2.63059503634771,17943044,"result/bic_fits/scenario_17_n1000_J36_trueK4/replicate_013/fit_K1_4_K2_4.rds",TRUE
2,14,1000,48,24,2,2,2,2,98747.6232711644,0.793160994847616,2944022,"result/bic_fits/scenario_02_n1000_J24_trueK2/replicate_014/fit_K1_2_K2_2.rds",TRUE
5,14,1000,72,36,2,2,2,2,146819.857461,1.14601967732112,5944022,"result/bic_fits/scenario_05_n1000_J36_trueK2/replicate_014/fit_K1_2_K2_2.rds",TRUE
8,14,1000,48,24,3,3,3,3,99296.9219916512,1.25102749268214,8944033,"result/bic_fits/scenario_08_n1000_J24_trueK3/replicate_014/fit_K1_3_K2_3.rds",TRUE
11,14,1000,72,36,3,3,3,3,147353.529642923,1.62682702143987,11944033,"result/bic_fits/scenario_11_n1000_J36_trueK3/replicate_014/fit_K1_3_K2_3.rds",TRUE
14,14,1000,48,24,4,4,1,4,100149.162553894,1.13134777545929,14944014,"result/bic_fits/scenario_14_n1000_J24_trueK4/replicate_014/fit_K1_1_K2_4.rds",FALSE
17,14,1000,72,36,4,4,4,4,148291.878581517,2.64341311852137,17944044,"result/bic_fits/scenario_17_n1000_J36_trueK4/replicate_014/fit_K1_4_K2_4.rds",TRUE
2,15,1000,48,24,2,2,2,2,98922.0764362071,0.801122307777405,2945022,"result/bic_fits/scenario_02_n1000_J24_trueK2/replicate_015/fit_K1_2_K2_2.rds",TRUE
5,15,1000,72,36,2,2,2,2,146716.487331885,1.11648527781169,5945022,"result/bic_fits/scenario_05_n1000_J36_trueK2/replicate_015/fit_K1_2_K2_2.rds",TRUE
8,15,1000,48,24,3,3,3,3,99350.6585968623,1.17704683542252,8945033,"result/bic_fits/scenario_08_n1000_J24_trueK3/replicate_015/fit_K1_3_K2_3.rds",TRUE
11,15,1000,72,36,3,3,3,3,147310.729192131,1.7359304745992,11945033,"result/bic_fits/scenario_11_n1000_J36_trueK3/replicate_015/fit_K1_3_K2_3.rds",TRUE
14,15,1000,48,24,4,4,2,4,100329.42219628,1.29368173281352,14945024,"result/bic_fits/scenario_14_n1000_J24_trueK4/replicate_015/fit_K1_2_K2_4.rds",FALSE
17,15,1000,72,36,4,4,4,4,148160.884848833,2.60088685353597,17945044,"result/bic_fits/scenario_17_n1000_J36_trueK4/replicate_015/fit_K1_4_K2_4.rds",TRUE
2,16,1000,48,24,2,2,2,2,99098.7004358313,0.809767170747121,2946022,"result/bic_fits/scenario_02_n1000_J24_trueK2/replicate_016/fit_K1_2_K2_2.rds",TRUE
5,16,1000,72,36,2,2,2,2,146631.892688405,1.12752475738525,5946022,"result/bic_fits/scenario_05_n1000_J36_trueK2/replicate_016/fit_K1_2_K2_2.rds",TRUE
8,16,1000,48,24,3,3,3,3,99790.6326120554,1.16692422231038,8946033,"result/bic_fits/scenario_08_n1000_J24_trueK3/replicate_016/fit_K1_3_K2_3.rds",TRUE
11,16,1000,72,36,3,3,3,3,147794.364769973,1.65700643459956,11946033,"result/bic_fits/scenario_11_n1000_J36_trueK3/replicate_016/fit_K1_3_K2_3.rds",TRUE
14,16,1000,48,24,4,4,1,4,100463.106108462,1.22075850566228,14946014,"result/bic_fits/scenario_14_n1000_J24_trueK4/replicate_016/fit_K1_1_K2_4.rds",FALSE
17,16,1000,72,36,4,4,4,4,148455.292388881,2.89692564805349,17946044,"result/bic_fits/scenario_17_n1000_J36_trueK4/replicate_016/fit_K1_4_K2_4.rds",TRUE
2,17,1000,48,24,2,2,2,2,98864.693530776,0.805605578422546,2947022,"result/bic_fits/scenario_02_n1000_J24_trueK2/replicate_017/fit_K1_2_K2_2.rds",TRUE
5,17,1000,72,36,2,2,2,2,146540.148524911,1.15218193531036,5947022,"result/bic_fits/scenario_05_n1000_J36_trueK2/replicate_017/fit_K1_2_K2_2.rds",TRUE
8,17,1000,48,24,3,3,3,3,99621.9753755787,1.17882304986318,8947033,"result/bic_fits/scenario_08_n1000_J24_trueK3/replicate_017/fit_K1_3_K2_3.rds",TRUE
11,17,1000,72,36,3,3,3,3,147311.028803184,1.65765883922577,11947033,"result/bic_fits/scenario_11_n1000_J36_trueK3/replicate_017/fit_K1_3_K2_3.rds",TRUE
14,17,1000,48,24,4,4,1,4,100419.6752923,1.11932669083277,14947014,"result/bic_fits/scenario_14_n1000_J24_trueK4/replicate_017/fit_K1_1_K2_4.rds",FALSE
17,17,1000,72,36,4,4,4,4,148495.497211087,2.59923895200094,17947044,"result/bic_fits/scenario_17_n1000_J36_trueK4/replicate_017/fit_K1_4_K2_4.rds",TRUE
2,18,1000,48,24,2,2,2,2,99074.625328929,0.794832519690196,2948022,"result/bic_fits/scenario_02_n1000_J24_trueK2/replicate_018/fit_K1_2_K2_2.rds",TRUE
5,18,1000,72,36,2,2,2,2,147454.138839729,1.11728769540787,5948022,"result/bic_fits/scenario_05_n1000_J36_trueK2/replicate_018/fit_K1_2_K2_2.rds",TRUE
8,18,1000,48,24,3,3,3,3,99368.3668817901,1.14320619503657,8948033,"result/bic_fits/scenario_08_n1000_J24_trueK3/replicate_018/fit_K1_3_K2_3.rds",TRUE
11,18,1000,72,36,3,3,3,3,147766.725335381,1.62384637991587,11948033,"result/bic_fits/scenario_11_n1000_J36_trueK3/replicate_018/fit_K1_3_K2_3.rds",TRUE
14,18,1000,48,24,4,4,1,4,100486.660065476,1.11476746002833,14948014,"result/bic_fits/scenario_14_n1000_J24_trueK4/replicate_018/fit_K1_1_K2_4.rds",FALSE
17,18,1000,72,36,4,4,4,4,148255.069492712,2.61594742933909,17948044,"result/bic_fits/scenario_17_n1000_J36_trueK4/replicate_018/fit_K1_4_K2_4.rds",TRUE
2,19,1000,48,24,2,2,2,2,98634.7166098898,0.78333127895991,2949022,"result/bic_fits/scenario_02_n1000_J24_trueK2/replicate_019/fit_K1_2_K2_2.rds",TRUE
5,19,1000,72,36,2,2,2,2,147189.468370696,1.13453819751739,5949022,"result/bic_fits/scenario_05_n1000_J36_trueK2/replicate_019/fit_K1_2_K2_2.rds",TRUE
8,19,1000,48,24,3,3,3,3,99641.8905638567,1.15035452842712,8949033,"result/bic_fits/scenario_08_n1000_J24_trueK3/replicate_019/fit_K1_3_K2_3.rds",TRUE
11,19,1000,72,36,3,3,3,3,147369.493166007,1.63993049462636,11949033,"result/bic_fits/scenario_11_n1000_J36_trueK3/replicate_019/fit_K1_3_K2_3.rds",TRUE
14,19,1000,48,24,4,4,1,4,100544.142154252,1.12595277229945,14949014,"result/bic_fits/scenario_14_n1000_J24_trueK4/replicate_019/fit_K1_1_K2_4.rds",FALSE
17,19,1000,72,36,4,4,4,4,148003.676892024,2.63958053191503,17949044,"result/bic_fits/scenario_17_n1000_J36_trueK4/replicate_019/fit_K1_4_K2_4.rds",TRUE
2,20,1000,48,24,2,2,2,2,99272.6244551949,0.816226597627004,2950022,"result/bic_fits/scenario_02_n1000_J24_trueK2/replicate_020/fit_K1_2_K2_2.rds",TRUE
5,20,1000,72,36,2,2,2,2,147239.607805543,1.14636882940928,5950022,"result/bic_fits/scenario_05_n1000_J36_trueK2/replicate_020/fit_K1_2_K2_2.rds",TRUE
8,20,1000,48,24,3,3,3,3,99704.7373642872,1.21681054830551,8950033,"result/bic_fits/scenario_08_n1000_J24_trueK3/replicate_020/fit_K1_3_K2_3.rds",TRUE
11,20,1000,72,36,3,3,3,3,147398.455014562,1.76570542653402,11950033,"result/bic_fits/scenario_11_n1000_J36_trueK3/replicate_020/fit_K1_3_K2_3.rds",TRUE
14,20,1000,48,24,4,4,2,4,100557.589549371,1.28030346234639,14950024,"result/bic_fits/scenario_14_n1000_J24_trueK4/replicate_020/fit_K1_2_K2_4.rds",FALSE
17,20,1000,72,36,4,4,4,4,148522.011596232,2.61900993188222,17950044,"result/bic_fits/scenario_17_n1000_J36_trueK4/replicate_020/fit_K1_4_K2_4.rds",TRUE
2,21,1000,48,24,2,2,2,2,98953.3114865954,0.795565525690714,2951022,"result/bic_fits/scenario_02_n1000_J24_trueK2/replicate_021/fit_K1_2_K2_2.rds",TRUE
5,21,1000,72,36,2,2,2,2,147255.750960046,1.1159605940183,5951022,"result/bic_fits/scenario_05_n1000_J36_trueK2/replicate_021/fit_K1_2_K2_2.rds",TRUE
8,21,1000,48,24,3,3,3,3,99886.1308051697,1.17467459837596,8951033,"result/bic_fits/scenario_08_n1000_J24_trueK3/replicate_021/fit_K1_3_K2_3.rds",TRUE
11,21,1000,72,36,3,3,3,3,147027.964528638,1.62794987758001,11951033,"result/bic_fits/scenario_11_n1000_J36_trueK3/replicate_021/fit_K1_3_K2_3.rds",TRUE
14,21,1000,48,24,4,4,1,4,99975.967986144,1.21272393465042,14951014,"result/bic_fits/scenario_14_n1000_J24_trueK4/replicate_021/fit_K1_1_K2_4.rds",FALSE
17,21,1000,72,36,4,4,4,4,148565.831367682,2.61524807214737,17951044,"result/bic_fits/scenario_17_n1000_J36_trueK4/replicate_021/fit_K1_4_K2_4.rds",TRUE
2,22,1000,48,24,2,2,2,2,99020.8363052718,0.805197672049205,2952022,"result/bic_fits/scenario_02_n1000_J24_trueK2/replicate_022/fit_K1_2_K2_2.rds",TRUE
5,22,1000,72,36,2,2,2,2,146867.527788832,1.14586836496989,5952022,"result/bic_fits/scenario_05_n1000_J36_trueK2/replicate_022/fit_K1_2_K2_2.rds",TRUE
8,22,1000,48,24,3,3,3,3,99889.9662954016,1.16191748380661,8952033,"result/bic_fits/scenario_08_n1000_J24_trueK3/replicate_022/fit_K1_3_K2_3.rds",TRUE
11,22,1000,72,36,3,3,3,3,147832.837531299,1.67198814551036,11952033,"result/bic_fits/scenario_11_n1000_J36_trueK3/replicate_022/fit_K1_3_K2_3.rds",TRUE
14,22,1000,48,24,4,4,2,4,100311.81848391,1.26710051298141,14952024,"result/bic_fits/scenario_14_n1000_J24_trueK4/replicate_022/fit_K1_2_K2_4.rds",FALSE
17,22,1000,72,36,4,4,4,4,147943.332054865,2.61765605608622,17952044,"result/bic_fits/scenario_17_n1000_J36_trueK4/replicate_022/fit_K1_4_K2_4.rds",TRUE
2,23,1000,48,24,2,2,2,2,98652.3141003143,0.78797945578893,2953022,"result/bic_fits/scenario_02_n1000_J24_trueK2/replicate_023/fit_K1_2_K2_2.rds",TRUE
5,23,1000,72,36,2,2,2,2,146618.614341659,1.12135566473007,5953022,"result/bic_fits/scenario_05_n1000_J36_trueK2/replicate_023/fit_K1_2_K2_2.rds",TRUE
8,23,1000,48,24,3,3,3,3,99581.8313476232,1.18182560602824,8953033,"result/bic_fits/scenario_08_n1000_J24_trueK3/replicate_023/fit_K1_3_K2_3.rds",TRUE
11,23,1000,72,36,3,3,3,3,148073.056425827,1.66016896565755,11953033,"result/bic_fits/scenario_11_n1000_J36_trueK3/replicate_023/fit_K1_3_K2_3.rds",TRUE
14,23,1000,48,24,4,4,1,4,100136.447666487,1.10985858837763,14953014,"result/bic_fits/scenario_14_n1000_J24_trueK4/replicate_023/fit_K1_1_K2_4.rds",FALSE
17,23,1000,72,36,4,4,4,4,148306.303850409,2.64560205141703,17953044,"result/bic_fits/scenario_17_n1000_J36_trueK4/replicate_023/fit_K1_4_K2_4.rds",TRUE
2,24,1000,48,24,2,2,2,2,99088.7982756402,0.792573169867198,2954022,"result/bic_fits/scenario_02_n1000_J24_trueK2/replicate_024/fit_K1_2_K2_2.rds",TRUE
5,24,1000,72,36,2,2,2,2,146829.187714762,1.11498222748439,5954022,"result/bic_fits/scenario_05_n1000_J36_trueK2/replicate_024/fit_K1_2_K2_2.rds",TRUE
8,24,1000,48,24,3,3,3,3,99644.3959994921,1.16920098861059,8954033,"result/bic_fits/scenario_08_n1000_J24_trueK3/replicate_024/fit_K1_3_K2_3.rds",TRUE
11,24,1000,72,36,3,3,3,3,147509.408904146,1.6250518321991,11954033,"result/bic_fits/scenario_11_n1000_J36_trueK3/replicate_024/fit_K1_3_K2_3.rds",TRUE
14,24,1000,48,24,4,4,1,4,100070.178008502,1.10678462982178,14954014,"result/bic_fits/scenario_14_n1000_J24_trueK4/replicate_024/fit_K1_1_K2_4.rds",FALSE
17,24,1000,72,36,4,4,4,4,148602.371010142,2.81355886459351,17954044,"result/bic_fits/scenario_17_n1000_J36_trueK4/replicate_024/fit_K1_4_K2_4.rds",TRUE
2,25,1000,48,24,2,2,2,2,98788.3080759102,0.803144077459971,2955022,"result/bic_fits/scenario_02_n1000_J24_trueK2/replicate_025/fit_K1_2_K2_2.rds",TRUE
5,25,1000,72,36,2,2,2,2,146910.972568134,1.14131324291229,5955022,"result/bic_fits/scenario_05_n1000_J36_trueK2/replicate_025/fit_K1_2_K2_2.rds",TRUE
8,25,1000,48,24,3,3,3,3,100010.866046655,1.14564391771952,8955033,"result/bic_fits/scenario_08_n1000_J24_trueK3/replicate_025/fit_K1_3_K2_3.rds",TRUE
11,25,1000,72,36,3,3,3,3,147663.444058713,1.61798853874207,11955033,"result/bic_fits/scenario_11_n1000_J36_trueK3/replicate_025/fit_K1_3_K2_3.rds",TRUE
14,25,1000,48,24,4,4,1,4,100687.601118768,1.12496008872986,14955014,"result/bic_fits/scenario_14_n1000_J24_trueK4/replicate_025/fit_K1_1_K2_4.rds",FALSE
17,25,1000,72,36,4,4,4,4,148328.145610597,2.64783293008804,17955044,"result/bic_fits/scenario_17_n1000_J36_trueK4/replicate_025/fit_K1_4_K2_4.rds",TRUE
2,26,1000,48,24,2,2,2,2,98848.1461071445,0.827643740177155,2956022,"result/bic_fits/scenario_02_n1000_J24_trueK2/replicate_026/fit_K1_2_K2_2.rds",TRUE
5,26,1000,72,36,2,2,2,2,146621.394804214,1.14889577627182,5956022,"result/bic_fits/scenario_05_n1000_J36_trueK2/replicate_026/fit_K1_2_K2_2.rds",TRUE
8,26,1000,48,24,3,3,3,3,99615.2395346688,1.15192453066508,8956033,"result/bic_fits/scenario_08_n1000_J24_trueK3/replicate_026/fit_K1_3_K2_3.rds",TRUE
11,26,1000,72,36,3,3,3,3,147713.243297484,1.7952953060468,11956033,"result/bic_fits/scenario_11_n1000_J36_trueK3/replicate_026/fit_K1_3_K2_3.rds",TRUE
14,26,1000,48,24,4,4,1,4,100405.713660306,1.22165064016978,14956014,"result/bic_fits/scenario_14_n1000_J24_trueK4/replicate_026/fit_K1_1_K2_4.rds",FALSE
17,26,1000,72,36,4,4,4,4,148459.960240204,2.64525606632233,17956044,"result/bic_fits/scenario_17_n1000_J36_trueK4/replicate_026/fit_K1_4_K2_4.rds",TRUE
2,27,1000,48,24,2,2,2,2,99054.3312292841,0.788033541043599,2957022,"result/bic_fits/scenario_02_n1000_J24_trueK2/replicate_027/fit_K1_2_K2_2.rds",TRUE
5,27,1000,72,36,2,2,2,2,147168.227918655,1.20569053888321,5957022,"result/bic_fits/scenario_05_n1000_J36_trueK2/replicate_027/fit_K1_2_K2_2.rds",TRUE
8,27,1000,48,24,3,3,3,3,98890.4952443214,1.15164541006088,8957033,"result/bic_fits/scenario_08_n1000_J24_trueK3/replicate_027/fit_K1_3_K2_3.rds",TRUE
11,27,1000,72,36,3,3,3,3,147887.421426144,1.76813468138377,11957033,"result/bic_fits/scenario_11_n1000_J36_trueK3/replicate_027/fit_K1_3_K2_3.rds",TRUE
14,27,1000,48,24,4,4,1,4,100307.434158601,1.12822349071503,14957014,"result/bic_fits/scenario_14_n1000_J24_trueK4/replicate_027/fit_K1_1_K2_4.rds",FALSE
17,27,1000,72,36,4,4,4,4,148290.595040358,2.85545527140299,17957044,"result/bic_fits/scenario_17_n1000_J36_trueK4/replicate_027/fit_K1_4_K2_4.rds",TRUE
2,28,1000,48,24,2,2,2,2,98737.5427317312,0.777993853886922,2958022,"result/bic_fits/scenario_02_n1000_J24_trueK2/replicate_028/fit_K1_2_K2_2.rds",TRUE
5,28,1000,72,36,2,2,2,3,147639.786350094,1.34159521659215,5958023,"result/bic_fits/scenario_05_n1000_J36_trueK2/replicate_028/fit_K1_2_K2_3.rds",FALSE
8,28,1000,48,24,3,3,3,3,99406.2368596121,1.23978571097056,8958033,"result/bic_fits/scenario_08_n1000_J24_trueK3/replicate_028/fit_K1_3_K2_3.rds",TRUE
11,28,1000,72,36,3,3,3,3,147711.036716186,1.67139805555344,11958033,"result/bic_fits/scenario_11_n1000_J36_trueK3/replicate_028/fit_K1_3_K2_3.rds",TRUE
14,28,1000,48,24,4,4,2,4,100272.477800716,1.27195836702983,14958024,"result/bic_fits/scenario_14_n1000_J24_trueK4/replicate_028/fit_K1_2_K2_4.rds",FALSE
17,28,1000,72,36,4,4,4,4,148539.530552728,2.68896464109421,17958044,"result/bic_fits/scenario_17_n1000_J36_trueK4/replicate_028/fit_K1_4_K2_4.rds",TRUE
2,29,1000,48,24,2,2,2,2,98891.8487416488,0.784617984294891,2959022,"result/bic_fits/scenario_02_n1000_J24_trueK2/replicate_029/fit_K1_2_K2_2.rds",TRUE
5,29,1000,72,36,2,2,2,2,146870.248815414,1.11357169151306,5959022,"result/bic_fits/scenario_05_n1000_J36_trueK2/replicate_029/fit_K1_2_K2_2.rds",TRUE
8,29,1000,48,24,3,3,2,3,99891.5102841952,1.02151040633519,8959023,"result/bic_fits/scenario_08_n1000_J24_trueK3/replicate_029/fit_K1_2_K2_3.rds",FALSE
11,29,1000,72,36,3,3,3,3,147945.944544148,1.6535586198171,11959033,"result/bic_fits/scenario_11_n1000_J36_trueK3/replicate_029/fit_K1_3_K2_3.rds",TRUE
14,29,1000,48,24,4,4,2,4,100132.455260369,1.25943195025126,14959024,"result/bic_fits/scenario_14_n1000_J24_trueK4/replicate_029/fit_K1_2_K2_4.rds",FALSE
17,29,1000,72,36,4,4,4,4,148437.021453135,2.62377994855245,17959044,"result/bic_fits/scenario_17_n1000_J36_trueK4/replicate_029/fit_K1_4_K2_4.rds",TRUE
2,30,1000,48,24,2,2,2,2,99184.4784901195,0.804534753163656,2960022,"result/bic_fits/scenario_02_n1000_J24_trueK2/replicate_030/fit_K1_2_K2_2.rds",TRUE
5,30,1000,72,36,2,2,2,2,147114.712489328,1.12177861134211,5960022,"result/bic_fits/scenario_05_n1000_J36_trueK2/replicate_030/fit_K1_2_K2_2.rds",TRUE
8,30,1000,48,24,3,3,3,3,99355.3907949307,1.18866352637609,8960033,"result/bic_fits/scenario_08_n1000_J24_trueK3/replicate_030/fit_K1_3_K2_3.rds",TRUE
11,30,1000,72,36,3,3,3,3,147489.70236268,1.66538630326589,11960033,"result/bic_fits/scenario_11_n1000_J36_trueK3/replicate_030/fit_K1_3_K2_3.rds",TRUE
14,30,1000,48,24,4,4,1,4,100194.24888931,1.12104791005452,14960014,"result/bic_fits/scenario_14_n1000_J24_trueK4/replicate_030/fit_K1_1_K2_4.rds",FALSE
17,30,1000,72,36,4,4,4,4,148130.911878683,2.59443254073461,17960044,"result/bic_fits/scenario_17_n1000_J36_trueK4/replicate_030/fit_K1_4_K2_4.rds",TRUE
2,31,1000,48,24,2,2,2,2,98590.1153158626,0.805053726832072,2961022,"result/bic_fits/scenario_02_n1000_J24_trueK2/replicate_031/fit_K1_2_K2_2.rds",TRUE
5,31,1000,72,36,2,2,2,2,147287.967662994,1.11660633881887,5961022,"result/bic_fits/scenario_05_n1000_J36_trueK2/replicate_031/fit_K1_2_K2_2.rds",TRUE
8,31,1000,48,24,3,3,2,3,99789.6739002314,0.970930067698161,8961023,"result/bic_fits/scenario_08_n1000_J24_trueK3/replicate_031/fit_K1_2_K2_3.rds",FALSE
11,31,1000,72,36,3,3,3,3,147560.811905763,1.66134760379791,11961033,"result/bic_fits/scenario_11_n1000_J36_trueK3/replicate_031/fit_K1_3_K2_3.rds",TRUE
14,31,1000,48,24,4,4,2,4,99912.2642520159,1.26264758904775,14961024,"result/bic_fits/scenario_14_n1000_J24_trueK4/replicate_031/fit_K1_2_K2_4.rds",FALSE
17,31,1000,72,36,4,4,4,4,148800.614302376,2.89251670440038,17961044,"result/bic_fits/scenario_17_n1000_J36_trueK4/replicate_031/fit_K1_4_K2_4.rds",TRUE
2,32,1000,48,24,2,2,2,2,98968.6606248451,0.805225551128387,2962022,"result/bic_fits/scenario_02_n1000_J24_trueK2/replicate_032/fit_K1_2_K2_2.rds",TRUE
5,32,1000,72,36,2,2,2,2,147227.724688678,1.23033033212026,5962022,"result/bic_fits/scenario_05_n1000_J36_trueK2/replicate_032/fit_K1_2_K2_2.rds",TRUE
8,32,1000,48,24,3,3,3,3,99476.0012477981,1.16819264491399,8962033,"result/bic_fits/scenario_08_n1000_J24_trueK3/replicate_032/fit_K1_3_K2_3.rds",TRUE
11,32,1000,72,36,3,3,3,3,148014.153995093,1.62709831396739,11962033,"result/bic_fits/scenario_11_n1000_J36_trueK3/replicate_032/fit_K1_3_K2_3.rds",TRUE
14,32,1000,48,24,4,4,1,4,99918.8137152334,1.13670094410578,14962014,"result/bic_fits/scenario_14_n1000_J24_trueK4/replicate_032/fit_K1_1_K2_4.rds",FALSE
17,32,1000,72,36,4,4,4,4,148194.443412036,2.82525880734126,17962044,"result/bic_fits/scenario_17_n1000_J36_trueK4/replicate_032/fit_K1_4_K2_4.rds",TRUE
2,33,1000,48,24,2,2,2,2,98841.3929954793,0.791339882214864,2963022,"result/bic_fits/scenario_02_n1000_J24_trueK2/replicate_033/fit_K1_2_K2_2.rds",TRUE
5,33,1000,72,36,2,2,2,2,146800.301726224,1.12895348469416,5963022,"result/bic_fits/scenario_05_n1000_J36_trueK2/replicate_033/fit_K1_2_K2_2.rds",TRUE
8,33,1000,48,24,3,3,3,3,99178.3226172131,1.15949643850327,8963033,"result/bic_fits/scenario_08_n1000_J24_trueK3/replicate_033/fit_K1_3_K2_3.rds",TRUE
11,33,1000,72,36,3,3,3,3,147210.871733561,1.64122443199158,11963033,"result/bic_fits/scenario_11_n1000_J36_trueK3/replicate_033/fit_K1_3_K2_3.rds",TRUE
14,33,1000,48,24,4,4,1,4,100725.965682677,1.21098570823669,14963014,"result/bic_fits/scenario_14_n1000_J24_trueK4/replicate_033/fit_K1_1_K2_4.rds",FALSE
17,33,1000,72,36,4,4,4,4,147960.218753865,2.55981030464172,17963044,"result/bic_fits/scenario_17_n1000_J36_trueK4/replicate_033/fit_K1_4_K2_4.rds",TRUE
2,34,1000,48,24,2,2,2,2,99008.036713068,0.787561245759328,2964022,"result/bic_fits/scenario_02_n1000_J24_trueK2/replicate_034/fit_K1_2_K2_2.rds",TRUE
5,34,1000,72,36,2,2,2,2,147190.109091228,1.14965784549713,5964022,"result/bic_fits/scenario_05_n1000_J36_trueK2/replicate_034/fit_K1_2_K2_2.rds",TRUE
8,34,1000,48,24,3,3,3,3,99419.7853366144,1.26257435480754,8964033,"result/bic_fits/scenario_08_n1000_J24_trueK3/replicate_034/fit_K1_3_K2_3.rds",TRUE
11,34,1000,72,36,3,3,3,3,147322.368165353,1.63215373357137,11964033,"result/bic_fits/scenario_11_n1000_J36_trueK3/replicate_034/fit_K1_3_K2_3.rds",TRUE
14,34,1000,48,24,4,4,1,4,100136.009749432,1.13372401793798,14964014,"result/bic_fits/scenario_14_n1000_J24_trueK4/replicate_034/fit_K1_1_K2_4.rds",FALSE
17,34,1000,72,36,4,4,4,4,148439.156449603,2.60391030311584,17964044,"result/bic_fits/scenario_17_n1000_J36_trueK4/replicate_034/fit_K1_4_K2_4.rds",TRUE
2,35,1000,48,24,2,2,2,2,98901.7517973885,0.779134154319763,2965022,"result/bic_fits/scenario_02_n1000_J24_trueK2/replicate_035/fit_K1_2_K2_2.rds",TRUE
5,35,1000,72,36,2,2,2,2,146921.32931851,1.20615880886714,5965022,"result/bic_fits/scenario_05_n1000_J36_trueK2/replicate_035/fit_K1_2_K2_2.rds",TRUE
8,35,1000,48,24,3,3,3,3,99615.2474662904,1.15813170671463,8965033,"result/bic_fits/scenario_08_n1000_J24_trueK3/replicate_035/fit_K1_3_K2_3.rds",TRUE
11,35,1000,72,36,3,3,3,3,147373.790986232,1.64833750327428,11965033,"result/bic_fits/scenario_11_n1000_J36_trueK3/replicate_035/fit_K1_3_K2_3.rds",TRUE
14,35,1000,48,24,4,4,2,4,100151.929013464,1.25642071962357,14965024,"result/bic_fits/scenario_14_n1000_J24_trueK4/replicate_035/fit_K1_2_K2_4.rds",FALSE
17,35,1000,72,36,4,4,4,4,148254.169652008,2.6103268067042,17965044,"result/bic_fits/scenario_17_n1000_J36_trueK4/replicate_035/fit_K1_4_K2_4.rds",TRUE
2,36,1000,48,24,2,2,2,2,98670.3065482783,0.830673142274221,2966022,"result/bic_fits/scenario_02_n1000_J24_trueK2/replicate_036/fit_K1_2_K2_2.rds",TRUE
5,36,1000,72,36,2,2,2,2,147369.737964543,1.11443359057109,5966022,"result/bic_fits/scenario_05_n1000_J36_trueK2/replicate_036/fit_K1_2_K2_2.rds",TRUE
8,36,1000,48,24,3,3,3,3,99564.0531476812,1.22408014933268,8966033,"result/bic_fits/scenario_08_n1000_J24_trueK3/replicate_036/fit_K1_3_K2_3.rds",TRUE
11,36,1000,72,36,3,3,3,3,147907.983935667,1.65182093779246,11966033,"result/bic_fits/scenario_11_n1000_J36_trueK3/replicate_036/fit_K1_3_K2_3.rds",TRUE
14,36,1000,48,24,4,4,2,4,100291.277095934,1.28220757246017,14966024,"result/bic_fits/scenario_14_n1000_J24_trueK4/replicate_036/fit_K1_2_K2_4.rds",FALSE
17,36,1000,72,36,4,4,4,4,147980.553913255,2.6814400156339,17966044,"result/bic_fits/scenario_17_n1000_J36_trueK4/replicate_036/fit_K1_4_K2_4.rds",TRUE
2,37,1000,48,24,2,2,2,2,98875.2393648845,0.811392788092295,2967022,"result/bic_fits/scenario_02_n1000_J24_trueK2/replicate_037/fit_K1_2_K2_2.rds",TRUE
5,37,1000,72,36,2,2,2,2,147077.258309806,1.11800156434377,5967022,"result/bic_fits/scenario_05_n1000_J36_trueK2/replicate_037/fit_K1_2_K2_2.rds",TRUE
8,37,1000,48,24,3,3,3,3,99583.3671281545,1.15121168295542,8967033,"result/bic_fits/scenario_08_n1000_J24_trueK3/replicate_037/fit_K1_3_K2_3.rds",TRUE
11,37,1000,72,36,3,3,3,3,147541.671335178,1.62491317987442,11967033,"result/bic_fits/scenario_11_n1000_J36_trueK3/replicate_037/fit_K1_3_K2_3.rds",TRUE
14,37,1000,48,24,4,4,1,4,99966.527148881,1.12280775705973,14967014,"result/bic_fits/scenario_14_n1000_J24_trueK4/replicate_037/fit_K1_1_K2_4.rds",FALSE
17,37,1000,72,36,4,4,4,4,148629.557330397,2.62548526128133,17967044,"result/bic_fits/scenario_17_n1000_J36_trueK4/replicate_037/fit_K1_4_K2_4.rds",TRUE
2,38,1000,48,24,2,2,2,3,99184.5382820672,0.929026011625926,2968023,"result/bic_fits/scenario_02_n1000_J24_trueK2/replicate_038/fit_K1_2_K2_3.rds",FALSE
5,38,1000,72,36,2,2,2,2,146804.076205876,1.13908248742421,5968022,"result/bic_fits/scenario_05_n1000_J36_trueK2/replicate_038/fit_K1_2_K2_2.rds",TRUE
8,38,1000,48,24,3,3,3,3,99753.455145478,1.16094677050908,8968033,"result/bic_fits/scenario_08_n1000_J24_trueK3/replicate_038/fit_K1_3_K2_3.rds",TRUE
11,38,1000,72,36,3,3,3,3,147363.022326302,1.63544714450836,11968033,"result/bic_fits/scenario_11_n1000_J36_trueK3/replicate_038/fit_K1_3_K2_3.rds",TRUE
14,38,1000,48,24,4,4,2,4,100047.64723944,1.36105533440908,14968024,"result/bic_fits/scenario_14_n1000_J24_trueK4/replicate_038/fit_K1_2_K2_4.rds",FALSE
17,38,1000,72,36,4,4,4,4,148517.795179862,2.60582865079244,17968044,"result/bic_fits/scenario_17_n1000_J36_trueK4/replicate_038/fit_K1_4_K2_4.rds",TRUE
2,39,1000,48,24,2,2,2,2,98851.1362031632,0.828080276648203,2969022,"result/bic_fits/scenario_02_n1000_J24_trueK2/replicate_039/fit_K1_2_K2_2.rds",TRUE
5,39,1000,72,36,2,2,2,2,147237.758801723,1.14825474023819,5969022,"result/bic_fits/scenario_05_n1000_J36_trueK2/replicate_039/fit_K1_2_K2_2.rds",TRUE
8,39,1000,48,24,3,3,3,3,99505.5608106545,1.15106615622838,8969033,"result/bic_fits/scenario_08_n1000_J24_trueK3/replicate_039/fit_K1_3_K2_3.rds",TRUE
11,39,1000,72,36,3,3,3,3,147692.316320987,1.6220078309377,11969033,"result/bic_fits/scenario_11_n1000_J36_trueK3/replicate_039/fit_K1_3_K2_3.rds",TRUE
14,39,1000,48,24,4,4,2,4,100462.567674054,1.3754493077596,14969024,"result/bic_fits/scenario_14_n1000_J24_trueK4/replicate_039/fit_K1_2_K2_4.rds",FALSE
17,39,1000,72,36,4,4,4,4,148144.14743883,2.70433878898621,17969044,"result/bic_fits/scenario_17_n1000_J36_trueK4/replicate_039/fit_K1_4_K2_4.rds",TRUE
2,40,1000,48,24,2,2,2,2,98969.5105838839,0.77987140417099,2970022,"result/bic_fits/scenario_02_n1000_J24_trueK2/replicate_040/fit_K1_2_K2_2.rds",TRUE
5,40,1000,72,36,2,2,2,2,147146.575927047,1.17119771639506,5970022,"result/bic_fits/scenario_05_n1000_J36_trueK2/replicate_040/fit_K1_2_K2_2.rds",TRUE
8,40,1000,48,24,3,3,3,3,99087.2784124227,1.22467935880025,8970033,"result/bic_fits/scenario_08_n1000_J24_trueK3/replicate_040/fit_K1_3_K2_3.rds",TRUE
11,40,1000,72,36,3,3,3,3,147534.102770857,1.62026318709056,11970033,"result/bic_fits/scenario_11_n1000_J36_trueK3/replicate_040/fit_K1_3_K2_3.rds",TRUE
14,40,1000,48,24,4,4,1,4,100330.384408303,1.11173841158549,14970014,"result/bic_fits/scenario_14_n1000_J24_trueK4/replicate_040/fit_K1_1_K2_4.rds",FALSE
17,40,1000,72,36,4,4,4,4,148361.731981101,2.59787333011627,17970044,"result/bic_fits/scenario_17_n1000_J36_trueK4/replicate_040/fit_K1_4_K2_4.rds",TRUE
2,41,1000,48,24,2,2,2,2,98896.0137733181,0.828602135181427,2971022,"result/bic_fits/scenario_02_n1000_J24_trueK2/replicate_041/fit_K1_2_K2_2.rds",TRUE
5,41,1000,72,36,2,2,2,2,146759.477414997,1.22047215302785,5971022,"result/bic_fits/scenario_05_n1000_J36_trueK2/replicate_041/fit_K1_2_K2_2.rds",TRUE
8,41,1000,48,24,3,3,3,3,99517.2980963343,1.16294451951981,8971033,"result/bic_fits/scenario_08_n1000_J24_trueK3/replicate_041/fit_K1_3_K2_3.rds",TRUE
11,41,1000,72,36,3,3,3,3,148035.579224316,1.63912142515182,11971033,"result/bic_fits/scenario_11_n1000_J36_trueK3/replicate_041/fit_K1_3_K2_3.rds",TRUE
14,41,1000,48,24,4,4,2,4,100554.491359866,1.26874628067017,14971024,"result/bic_fits/scenario_14_n1000_J24_trueK4/replicate_041/fit_K1_2_K2_4.rds",FALSE
17,41,1000,72,36,4,4,4,4,148378.322540766,2.6131657799085,17971044,"result/bic_fits/scenario_17_n1000_J36_trueK4/replicate_041/fit_K1_4_K2_4.rds",TRUE
2,42,1000,48,24,2,2,2,2,99037.7913796778,0.818469591935476,2972022,"result/bic_fits/scenario_02_n1000_J24_trueK2/replicate_042/fit_K1_2_K2_2.rds",TRUE
5,42,1000,72,36,2,2,2,2,146710.048532159,1.13930581013362,5972022,"result/bic_fits/scenario_05_n1000_J36_trueK2/replicate_042/fit_K1_2_K2_2.rds",TRUE
8,42,1000,48,24,3,3,3,3,99636.8957236749,1.23895851771037,8972033,"result/bic_fits/scenario_08_n1000_J24_trueK3/replicate_042/fit_K1_3_K2_3.rds",TRUE
11,42,1000,72,36,3,3,3,3,148061.157091742,1.63552353779475,11972033,"result/bic_fits/scenario_11_n1000_J36_trueK3/replicate_042/fit_K1_3_K2_3.rds",TRUE
14,42,1000,48,24,4,4,2,4,100239.175980254,1.2684344847997,14972024,"result/bic_fits/scenario_14_n1000_J24_trueK4/replicate_042/fit_K1_2_K2_4.rds",FALSE
17,42,1000,72,36,4,4,4,4,148624.837317526,2.59484293063482,17972044,"result/bic_fits/scenario_17_n1000_J36_trueK4/replicate_042/fit_K1_4_K2_4.rds",TRUE
2,43,1000,48,24,2,2,2,2,99061.4510336946,0.782629776000977,2973022,"result/bic_fits/scenario_02_n1000_J24_trueK2/replicate_043/fit_K1_2_K2_2.rds",TRUE
5,43,1000,72,36,2,2,2,2,147080.757306541,1.1400856812795,5973022,"result/bic_fits/scenario_05_n1000_J36_trueK2/replicate_043/fit_K1_2_K2_2.rds",TRUE
8,43,1000,48,24,3,3,3,3,99869.6953377075,1.17773010730743,8973033,"result/bic_fits/scenario_08_n1000_J24_trueK3/replicate_043/fit_K1_3_K2_3.rds",TRUE
11,43,1000,72,36,3,3,3,3,147689.81757134,1.73557854890823,11973033,"result/bic_fits/scenario_11_n1000_J36_trueK3/replicate_043/fit_K1_3_K2_3.rds",TRUE
14,43,1000,48,24,4,4,1,4,100153.352658438,1.12275168895721,14973014,"result/bic_fits/scenario_14_n1000_J24_trueK4/replicate_043/fit_K1_1_K2_4.rds",FALSE
17,43,1000,72,36,4,4,4,4,148677.622614529,2.7773911635081,17973044,"result/bic_fits/scenario_17_n1000_J36_trueK4/replicate_043/fit_K1_4_K2_4.rds",TRUE
2,44,1000,48,24,2,2,2,2,99085.329392271,0.779692387580872,2974022,"result/bic_fits/scenario_02_n1000_J24_trueK2/replicate_044/fit_K1_2_K2_2.rds",TRUE
5,44,1000,72,36,2,2,2,2,146969.027319435,1.14274388154348,5974022,"result/bic_fits/scenario_05_n1000_J36_trueK2/replicate_044/fit_K1_2_K2_2.rds",TRUE
8,44,1000,48,24,3,3,2,3,99640.9325598733,0.98000613451004,8974023,"result/bic_fits/scenario_08_n1000_J24_trueK3/replicate_044/fit_K1_2_K2_3.rds",FALSE
11,44,1000,72,36,3,3,3,3,147913.625165129,1.62177987098694,11974033,"result/bic_fits/scenario_11_n1000_J36_trueK3/replicate_044/fit_K1_3_K2_3.rds",TRUE
14,44,1000,48,24,4,4,2,4,100081.5722824,1.32077087958654,14974024,"result/bic_fits/scenario_14_n1000_J24_trueK4/replicate_044/fit_K1_2_K2_4.rds",FALSE
17,44,1000,72,36,4,4,4,4,148343.334312332,2.64064257542292,17974044,"result/bic_fits/scenario_17_n1000_J36_trueK4/replicate_044/fit_K1_4_K2_4.rds",TRUE
2,45,1000,48,24,2,2,2,2,98878.5116653323,0.775488718350728,2975022,"result/bic_fits/scenario_02_n1000_J24_trueK2/replicate_045/fit_K1_2_K2_2.rds",TRUE
5,45,1000,72,36,2,2,2,2,147319.565541665,1.13905601104101,5975022,"result/bic_fits/scenario_05_n1000_J36_trueK2/replicate_045/fit_K1_2_K2_2.rds",TRUE
8,45,1000,48,24,3,3,3,3,99865.0334167792,1.15562479893366,8975033,"result/bic_fits/scenario_08_n1000_J24_trueK3/replicate_045/fit_K1_3_K2_3.rds",TRUE
11,45,1000,72,36,3,3,3,3,147858.522098004,1.62203207413355,11975033,"result/bic_fits/scenario_11_n1000_J36_trueK3/replicate_045/fit_K1_3_K2_3.rds",TRUE
14,45,1000,48,24,4,4,1,4,99992.2636628859,1.12229611873627,14975014,"result/bic_fits/scenario_14_n1000_J24_trueK4/replicate_045/fit_K1_1_K2_4.rds",FALSE
17,45,1000,72,36,4,4,3,4,148070.646284353,2.10344135363897,17975034,"result/bic_fits/scenario_17_n1000_J36_trueK4/replicate_045/fit_K1_3_K2_4.rds",FALSE
2,46,1000,48,24,2,2,2,2,99152.4854037997,0.80238352616628,2976022,"result/bic_fits/scenario_02_n1000_J24_trueK2/replicate_046/fit_K1_2_K2_2.rds",TRUE
5,46,1000,72,36,2,2,2,2,146561.634847262,1.12687521775564,5976022,"result/bic_fits/scenario_05_n1000_J36_trueK2/replicate_046/fit_K1_2_K2_2.rds",TRUE
8,46,1000,48,24,3,3,3,3,99671.1980129725,1.2470356742541,8976033,"result/bic_fits/scenario_08_n1000_J24_trueK3/replicate_046/fit_K1_3_K2_3.rds",TRUE
11,46,1000,72,36,3,3,3,3,148149.890353038,1.62694170475006,11976033,"result/bic_fits/scenario_11_n1000_J36_trueK3/replicate_046/fit_K1_3_K2_3.rds",TRUE
14,46,1000,48,24,4,4,1,4,99888.0595896811,1.11646430095037,14976014,"result/bic_fits/scenario_14_n1000_J24_trueK4/replicate_046/fit_K1_1_K2_4.rds",FALSE
17,46,1000,72,36,4,4,4,4,148212.707916138,2.60457930962245,17976044,"result/bic_fits/scenario_17_n1000_J36_trueK4/replicate_046/fit_K1_4_K2_4.rds",TRUE
2,47,1000,48,24,2,2,2,2,99095.1101873854,0.770940363407135,2977022,"result/bic_fits/scenario_02_n1000_J24_trueK2/replicate_047/fit_K1_2_K2_2.rds",TRUE
5,47,1000,72,36,2,2,2,2,146888.128860116,1.21385876337687,5977022,"result/bic_fits/scenario_05_n1000_J36_trueK2/replicate_047/fit_K1_2_K2_2.rds",TRUE
8,47,1000,48,24,3,3,3,3,99726.0191442049,1.17679836750031,8977033,"result/bic_fits/scenario_08_n1000_J24_trueK3/replicate_047/fit_K1_3_K2_3.rds",TRUE
11,47,1000,72,36,3,3,3,3,147732.194342546,1.61954393784205,11977033,"result/bic_fits/scenario_11_n1000_J36_trueK3/replicate_047/fit_K1_3_K2_3.rds",TRUE
14,47,1000,48,24,4,4,2,4,100664.905181208,1.24892077445984,14977024,"result/bic_fits/scenario_14_n1000_J24_trueK4/replicate_047/fit_K1_2_K2_4.rds",FALSE
17,47,1000,72,36,4,4,4,4,148392.928823024,2.68629108667374,17977044,"result/bic_fits/scenario_17_n1000_J36_trueK4/replicate_047/fit_K1_4_K2_4.rds",TRUE
2,48,1000,48,24,2,2,2,2,99409.8232399774,0.823033384482066,2978022,"result/bic_fits/scenario_02_n1000_J24_trueK2/replicate_048/fit_K1_2_K2_2.rds",TRUE
5,48,1000,72,36,2,2,2,2,147040.71145912,1.12215951681137,5978022,"result/bic_fits/scenario_05_n1000_J36_trueK2/replicate_048/fit_K1_2_K2_2.rds",TRUE
8,48,1000,48,24,3,3,3,3,99929.678378609,1.17095733086268,8978033,"result/bic_fits/scenario_08_n1000_J24_trueK3/replicate_048/fit_K1_3_K2_3.rds",TRUE
11,48,1000,72,36,3,3,3,3,147939.508963439,1.65590399503708,11978033,"result/bic_fits/scenario_11_n1000_J36_trueK3/replicate_048/fit_K1_3_K2_3.rds",TRUE
14,48,1000,48,24,4,4,1,4,100266.994959479,1.21424542665482,14978014,"result/bic_fits/scenario_14_n1000_J24_trueK4/replicate_048/fit_K1_1_K2_4.rds",FALSE
17,48,1000,72,36,4,4,4,4,148446.42853835,2.8363232533137,17978044,"result/bic_fits/scenario_17_n1000_J36_trueK4/replicate_048/fit_K1_4_K2_4.rds",TRUE
2,49,1000,48,24,2,2,2,2,99161.3443629293,0.778946363925934,2979022,"result/bic_fits/scenario_02_n1000_J24_trueK2/replicate_049/fit_K1_2_K2_2.rds",TRUE
5,49,1000,72,36,2,2,2,2,147123.432295327,1.13225969076157,5979022,"result/bic_fits/scenario_05_n1000_J36_trueK2/replicate_049/fit_K1_2_K2_2.rds",TRUE
8,49,1000,48,24,3,3,3,3,99332.0385718402,1.17301677465439,8979033,"result/bic_fits/scenario_08_n1000_J24_trueK3/replicate_049/fit_K1_3_K2_3.rds",TRUE
11,49,1000,72,36,3,3,3,3,147865.215007961,1.64006021022797,11979033,"result/bic_fits/scenario_11_n1000_J36_trueK3/replicate_049/fit_K1_3_K2_3.rds",TRUE
14,49,1000,48,24,4,4,1,4,100047.758434485,1.11666830778122,14979014,"result/bic_fits/scenario_14_n1000_J24_trueK4/replicate_049/fit_K1_1_K2_4.rds",FALSE
17,49,1000,72,36,4,4,4,4,148355.490905903,2.82513478597005,17979044,"result/bic_fits/scenario_17_n1000_J36_trueK4/replicate_049/fit_K1_4_K2_4.rds",TRUE
2,50,1000,48,24,2,2,2,2,98255.9535190281,0.777109849452972,2980022,"result/bic_fits/scenario_02_n1000_J24_trueK2/replicate_050/fit_K1_2_K2_2.rds",TRUE
5,50,1000,72,36,2,2,2,2,146799.962404104,1.12018371025721,5980022,"result/bic_fits/scenario_05_n1000_J36_trueK2/replicate_050/fit_K1_2_K2_2.rds",TRUE
8,50,1000,48,24,3,3,2,3,99695.9350837624,0.954846711953481,8980023,"result/bic_fits/scenario_08_n1000_J24_trueK3/replicate_050/fit_K1_2_K2_3.rds",FALSE
11,50,1000,72,36,3,3,3,3,147814.451281406,1.65530172983805,11980033,"result/bic_fits/scenario_11_n1000_J36_trueK3/replicate_050/fit_K1_3_K2_3.rds",TRUE
14,50,1000,48,24,4,4,2,4,100216.381723448,1.29278717835744,14980024,"result/bic_fits/scenario_14_n1000_J24_trueK4/replicate_050/fit_K1_2_K2_4.rds",FALSE
17,50,1000,72,36,4,4,4,4,147842.952766835,2.63341192404429,17980044,"result/bic_fits/scenario_17_n1000_J36_trueK4/replicate_050/fit_K1_4_K2_4.rds",TRUE
2,51,1000,48,24,2,2,2,2,99149.2015714911,0.780566116174062,2981022,"result/bic_fits/scenario_02_n1000_J24_trueK2/replicate_051/fit_K1_2_K2_2.rds",TRUE
5,51,1000,72,36,2,2,2,2,146988.128968932,1.11331127087275,5981022,"result/bic_fits/scenario_05_n1000_J36_trueK2/replicate_051/fit_K1_2_K2_2.rds",TRUE
8,51,1000,48,24,3,3,3,3,99782.3215045163,1.14670121272405,8981033,"result/bic_fits/scenario_08_n1000_J24_trueK3/replicate_051/fit_K1_3_K2_3.rds",TRUE
11,51,1000,72,36,3,3,3,3,148245.790298737,1.67041116555532,11981033,"result/bic_fits/scenario_11_n1000_J36_trueK3/replicate_051/fit_K1_3_K2_3.rds",TRUE
14,51,1000,48,24,4,4,1,4,100576.348406531,1.10621723731359,14981014,"result/bic_fits/scenario_14_n1000_J24_trueK4/replicate_051/fit_K1_1_K2_4.rds",FALSE
17,51,1000,72,36,4,4,4,4,148439.202579898,2.63048085769018,17981044,"result/bic_fits/scenario_17_n1000_J36_trueK4/replicate_051/fit_K1_4_K2_4.rds",TRUE
2,52,1000,48,24,2,2,2,2,99021.5834263025,0.77730655670166,2982022,"result/bic_fits/scenario_02_n1000_J24_trueK2/replicate_052/fit_K1_2_K2_2.rds",TRUE
5,52,1000,72,36,2,2,2,2,146756.547894055,1.20476440985998,5982022,"result/bic_fits/scenario_05_n1000_J36_trueK2/replicate_052/fit_K1_2_K2_2.rds",TRUE
8,52,1000,48,24,3,3,3,3,99785.4109065074,1.14560966889064,8982033,"result/bic_fits/scenario_08_n1000_J24_trueK3/replicate_052/fit_K1_3_K2_3.rds",TRUE
11,52,1000,72,36,3,3,3,3,147878.417887561,1.64293307065964,11982033,"result/bic_fits/scenario_11_n1000_J36_trueK3/replicate_052/fit_K1_3_K2_3.rds",TRUE
14,52,1000,48,24,4,4,1,4,100519.920131201,1.12875937620799,14982014,"result/bic_fits/scenario_14_n1000_J24_trueK4/replicate_052/fit_K1_1_K2_4.rds",FALSE
17,52,1000,72,36,4,4,4,4,148160.412047046,2.6521022717158,17982044,"result/bic_fits/scenario_17_n1000_J36_trueK4/replicate_052/fit_K1_4_K2_4.rds",TRUE
2,53,1000,48,24,2,2,2,2,99092.293225778,0.826042238871256,2983022,"result/bic_fits/scenario_02_n1000_J24_trueK2/replicate_053/fit_K1_2_K2_2.rds",TRUE
5,53,1000,72,36,2,2,2,2,147059.676267323,1.12113747199376,5983022,"result/bic_fits/scenario_05_n1000_J36_trueK2/replicate_053/fit_K1_2_K2_2.rds",TRUE
8,53,1000,48,24,3,3,2,3,99797.0736336321,0.939558072884877,8983023,"result/bic_fits/scenario_08_n1000_J24_trueK3/replicate_053/fit_K1_2_K2_3.rds",FALSE
11,53,1000,72,36,3,3,3,3,147428.248459561,1.65227860212326,11983033,"result/bic_fits/scenario_11_n1000_J36_trueK3/replicate_053/fit_K1_3_K2_3.rds",TRUE
14,53,1000,48,24,4,4,1,4,100531.023456427,1.12411507765452,14983014,"result/bic_fits/scenario_14_n1000_J24_trueK4/replicate_053/fit_K1_1_K2_4.rds",FALSE
17,53,1000,72,36,4,4,4,4,148471.294685047,2.63022394180298,17983044,"result/bic_fits/scenario_17_n1000_J36_trueK4/replicate_053/fit_K1_4_K2_4.rds",TRUE
2,54,1000,48,24,2,2,2,2,99369.9490017595,0.820400718847911,2984022,"result/bic_fits/scenario_02_n1000_J24_trueK2/replicate_054/fit_K1_2_K2_2.rds",TRUE
5,54,1000,72,36,2,2,2,2,147060.367374002,1.1672049164772,5984022,"result/bic_fits/scenario_05_n1000_J36_trueK2/replicate_054/fit_K1_2_K2_2.rds",TRUE
8,54,1000,48,24,3,3,3,3,99348.0564495255,1.19105884631475,8984033,"result/bic_fits/scenario_08_n1000_J24_trueK3/replicate_054/fit_K1_3_K2_3.rds",TRUE
11,54,1000,72,36,3,3,3,3,147918.922044469,1.62340244849523,11984033,"result/bic_fits/scenario_11_n1000_J36_trueK3/replicate_054/fit_K1_3_K2_3.rds",TRUE
14,54,1000,48,24,4,4,1,4,100444.362314809,1.12299672365189,14984014,"result/bic_fits/scenario_14_n1000_J24_trueK4/replicate_054/fit_K1_1_K2_4.rds",FALSE
17,54,1000,72,36,4,4,4,4,148425.993260431,2.64444111585617,17984044,"result/bic_fits/scenario_17_n1000_J36_trueK4/replicate_054/fit_K1_4_K2_4.rds",TRUE
2,55,1000,48,24,2,2,2,2,98866.7718601568,0.820628694693248,2985022,"result/bic_fits/scenario_02_n1000_J24_trueK2/replicate_055/fit_K1_2_K2_2.rds",TRUE
5,55,1000,72,36,2,2,2,2,147133.697387723,1.15915851195653,5985022,"result/bic_fits/scenario_05_n1000_J36_trueK2/replicate_055/fit_K1_2_K2_2.rds",TRUE
8,55,1000,48,24,3,3,3,3,99660.6009696256,1.17269858916601,8985033,"result/bic_fits/scenario_08_n1000_J24_trueK3/replicate_055/fit_K1_3_K2_3.rds",TRUE
11,55,1000,72,36,3,3,3,3,147894.897431678,1.64466514984767,11985033,"result/bic_fits/scenario_11_n1000_J36_trueK3/replicate_055/fit_K1_3_K2_3.rds",TRUE
14,55,1000,48,24,4,4,2,4,100279.527084586,1.25475799242655,14985024,"result/bic_fits/scenario_14_n1000_J24_trueK4/replicate_055/fit_K1_2_K2_4.rds",FALSE
17,55,1000,72,36,4,4,4,4,148049.131607013,2.67875863313675,17985044,"result/bic_fits/scenario_17_n1000_J36_trueK4/replicate_055/fit_K1_4_K2_4.rds",TRUE
2,56,1000,48,24,2,2,2,2,98936.567630187,0.777068221569061,2986022,"result/bic_fits/scenario_02_n1000_J24_trueK2/replicate_056/fit_K1_2_K2_2.rds",TRUE
5,56,1000,72,36,2,2,2,2,147234.306095077,1.12486407756805,5986022,"result/bic_fits/scenario_05_n1000_J36_trueK2/replicate_056/fit_K1_2_K2_2.rds",TRUE
8,56,1000,48,24,3,3,3,3,99609.5875188246,1.15653568903605,8986033,"result/bic_fits/scenario_08_n1000_J24_trueK3/replicate_056/fit_K1_3_K2_3.rds",TRUE
11,56,1000,72,36,3,3,3,3,148246.20771673,1.68343074719111,11986033,"result/bic_fits/scenario_11_n1000_J36_trueK3/replicate_056/fit_K1_3_K2_3.rds",TRUE
14,56,1000,48,24,4,4,1,4,100419.299163619,1.20618528525035,14986014,"result/bic_fits/scenario_14_n1000_J24_trueK4/replicate_056/fit_K1_1_K2_4.rds",FALSE
17,56,1000,72,36,4,4,4,4,148250.864586612,2.62756346464157,17986044,"result/bic_fits/scenario_17_n1000_J36_trueK4/replicate_056/fit_K1_4_K2_4.rds",TRUE
2,57,1000,48,24,2,2,2,2,99068.3476128389,0.82109268506368,2987022,"result/bic_fits/scenario_02_n1000_J24_trueK2/replicate_057/fit_K1_2_K2_2.rds",TRUE
5,57,1000,72,36,2,2,2,2,146798.576153928,1.12155779202779,5987022,"result/bic_fits/scenario_05_n1000_J36_trueK2/replicate_057/fit_K1_2_K2_2.rds",TRUE
8,57,1000,48,24,3,3,3,3,99639.3840563342,1.14854996601741,8987033,"result/bic_fits/scenario_08_n1000_J24_trueK3/replicate_057/fit_K1_3_K2_3.rds",TRUE
11,57,1000,72,36,3,3,3,3,148080.275921064,1.66149569749832,11987033,"result/bic_fits/scenario_11_n1000_J36_trueK3/replicate_057/fit_K1_3_K2_3.rds",TRUE
14,57,1000,48,24,4,4,1,4,100281.957935777,1.13161612351735,14987014,"result/bic_fits/scenario_14_n1000_J24_trueK4/replicate_057/fit_K1_1_K2_4.rds",FALSE
17,57,1000,72,36,4,4,4,4,148232.596163533,2.61433063348134,17987044,"result/bic_fits/scenario_17_n1000_J36_trueK4/replicate_057/fit_K1_4_K2_4.rds",TRUE
2,58,1000,48,24,2,2,2,2,98901.7445429831,0.773918724060059,2988022,"result/bic_fits/scenario_02_n1000_J24_trueK2/replicate_058/fit_K1_2_K2_2.rds",TRUE
5,58,1000,72,36,2,2,2,2,146596.41733071,1.20019408464432,5988022,"result/bic_fits/scenario_05_n1000_J36_trueK2/replicate_058/fit_K1_2_K2_2.rds",TRUE
8,58,1000,48,24,3,3,2,3,99733.9524353174,0.946285506089528,8988023,"result/bic_fits/scenario_08_n1000_J24_trueK3/replicate_058/fit_K1_2_K2_3.rds",FALSE
11,58,1000,72,36,3,3,3,3,147220.653796992,1.62071932951609,11988033,"result/bic_fits/scenario_11_n1000_J36_trueK3/replicate_058/fit_K1_3_K2_3.rds",TRUE
14,58,1000,48,24,4,4,1,4,100516.2461074,1.11255586942037,14988014,"result/bic_fits/scenario_14_n1000_J24_trueK4/replicate_058/fit_K1_1_K2_4.rds",FALSE
17,58,1000,72,36,4,4,4,4,148175.371581715,2.6109153230985,17988044,"result/bic_fits/scenario_17_n1000_J36_trueK4/replicate_058/fit_K1_4_K2_4.rds",TRUE
2,59,1000,48,24,2,2,2,2,98627.5536596023,0.806997426350911,2989022,"result/bic_fits/scenario_02_n1000_J24_trueK2/replicate_059/fit_K1_2_K2_2.rds",TRUE
5,59,1000,72,36,2,2,2,2,147188.260891601,1.17036012411118,5989022,"result/bic_fits/scenario_05_n1000_J36_trueK2/replicate_059/fit_K1_2_K2_2.rds",TRUE
8,59,1000,48,24,3,3,2,3,99916.2699495194,1.01158620913823,8989023,"result/bic_fits/scenario_08_n1000_J24_trueK3/replicate_059/fit_K1_2_K2_3.rds",FALSE
11,59,1000,72,36,3,3,3,3,147684.24193532,1.62593071460724,11989033,"result/bic_fits/scenario_11_n1000_J36_trueK3/replicate_059/fit_K1_3_K2_3.rds",TRUE
14,59,1000,48,24,4,4,1,4,100318.599566466,1.11211878458659,14989014,"result/bic_fits/scenario_14_n1000_J24_trueK4/replicate_059/fit_K1_1_K2_4.rds",FALSE
17,59,1000,72,36,4,4,4,4,148112.15582961,2.68313810825348,17989044,"result/bic_fits/scenario_17_n1000_J36_trueK4/replicate_059/fit_K1_4_K2_4.rds",TRUE
2,60,1000,48,24,2,2,2,2,98594.6549436191,0.80301494995753,2990022,"result/bic_fits/scenario_02_n1000_J24_trueK2/replicate_060/fit_K1_2_K2_2.rds",TRUE
5,60,1000,72,36,2,2,2,2,146913.014309102,1.11736831267675,5990022,"result/bic_fits/scenario_05_n1000_J36_trueK2/replicate_060/fit_K1_2_K2_2.rds",TRUE
8,60,1000,48,24,3,3,2,3,99649.7274033566,0.97518880367279,8990023,"result/bic_fits/scenario_08_n1000_J24_trueK3/replicate_060/fit_K1_2_K2_3.rds",FALSE
11,60,1000,72,36,3,3,3,3,147663.52430489,1.6185126543045,11990033,"result/bic_fits/scenario_11_n1000_J36_trueK3/replicate_060/fit_K1_3_K2_3.rds",TRUE
14,60,1000,48,24,4,4,2,4,100741.120965237,1.2711683789889,14990024,"result/bic_fits/scenario_14_n1000_J24_trueK4/replicate_060/fit_K1_2_K2_4.rds",FALSE
17,60,1000,72,36,4,4,4,4,148404.496346029,2.60883194208145,17990044,"result/bic_fits/scenario_17_n1000_J36_trueK4/replicate_060/fit_K1_4_K2_4.rds",TRUE
2,61,1000,48,24,2,2,2,2,98867.6186489941,0.794949225584666,2991022,"result/bic_fits/scenario_02_n1000_J24_trueK2/replicate_061/fit_K1_2_K2_2.rds",TRUE
5,61,1000,72,36,2,2,2,2,146831.800442599,1.11842116514842,5991022,"result/bic_fits/scenario_05_n1000_J36_trueK2/replicate_061/fit_K1_2_K2_2.rds",TRUE
8,61,1000,48,24,3,3,3,3,99444.954808403,1.17377174695333,8991033,"result/bic_fits/scenario_08_n1000_J24_trueK3/replicate_061/fit_K1_3_K2_3.rds",TRUE
11,61,1000,72,36,3,3,3,3,147975.606485424,1.63605691591899,11991033,"result/bic_fits/scenario_11_n1000_J36_trueK3/replicate_061/fit_K1_3_K2_3.rds",TRUE
14,61,1000,48,24,4,4,1,4,100477.730678488,1.12578448851903,14991014,"result/bic_fits/scenario_14_n1000_J24_trueK4/replicate_061/fit_K1_1_K2_4.rds",FALSE
17,61,1000,72,36,4,4,4,4,148068.439323501,2.63219931125641,17991044,"result/bic_fits/scenario_17_n1000_J36_trueK4/replicate_061/fit_K1_4_K2_4.rds",TRUE
2,62,1000,48,24,2,2,2,2,98810.0832038218,0.77826726436615,2992022,"result/bic_fits/scenario_02_n1000_J24_trueK2/replicate_062/fit_K1_2_K2_2.rds",TRUE
5,62,1000,72,36,2,2,2,2,147308.44397678,1.12148001194,5992022,"result/bic_fits/scenario_05_n1000_J36_trueK2/replicate_062/fit_K1_2_K2_2.rds",TRUE
8,62,1000,48,24,3,3,3,3,99828.16322652,1.24090146621068,8992033,"result/bic_fits/scenario_08_n1000_J24_trueK3/replicate_062/fit_K1_3_K2_3.rds",TRUE
11,62,1000,72,36,3,3,3,3,148106.030408431,1.6242050965627,11992033,"result/bic_fits/scenario_11_n1000_J36_trueK3/replicate_062/fit_K1_3_K2_3.rds",TRUE
14,62,1000,48,24,4,4,2,4,100496.024108121,1.25647888183594,14992024,"result/bic_fits/scenario_14_n1000_J24_trueK4/replicate_062/fit_K1_2_K2_4.rds",FALSE
17,62,1000,72,36,4,4,4,4,148117.524616815,2.63934059143066,17992044,"result/bic_fits/scenario_17_n1000_J36_trueK4/replicate_062/fit_K1_4_K2_4.rds",TRUE
2,63,1000,48,24,2,2,2,2,99109.3987973443,0.808986337979635,2993022,"result/bic_fits/scenario_02_n1000_J24_trueK2/replicate_063/fit_K1_2_K2_2.rds",TRUE
5,63,1000,72,36,2,2,2,2,146882.118977205,1.1555594364802,5993022,"result/bic_fits/scenario_05_n1000_J36_trueK2/replicate_063/fit_K1_2_K2_2.rds",TRUE
8,63,1000,48,24,3,3,3,3,99402.8053204225,1.14061321417491,8993033,"result/bic_fits/scenario_08_n1000_J24_trueK3/replicate_063/fit_K1_3_K2_3.rds",TRUE
11,63,1000,72,36,3,3,3,3,147776.919479294,1.62627799510956,11993033,"result/bic_fits/scenario_11_n1000_J36_trueK3/replicate_063/fit_K1_3_K2_3.rds",TRUE
14,63,1000,48,24,4,4,1,4,100493.73031192,1.10984729131063,14993014,"result/bic_fits/scenario_14_n1000_J24_trueK4/replicate_063/fit_K1_1_K2_4.rds",FALSE
17,63,1000,72,36,4,4,4,4,148467.405741636,2.62056256930033,17993044,"result/bic_fits/scenario_17_n1000_J36_trueK4/replicate_063/fit_K1_4_K2_4.rds",TRUE
2,64,1000,48,24,2,2,2,2,98689.7161087381,0.782341313362122,2994022,"result/bic_fits/scenario_02_n1000_J24_trueK2/replicate_064/fit_K1_2_K2_2.rds",TRUE
5,64,1000,72,36,2,2,2,2,147443.287708541,1.15259048541387,5994022,"result/bic_fits/scenario_05_n1000_J36_trueK2/replicate_064/fit_K1_2_K2_2.rds",TRUE
8,64,1000,48,24,3,3,3,3,99351.7319361239,1.15361267328262,8994033,"result/bic_fits/scenario_08_n1000_J24_trueK3/replicate_064/fit_K1_3_K2_3.rds",TRUE
11,64,1000,72,36,3,3,3,3,147671.274792359,1.62100360790888,11994033,"result/bic_fits/scenario_11_n1000_J36_trueK3/replicate_064/fit_K1_3_K2_3.rds",TRUE
14,64,1000,48,24,4,4,1,4,100029.894694351,1.1179894566536,14994014,"result/bic_fits/scenario_14_n1000_J24_trueK4/replicate_064/fit_K1_1_K2_4.rds",FALSE
17,64,1000,72,36,4,4,4,4,148443.818900813,2.62739854256312,17994044,"result/bic_fits/scenario_17_n1000_J36_trueK4/replicate_064/fit_K1_4_K2_4.rds",TRUE
2,65,1000,48,24,2,2,2,2,98649.2042720882,0.804764640331268,2995022,"result/bic_fits/scenario_02_n1000_J24_trueK2/replicate_065/fit_K1_2_K2_2.rds",TRUE
5,65,1000,72,36,2,2,2,2,146731.497181937,1.17419358094533,5995022,"result/bic_fits/scenario_05_n1000_J36_trueK2/replicate_065/fit_K1_2_K2_2.rds",TRUE
8,65,1000,48,24,3,3,3,3,99747.8793842007,1.19396322568258,8995033,"result/bic_fits/scenario_08_n1000_J24_trueK3/replicate_065/fit_K1_3_K2_3.rds",TRUE
11,65,1000,72,36,3,3,3,3,147575.244408384,1.61742401123047,11995033,"result/bic_fits/scenario_11_n1000_J36_trueK3/replicate_065/fit_K1_3_K2_3.rds",TRUE
14,65,1000,48,24,4,4,2,4,100245.540401328,1.26507220665614,14995024,"result/bic_fits/scenario_14_n1000_J24_trueK4/replicate_065/fit_K1_2_K2_4.rds",FALSE
17,65,1000,72,36,4,4,4,4,148394.471515632,2.65300906101863,17995044,"result/bic_fits/scenario_17_n1000_J36_trueK4/replicate_065/fit_K1_4_K2_4.rds",TRUE
2,66,1000,48,24,2,2,2,2,99061.9798774382,0.797423946857452,2996022,"result/bic_fits/scenario_02_n1000_J24_trueK2/replicate_066/fit_K1_2_K2_2.rds",TRUE
5,66,1000,72,36,2,2,2,2,147126.774765375,1.11945097843806,5996022,"result/bic_fits/scenario_05_n1000_J36_trueK2/replicate_066/fit_K1_2_K2_2.rds",TRUE
8,66,1000,48,24,3,3,3,3,99830.792720421,1.17389693657557,8996033,"result/bic_fits/scenario_08_n1000_J24_trueK3/replicate_066/fit_K1_3_K2_3.rds",TRUE
11,66,1000,72,36,3,3,3,3,147252.450216707,1.63394604921341,11996033,"result/bic_fits/scenario_11_n1000_J36_trueK3/replicate_066/fit_K1_3_K2_3.rds",TRUE
14,66,1000,48,24,4,4,2,4,100455.214967611,1.33939685026805,14996024,"result/bic_fits/scenario_14_n1000_J24_trueK4/replicate_066/fit_K1_2_K2_4.rds",FALSE
17,66,1000,72,36,4,4,4,4,148275.783396338,2.85926143725713,17996044,"result/bic_fits/scenario_17_n1000_J36_trueK4/replicate_066/fit_K1_4_K2_4.rds",TRUE
2,67,1000,48,24,2,2,2,2,99022.8597069309,0.772758261362712,2997022,"result/bic_fits/scenario_02_n1000_J24_trueK2/replicate_067/fit_K1_2_K2_2.rds",TRUE
5,67,1000,72,36,2,2,2,2,147057.721086297,1.15847030878067,5997022,"result/bic_fits/scenario_05_n1000_J36_trueK2/replicate_067/fit_K1_2_K2_2.rds",TRUE
8,67,1000,48,24,3,3,2,3,99154.5144229251,0.952561163902283,8997023,"result/bic_fits/scenario_08_n1000_J24_trueK3/replicate_067/fit_K1_2_K2_3.rds",FALSE
11,67,1000,72,36,3,3,3,3,147933.786994155,1.66869020462036,11997033,"result/bic_fits/scenario_11_n1000_J36_trueK3/replicate_067/fit_K1_3_K2_3.rds",TRUE
14,67,1000,48,24,4,4,2,4,100238.275842963,1.28348774909973,14997024,"result/bic_fits/scenario_14_n1000_J24_trueK4/replicate_067/fit_K1_2_K2_4.rds",FALSE
17,67,1000,72,36,4,4,4,4,148603.693808159,2.64926438331604,17997044,"result/bic_fits/scenario_17_n1000_J36_trueK4/replicate_067/fit_K1_4_K2_4.rds",TRUE
2,68,1000,48,24,2,2,2,2,98884.4575184136,0.777714415391286,2998022,"result/bic_fits/scenario_02_n1000_J24_trueK2/replicate_068/fit_K1_2_K2_2.rds",TRUE
5,68,1000,72,36,2,2,2,2,146931.868691952,1.151049888134,5998022,"result/bic_fits/scenario_05_n1000_J36_trueK2/replicate_068/fit_K1_2_K2_2.rds",TRUE
8,68,1000,48,24,3,3,3,3,99902.0844632507,1.16873883008957,8998033,"result/bic_fits/scenario_08_n1000_J24_trueK3/replicate_068/fit_K1_3_K2_3.rds",TRUE
11,68,1000,72,36,3,3,3,3,147430.917661986,1.653792933623,11998033,"result/bic_fits/scenario_11_n1000_J36_trueK3/replicate_068/fit_K1_3_K2_3.rds",TRUE
14,68,1000,48,24,4,4,1,4,100339.014148497,1.1120711127917,14998014,"result/bic_fits/scenario_14_n1000_J24_trueK4/replicate_068/fit_K1_1_K2_4.rds",FALSE
17,68,1000,72,36,4,4,4,4,148318.297382339,2.69948635101318,17998044,"result/bic_fits/scenario_17_n1000_J36_trueK4/replicate_068/fit_K1_4_K2_4.rds",TRUE
2,69,1000,48,24,2,2,2,2,98758.4022406367,0.777971164385478,2999022,"result/bic_fits/scenario_02_n1000_J24_trueK2/replicate_069/fit_K1_2_K2_2.rds",TRUE
5,69,1000,72,36,2,2,2,2,147048.832771037,1.19684556325277,5999022,"result/bic_fits/scenario_05_n1000_J36_trueK2/replicate_069/fit_K1_2_K2_2.rds",TRUE
8,69,1000,48,24,3,3,3,3,99664.6749725071,1.17739709615707,8999033,"result/bic_fits/scenario_08_n1000_J24_trueK3/replicate_069/fit_K1_3_K2_3.rds",TRUE
11,69,1000,72,36,3,3,3,3,147734.403356851,1.6519967397054,11999033,"result/bic_fits/scenario_11_n1000_J36_trueK3/replicate_069/fit_K1_3_K2_3.rds",TRUE
14,69,1000,48,24,4,4,2,4,100103.059004398,1.27502063910166,14999024,"result/bic_fits/scenario_14_n1000_J24_trueK4/replicate_069/fit_K1_2_K2_4.rds",FALSE
17,69,1000,72,36,4,4,4,4,148027.41552039,2.68611073493958,17999044,"result/bic_fits/scenario_17_n1000_J36_trueK4/replicate_069/fit_K1_4_K2_4.rds",TRUE
2,70,1000,48,24,2,2,2,2,98904.9403405175,0.802627225716909,3000022,"result/bic_fits/scenario_02_n1000_J24_trueK2/replicate_070/fit_K1_2_K2_2.rds",TRUE
5,70,1000,72,36,2,2,2,2,146971.172371883,1.12151526212692,6000022,"result/bic_fits/scenario_05_n1000_J36_trueK2/replicate_070/fit_K1_2_K2_2.rds",TRUE
8,70,1000,48,24,3,3,3,3,99680.7079647661,1.15345601638158,9000033,"result/bic_fits/scenario_08_n1000_J24_trueK3/replicate_070/fit_K1_3_K2_3.rds",TRUE
11,70,1000,72,36,3,3,3,3,147611.089038729,1.81649506092072,12000033,"result/bic_fits/scenario_11_n1000_J36_trueK3/replicate_070/fit_K1_3_K2_3.rds",TRUE
14,70,1000,48,24,4,4,1,4,100056.999231143,1.15311688979467,15000014,"result/bic_fits/scenario_14_n1000_J24_trueK4/replicate_070/fit_K1_1_K2_4.rds",FALSE
17,70,1000,72,36,4,4,4,4,148438.683876919,2.61387214660645,18000044,"result/bic_fits/scenario_17_n1000_J36_trueK4/replicate_070/fit_K1_4_K2_4.rds",TRUE
2,71,1000,48,24,2,2,2,2,98966.742561329,0.778327306111654,3001022,"result/bic_fits/scenario_02_n1000_J24_trueK2/replicate_071/fit_K1_2_K2_2.rds",TRUE
5,71,1000,72,36,2,2,2,2,146636.332523408,1.14809803565343,6001022,"result/bic_fits/scenario_05_n1000_J36_trueK2/replicate_071/fit_K1_2_K2_2.rds",TRUE
8,71,1000,48,24,3,3,3,3,99529.4302492839,1.26343781153361,9001033,"result/bic_fits/scenario_08_n1000_J24_trueK3/replicate_071/fit_K1_3_K2_3.rds",TRUE
11,71,1000,72,36,3,3,3,3,147496.088191011,1.66633989413579,12001033,"result/bic_fits/scenario_11_n1000_J36_trueK3/replicate_071/fit_K1_3_K2_3.rds",TRUE
14,71,1000,48,24,4,4,2,4,100183.986018223,1.28396454254786,15001024,"result/bic_fits/scenario_14_n1000_J24_trueK4/replicate_071/fit_K1_2_K2_4.rds",FALSE
17,71,1000,72,36,4,4,4,4,148563.649858968,2.60132763783137,18001044,"result/bic_fits/scenario_17_n1000_J36_trueK4/replicate_071/fit_K1_4_K2_4.rds",TRUE
2,72,1000,48,24,2,2,2,2,98850.3879296337,0.805677612622579,3002022,"result/bic_fits/scenario_02_n1000_J24_trueK2/replicate_072/fit_K1_2_K2_2.rds",TRUE
5,72,1000,72,36,2,2,2,2,147248.581445451,1.1238342165947,6002022,"result/bic_fits/scenario_05_n1000_J36_trueK2/replicate_072/fit_K1_2_K2_2.rds",TRUE
8,72,1000,48,24,3,3,3,3,99462.1929819023,1.15703675349553,9002033,"result/bic_fits/scenario_08_n1000_J24_trueK3/replicate_072/fit_K1_3_K2_3.rds",TRUE
11,72,1000,72,36,3,3,3,3,147537.512621887,1.64803942044576,12002033,"result/bic_fits/scenario_11_n1000_J36_trueK3/replicate_072/fit_K1_3_K2_3.rds",TRUE
14,72,1000,48,24,4,4,1,4,100378.414934526,1.12177716890971,15002014,"result/bic_fits/scenario_14_n1000_J24_trueK4/replicate_072/fit_K1_1_K2_4.rds",FALSE
17,72,1000,72,36,4,4,4,4,148502.377486572,2.74081328312556,18002044,"result/bic_fits/scenario_17_n1000_J36_trueK4/replicate_072/fit_K1_4_K2_4.rds",TRUE
2,73,1000,48,24,2,2,2,2,98799.8550172926,0.775454751650492,3003022,"result/bic_fits/scenario_02_n1000_J24_trueK2/replicate_073/fit_K1_2_K2_2.rds",TRUE
5,73,1000,72,36,2,2,2,2,147265.538242698,1.15146556297938,6003022,"result/bic_fits/scenario_05_n1000_J36_trueK2/replicate_073/fit_K1_2_K2_2.rds",TRUE
8,73,1000,48,24,3,3,2,3,99781.340830629,1.01542143026988,9003023,"result/bic_fits/scenario_08_n1000_J24_trueK3/replicate_073/fit_K1_2_K2_3.rds",FALSE
11,73,1000,72,36,3,3,3,3,147924.042198989,1.67715038061142,12003033,"result/bic_fits/scenario_11_n1000_J36_trueK3/replicate_073/fit_K1_3_K2_3.rds",TRUE
14,73,1000,48,24,4,4,1,4,100688.566718419,1.20079392194748,15003014,"result/bic_fits/scenario_14_n1000_J24_trueK4/replicate_073/fit_K1_1_K2_4.rds",FALSE
17,73,1000,72,36,4,4,4,4,148332.838110707,2.82647019227346,18003044,"result/bic_fits/scenario_17_n1000_J36_trueK4/replicate_073/fit_K1_4_K2_4.rds",TRUE
2,74,1000,48,24,2,2,2,2,98843.3486153536,0.812827793757121,3004022,"result/bic_fits/scenario_02_n1000_J24_trueK2/replicate_074/fit_K1_2_K2_2.rds",TRUE
5,74,1000,72,36,2,2,2,2,146920.458094075,1.1196617325147,6004022,"result/bic_fits/scenario_05_n1000_J36_trueK2/replicate_074/fit_K1_2_K2_2.rds",TRUE
8,74,1000,48,24,3,3,3,3,99635.781112469,1.17282151778539,9004033,"result/bic_fits/scenario_08_n1000_J24_trueK3/replicate_074/fit_K1_3_K2_3.rds",TRUE
11,74,1000,72,36,3,3,3,3,147675.883256687,1.77821489572525,12004033,"result/bic_fits/scenario_11_n1000_J36_trueK3/replicate_074/fit_K1_3_K2_3.rds",TRUE
14,74,1000,48,24,4,4,2,4,100301.07573563,1.29659960269928,15004024,"result/bic_fits/scenario_14_n1000_J24_trueK4/replicate_074/fit_K1_2_K2_4.rds",FALSE
17,74,1000,72,36,4,4,4,4,148419.209276212,2.63072472016017,18004044,"result/bic_fits/scenario_17_n1000_J36_trueK4/replicate_074/fit_K1_4_K2_4.rds",TRUE
2,75,1000,48,24,2,2,2,2,98654.2508798214,0.844814916451772,3005022,"result/bic_fits/scenario_02_n1000_J24_trueK2/replicate_075/fit_K1_2_K2_2.rds",TRUE
5,75,1000,72,36,2,2,2,2,146754.916003815,1.1770719687144,6005022,"result/bic_fits/scenario_05_n1000_J36_trueK2/replicate_075/fit_K1_2_K2_2.rds",TRUE
8,75,1000,48,24,3,3,3,3,99476.097140026,1.17705684105555,9005033,"result/bic_fits/scenario_08_n1000_J24_trueK3/replicate_075/fit_K1_3_K2_3.rds",TRUE
11,75,1000,72,36,3,3,3,3,147807.59337537,1.76689289013545,12005033,"result/bic_fits/scenario_11_n1000_J36_trueK3/replicate_075/fit_K1_3_K2_3.rds",TRUE
14,75,1000,48,24,4,4,1,4,100090.613216473,1.13236342668533,15005014,"result/bic_fits/scenario_14_n1000_J24_trueK4/replicate_075/fit_K1_1_K2_4.rds",FALSE
17,75,1000,72,36,4,4,4,4,148335.264159385,2.65968611637751,18005044,"result/bic_fits/scenario_17_n1000_J36_trueK4/replicate_075/fit_K1_4_K2_4.rds",TRUE
2,76,1000,48,24,2,2,2,2,98748.2886791455,0.869103479385376,3006022,"result/bic_fits/scenario_02_n1000_J24_trueK2/replicate_076/fit_K1_2_K2_2.rds",TRUE
5,76,1000,72,36,2,2,2,2,146895.245749591,1.11685920556386,6006022,"result/bic_fits/scenario_05_n1000_J36_trueK2/replicate_076/fit_K1_2_K2_2.rds",TRUE
8,76,1000,48,24,3,3,2,3,99560.032101657,0.938251388072967,9006023,"result/bic_fits/scenario_08_n1000_J24_trueK3/replicate_076/fit_K1_2_K2_3.rds",FALSE
11,76,1000,72,36,3,3,3,3,147527.194201751,1.64343665043513,12006033,"result/bic_fits/scenario_11_n1000_J36_trueK3/replicate_076/fit_K1_3_K2_3.rds",TRUE
14,76,1000,48,24,4,4,1,4,100427.165368888,1.21065103610357,15006014,"result/bic_fits/scenario_14_n1000_J24_trueK4/replicate_076/fit_K1_1_K2_4.rds",FALSE
17,76,1000,72,36,4,4,4,4,148313.00994776,2.73598663012187,18006044,"result/bic_fits/scenario_17_n1000_J36_trueK4/replicate_076/fit_K1_4_K2_4.rds",TRUE
2,77,1000,48,24,2,2,2,2,98618.8649475051,0.838269392649333,3007022,"result/bic_fits/scenario_02_n1000_J24_trueK2/replicate_077/fit_K1_2_K2_2.rds",TRUE
5,77,1000,72,36,2,2,2,2,146735.117861389,1.13423957824707,6007022,"result/bic_fits/scenario_05_n1000_J36_trueK2/replicate_077/fit_K1_2_K2_2.rds",TRUE
8,77,1000,48,24,3,3,3,3,99712.9996933032,1.15732253392537,9007033,"result/bic_fits/scenario_08_n1000_J24_trueK3/replicate_077/fit_K1_3_K2_3.rds",TRUE
11,77,1000,72,36,3,3,3,3,147664.989118192,1.62003376881282,12007033,"result/bic_fits/scenario_11_n1000_J36_trueK3/replicate_077/fit_K1_3_K2_3.rds",TRUE
14,77,1000,48,24,4,4,1,4,100411.171376707,1.19409079154332,15007014,"result/bic_fits/scenario_14_n1000_J24_trueK4/replicate_077/fit_K1_1_K2_4.rds",FALSE
17,77,1000,72,36,4,4,4,4,148533.684054242,2.60680178801219,18007044,"result/bic_fits/scenario_17_n1000_J36_trueK4/replicate_077/fit_K1_4_K2_4.rds",TRUE
2,78,1000,48,24,2,2,2,2,98321.9335424493,0.777078763643901,3008022,"result/bic_fits/scenario_02_n1000_J24_trueK2/replicate_078/fit_K1_2_K2_2.rds",TRUE
5,78,1000,72,36,2,2,2,2,146702.11400247,1.1132511973381,6008022,"result/bic_fits/scenario_05_n1000_J36_trueK2/replicate_078/fit_K1_2_K2_2.rds",TRUE
8,78,1000,48,24,3,3,3,3,99647.9032569447,1.14783571561178,9008033,"result/bic_fits/scenario_08_n1000_J24_trueK3/replicate_078/fit_K1_3_K2_3.rds",TRUE
11,78,1000,72,36,3,3,3,3,147770.694283337,1.61914126078288,12008033,"result/bic_fits/scenario_11_n1000_J36_trueK3/replicate_078/fit_K1_3_K2_3.rds",TRUE
14,78,1000,48,24,4,4,1,4,100547.761887163,1.13416891495387,15008014,"result/bic_fits/scenario_14_n1000_J24_trueK4/replicate_078/fit_K1_1_K2_4.rds",FALSE
17,78,1000,72,36,4,4,4,4,148795.735343531,2.6109016974767,18008044,"result/bic_fits/scenario_17_n1000_J36_trueK4/replicate_078/fit_K1_4_K2_4.rds",TRUE
2,79,1000,48,24,2,2,2,2,98952.9074089242,0.777387551466624,3009022,"result/bic_fits/scenario_02_n1000_J24_trueK2/replicate_079/fit_K1_2_K2_2.rds",TRUE
5,79,1000,72,36,2,2,2,2,146797.99169701,1.1171037475268,6009022,"result/bic_fits/scenario_05_n1000_J36_trueK2/replicate_079/fit_K1_2_K2_2.rds",TRUE
8,79,1000,48,24,3,3,3,3,99601.1484277262,1.14570787350337,9009033,"result/bic_fits/scenario_08_n1000_J24_trueK3/replicate_079/fit_K1_3_K2_3.rds",TRUE
11,79,1000,72,36,3,3,3,3,148072.438466969,1.60462359587351,12009033,"result/bic_fits/scenario_11_n1000_J36_trueK3/replicate_079/fit_K1_3_K2_3.rds",TRUE
14,79,1000,48,24,4,4,1,4,100527.238468827,1.19518313805262,15009014,"result/bic_fits/scenario_14_n1000_J24_trueK4/replicate_079/fit_K1_1_K2_4.rds",FALSE
17,79,1000,72,36,4,4,4,4,148580.453922024,2.63328057130178,18009044,"result/bic_fits/scenario_17_n1000_J36_trueK4/replicate_079/fit_K1_4_K2_4.rds",TRUE
2,80,1000,48,24,2,2,2,2,98978.0730013332,0.802583781878153,3010022,"result/bic_fits/scenario_02_n1000_J24_trueK2/replicate_080/fit_K1_2_K2_2.rds",TRUE
5,80,1000,72,36,2,2,2,2,146739.139373868,1.1214407881101,6010022,"result/bic_fits/scenario_05_n1000_J36_trueK2/replicate_080/fit_K1_2_K2_2.rds",TRUE
8,80,1000,48,24,3,3,3,3,99573.2356957571,1.14802016019821,9010033,"result/bic_fits/scenario_08_n1000_J24_trueK3/replicate_080/fit_K1_3_K2_3.rds",TRUE
11,80,1000,72,36,3,3,3,3,147656.955921748,1.6477254708608,12010033,"result/bic_fits/scenario_11_n1000_J36_trueK3/replicate_080/fit_K1_3_K2_3.rds",TRUE
14,80,1000,48,24,4,4,2,4,100094.443491319,1.27465843359629,15010024,"result/bic_fits/scenario_14_n1000_J24_trueK4/replicate_080/fit_K1_2_K2_4.rds",FALSE
17,80,1000,72,36,4,4,4,4,148571.75359271,2.58678356806437,18010044,"result/bic_fits/scenario_17_n1000_J36_trueK4/replicate_080/fit_K1_4_K2_4.rds",TRUE
2,81,1000,48,24,2,2,2,2,98802.8229211726,0.777726503213247,3011022,"result/bic_fits/scenario_02_n1000_J24_trueK2/replicate_081/fit_K1_2_K2_2.rds",TRUE
5,81,1000,72,36,2,2,2,2,147454.697522161,1.21066904067993,6011022,"result/bic_fits/scenario_05_n1000_J36_trueK2/replicate_081/fit_K1_2_K2_2.rds",TRUE
8,81,1000,48,24,3,3,3,3,99554.8197207,1.15716688632965,9011033,"result/bic_fits/scenario_08_n1000_J24_trueK3/replicate_081/fit_K1_3_K2_3.rds",TRUE
11,81,1000,72,36,3,3,3,3,147920.098887052,1.63101378281911,12011033,"result/bic_fits/scenario_11_n1000_J36_trueK3/replicate_081/fit_K1_3_K2_3.rds",TRUE
14,81,1000,48,24,4,4,2,4,99894.8060322007,1.2627877831459,15011024,"result/bic_fits/scenario_14_n1000_J24_trueK4/replicate_081/fit_K1_2_K2_4.rds",FALSE
17,81,1000,72,36,4,4,4,4,147883.813770727,2.59249424537023,18011044,"result/bic_fits/scenario_17_n1000_J36_trueK4/replicate_081/fit_K1_4_K2_4.rds",TRUE
2,82,1000,48,24,2,2,2,2,98613.6104003807,0.797372957070669,3012022,"result/bic_fits/scenario_02_n1000_J24_trueK2/replicate_082/fit_K1_2_K2_2.rds",TRUE
5,82,1000,72,36,2,2,2,2,147091.567800768,1.16815950075785,6012022,"result/bic_fits/scenario_05_n1000_J36_trueK2/replicate_082/fit_K1_2_K2_2.rds",TRUE
8,82,1000,48,24,3,3,3,3,99485.2858911802,1.19352828264236,9012033,"result/bic_fits/scenario_08_n1000_J24_trueK3/replicate_082/fit_K1_3_K2_3.rds",TRUE
11,82,1000,72,36,3,3,3,3,147427.9861841,1.75468924045563,12012033,"result/bic_fits/scenario_11_n1000_J36_trueK3/replicate_082/fit_K1_3_K2_3.rds",TRUE
14,82,1000,48,24,4,4,2,4,100655.905160052,1.25299411614736,15012024,"result/bic_fits/scenario_14_n1000_J24_trueK4/replicate_082/fit_K1_2_K2_4.rds",FALSE
17,82,1000,72,36,4,4,4,4,147967.281795846,2.62685765822728,18012044,"result/bic_fits/scenario_17_n1000_J36_trueK4/replicate_082/fit_K1_4_K2_4.rds",TRUE
2,83,1000,48,24,2,2,2,2,98932.8974274797,0.821925206979116,3013022,"result/bic_fits/scenario_02_n1000_J24_trueK2/replicate_083/fit_K1_2_K2_2.rds",TRUE
5,83,1000,72,36,2,2,2,2,147374.315600507,1.11948454380035,6013022,"result/bic_fits/scenario_05_n1000_J36_trueK2/replicate_083/fit_K1_2_K2_2.rds",TRUE
8,83,1000,48,24,3,3,2,3,99475.5079495205,0.984073384602865,9013023,"result/bic_fits/scenario_08_n1000_J24_trueK3/replicate_083/fit_K1_2_K2_3.rds",FALSE
11,83,1000,72,36,3,3,3,3,147408.662717769,1.63091137011846,12013033,"result/bic_fits/scenario_11_n1000_J36_trueK3/replicate_083/fit_K1_3_K2_3.rds",TRUE
14,83,1000,48,24,4,4,2,4,100315.582456826,1.25949281454086,15013024,"result/bic_fits/scenario_14_n1000_J24_trueK4/replicate_083/fit_K1_2_K2_4.rds",FALSE
17,83,1000,72,36,4,4,4,4,148272.126318203,2.64298980633418,18013044,"result/bic_fits/scenario_17_n1000_J36_trueK4/replicate_083/fit_K1_4_K2_4.rds",TRUE
2,84,1000,48,24,2,2,2,2,98867.0047694104,0.840896213054657,3014022,"result/bic_fits/scenario_02_n1000_J24_trueK2/replicate_084/fit_K1_2_K2_2.rds",TRUE
5,84,1000,72,36,2,2,2,2,146696.040849958,1.1257602930069,6014022,"result/bic_fits/scenario_05_n1000_J36_trueK2/replicate_084/fit_K1_2_K2_2.rds",TRUE
8,84,1000,48,24,3,3,3,3,99765.809204519,1.18687813282013,9014033,"result/bic_fits/scenario_08_n1000_J24_trueK3/replicate_084/fit_K1_3_K2_3.rds",TRUE
11,84,1000,72,36,3,3,3,3,148024.744269836,1.64044115146001,12014033,"result/bic_fits/scenario_11_n1000_J36_trueK3/replicate_084/fit_K1_3_K2_3.rds",TRUE
14,84,1000,48,24,4,4,2,4,100474.630672921,1.26235842704773,15014024,"result/bic_fits/scenario_14_n1000_J24_trueK4/replicate_084/fit_K1_2_K2_4.rds",FALSE
17,84,1000,72,36,4,4,4,4,148395.104377514,2.62097425460815,18014044,"result/bic_fits/scenario_17_n1000_J36_trueK4/replicate_084/fit_K1_4_K2_4.rds",TRUE
2,85,1000,48,24,2,2,2,2,99026.4268373995,0.842056115468343,3015022,"result/bic_fits/scenario_02_n1000_J24_trueK2/replicate_085/fit_K1_2_K2_2.rds",TRUE
5,85,1000,72,36,2,2,2,2,147069.361399162,1.12662193377813,6015022,"result/bic_fits/scenario_05_n1000_J36_trueK2/replicate_085/fit_K1_2_K2_2.rds",TRUE
8,85,1000,48,24,3,3,3,3,99652.0494846942,1.17346260945002,9015033,"result/bic_fits/scenario_08_n1000_J24_trueK3/replicate_085/fit_K1_3_K2_3.rds",TRUE
11,85,1000,72,36,3,3,3,3,147197.628277148,1.65438093344371,12015033,"result/bic_fits/scenario_11_n1000_J36_trueK3/replicate_085/fit_K1_3_K2_3.rds",TRUE
14,85,1000,48,24,4,4,1,4,100461.412546254,1.12416086991628,15015014,"result/bic_fits/scenario_14_n1000_J24_trueK4/replicate_085/fit_K1_1_K2_4.rds",FALSE
17,85,1000,72,36,4,4,4,4,148100.625136108,2.64368527730306,18015044,"result/bic_fits/scenario_17_n1000_J36_trueK4/replicate_085/fit_K1_4_K2_4.rds",TRUE
2,86,1000,48,24,2,2,2,2,98994.425480275,0.78661337296168,3016022,"result/bic_fits/scenario_02_n1000_J24_trueK2/replicate_086/fit_K1_2_K2_2.rds",TRUE
5,86,1000,72,36,2,2,2,2,146848.644665653,1.16703358888626,6016022,"result/bic_fits/scenario_05_n1000_J36_trueK2/replicate_086/fit_K1_2_K2_2.rds",TRUE
8,86,1000,48,24,3,3,3,3,99510.3134169403,1.17998823324839,9016033,"result/bic_fits/scenario_08_n1000_J24_trueK3/replicate_086/fit_K1_3_K2_3.rds",TRUE
11,86,1000,72,36,3,3,3,3,147484.947635378,1.63854543368022,12016033,"result/bic_fits/scenario_11_n1000_J36_trueK3/replicate_086/fit_K1_3_K2_3.rds",TRUE
14,86,1000,48,24,4,4,2,4,100138.943867583,1.28033782641093,15016024,"result/bic_fits/scenario_14_n1000_J24_trueK4/replicate_086/fit_K1_2_K2_4.rds",FALSE
17,86,1000,72,36,4,4,4,4,148428.745778742,2.80307651758194,18016044,"result/bic_fits/scenario_17_n1000_J36_trueK4/replicate_086/fit_K1_4_K2_4.rds",TRUE
2,87,1000,48,24,2,2,2,2,98839.4600075224,0.797846615314484,3017022,"result/bic_fits/scenario_02_n1000_J24_trueK2/replicate_087/fit_K1_2_K2_2.rds",TRUE
5,87,1000,72,36,2,2,2,2,146846.409980065,1.21148868004481,6017022,"result/bic_fits/scenario_05_n1000_J36_trueK2/replicate_087/fit_K1_2_K2_2.rds",TRUE
8,87,1000,48,24,3,3,3,3,99474.5845664682,1.15220738649368,9017033,"result/bic_fits/scenario_08_n1000_J24_trueK3/replicate_087/fit_K1_3_K2_3.rds",TRUE
11,87,1000,72,36,3,3,3,3,147287.393373399,1.77975894212723,12017033,"result/bic_fits/scenario_11_n1000_J36_trueK3/replicate_087/fit_K1_3_K2_3.rds",TRUE
14,87,1000,48,24,4,4,1,4,100366.33902059,1.1172283967336,15017014,"result/bic_fits/scenario_14_n1000_J24_trueK4/replicate_087/fit_K1_1_K2_4.rds",FALSE
17,87,1000,72,36,4,4,4,4,147843.002264626,2.67619752089183,18017044,"result/bic_fits/scenario_17_n1000_J36_trueK4/replicate_087/fit_K1_4_K2_4.rds",TRUE
2,88,1000,48,24,2,2,2,2,98387.6867644765,0.795190791289012,3018022,"result/bic_fits/scenario_02_n1000_J24_trueK2/replicate_088/fit_K1_2_K2_2.rds",TRUE
5,88,1000,72,36,2,2,2,2,146908.527373712,1.11971468130747,6018022,"result/bic_fits/scenario_05_n1000_J36_trueK2/replicate_088/fit_K1_2_K2_2.rds",TRUE
8,88,1000,48,24,3,3,3,3,100007.624694921,1.18379811048508,9018033,"result/bic_fits/scenario_08_n1000_J24_trueK3/replicate_088/fit_K1_3_K2_3.rds",TRUE
11,88,1000,72,36,3,3,3,3,147440.407855825,1.65146149794261,12018033,"result/bic_fits/scenario_11_n1000_J36_trueK3/replicate_088/fit_K1_3_K2_3.rds",TRUE
14,88,1000,48,24,4,4,1,4,99939.8656607385,1.11700124343236,15018014,"result/bic_fits/scenario_14_n1000_J24_trueK4/replicate_088/fit_K1_1_K2_4.rds",FALSE
17,88,1000,72,36,4,4,4,4,148488.884902176,2.61976875066757,18018044,"result/bic_fits/scenario_17_n1000_J36_trueK4/replicate_088/fit_K1_4_K2_4.rds",TRUE
2,89,1000,48,24,2,2,2,2,98943.4405583141,0.793037799994151,3019022,"result/bic_fits/scenario_02_n1000_J24_trueK2/replicate_089/fit_K1_2_K2_2.rds",TRUE
5,89,1000,72,36,2,2,2,2,146711.121958086,1.17528507312139,6019022,"result/bic_fits/scenario_05_n1000_J36_trueK2/replicate_089/fit_K1_2_K2_2.rds",TRUE
8,89,1000,48,24,3,3,3,3,99545.1290936281,1.1808537364006,9019033,"result/bic_fits/scenario_08_n1000_J24_trueK3/replicate_089/fit_K1_3_K2_3.rds",TRUE
11,89,1000,72,36,3,3,3,3,147375.206769727,1.64844928979874,12019033,"result/bic_fits/scenario_11_n1000_J36_trueK3/replicate_089/fit_K1_3_K2_3.rds",TRUE
14,89,1000,48,24,4,4,2,4,100500.785489264,1.26664126316706,15019024,"result/bic_fits/scenario_14_n1000_J24_trueK4/replicate_089/fit_K1_2_K2_4.rds",FALSE
17,89,1000,72,36,4,4,4,4,148418.650250745,2.62083687384923,18019044,"result/bic_fits/scenario_17_n1000_J36_trueK4/replicate_089/fit_K1_4_K2_4.rds",TRUE
2,90,1000,48,24,2,2,2,2,98536.2155265824,0.78526912132899,3020022,"result/bic_fits/scenario_02_n1000_J24_trueK2/replicate_090/fit_K1_2_K2_2.rds",TRUE
5,90,1000,72,36,2,2,2,2,146929.684762732,1.12516356706619,6020022,"result/bic_fits/scenario_05_n1000_J36_trueK2/replicate_090/fit_K1_2_K2_2.rds",TRUE
8,90,1000,48,24,3,3,3,3,99568.3973564972,1.1562961101532,9020033,"result/bic_fits/scenario_08_n1000_J24_trueK3/replicate_090/fit_K1_3_K2_3.rds",TRUE
11,90,1000,72,36,3,3,3,3,147628.56950221,1.78957555294037,12020033,"result/bic_fits/scenario_11_n1000_J36_trueK3/replicate_090/fit_K1_3_K2_3.rds",TRUE
14,90,1000,48,24,4,4,1,4,100280.306034,1.11826744476954,15020014,"result/bic_fits/scenario_14_n1000_J24_trueK4/replicate_090/fit_K1_1_K2_4.rds",FALSE
17,90,1000,72,36,4,4,4,4,148292.949394967,2.60300349791845,18020044,"result/bic_fits/scenario_17_n1000_J36_trueK4/replicate_090/fit_K1_4_K2_4.rds",TRUE
2,91,1000,48,24,2,2,2,2,98748.1673918991,0.782677110036214,3021022,"result/bic_fits/scenario_02_n1000_J24_trueK2/replicate_091/fit_K1_2_K2_2.rds",TRUE
5,91,1000,72,36,2,2,2,2,146850.692393657,1.1564434170723,6021022,"result/bic_fits/scenario_05_n1000_J36_trueK2/replicate_091/fit_K1_2_K2_2.rds",TRUE
8,91,1000,48,24,3,3,3,3,99724.8058375686,1.23639294703801,9021033,"result/bic_fits/scenario_08_n1000_J24_trueK3/replicate_091/fit_K1_3_K2_3.rds",TRUE
11,91,1000,72,36,3,3,3,3,147526.035633138,1.62833404143651,12021033,"result/bic_fits/scenario_11_n1000_J36_trueK3/replicate_091/fit_K1_3_K2_3.rds",TRUE
14,91,1000,48,24,4,4,2,4,100513.195798897,1.28690192699432,15021024,"result/bic_fits/scenario_14_n1000_J24_trueK4/replicate_091/fit_K1_2_K2_4.rds",FALSE
17,91,1000,72,36,4,4,4,4,148263.01907908,2.60899510383606,18021044,"result/bic_fits/scenario_17_n1000_J36_trueK4/replicate_091/fit_K1_4_K2_4.rds",TRUE
2,92,1000,48,24,2,2,2,2,99091.9731883201,0.793110676606496,3022022,"result/bic_fits/scenario_02_n1000_J24_trueK2/replicate_092/fit_K1_2_K2_2.rds",TRUE
5,92,1000,72,36,2,2,2,2,146756.763445659,1.11876833836238,6022022,"result/bic_fits/scenario_05_n1000_J36_trueK2/replicate_092/fit_K1_2_K2_2.rds",TRUE
8,92,1000,48,24,3,3,3,3,99385.7760345134,1.15597687959671,9022033,"result/bic_fits/scenario_08_n1000_J24_trueK3/replicate_092/fit_K1_3_K2_3.rds",TRUE
11,92,1000,72,36,3,3,3,3,147860.217632555,1.56322564681371,12022033,"result/bic_fits/scenario_11_n1000_J36_trueK3/replicate_092/fit_K1_3_K2_3.rds",TRUE
14,92,1000,48,24,4,4,1,4,100489.415004265,1.13027521769206,15022014,"result/bic_fits/scenario_14_n1000_J24_trueK4/replicate_092/fit_K1_1_K2_4.rds",FALSE
17,92,1000,72,36,4,4,4,4,148061.042624611,2.59982510010401,18022044,"result/bic_fits/scenario_17_n1000_J36_trueK4/replicate_092/fit_K1_4_K2_4.rds",TRUE
2,93,1000,48,24,2,2,2,2,99059.7421940054,0.791690067450206,3023022,"result/bic_fits/scenario_02_n1000_J24_trueK2/replicate_093/fit_K1_2_K2_2.rds",TRUE
5,93,1000,72,36,2,2,2,2,146971.940389308,1.13369768857956,6023022,"result/bic_fits/scenario_05_n1000_J36_trueK2/replicate_093/fit_K1_2_K2_2.rds",TRUE
8,93,1000,48,24,3,3,3,3,99899.782078169,1.16151201725006,9023033,"result/bic_fits/scenario_08_n1000_J24_trueK3/replicate_093/fit_K1_3_K2_3.rds",TRUE
11,93,1000,72,36,3,3,3,3,147610.47417342,1.67219273646673,12023033,"result/bic_fits/scenario_11_n1000_J36_trueK3/replicate_093/fit_K1_3_K2_3.rds",TRUE
14,93,1000,48,24,4,4,1,4,100285.321361326,1.12337439457575,15023014,"result/bic_fits/scenario_14_n1000_J24_trueK4/replicate_093/fit_K1_1_K2_4.rds",FALSE
17,93,1000,72,36,4,4,4,4,148568.388580768,2.74569702545802,18023044,"result/bic_fits/scenario_17_n1000_J36_trueK4/replicate_093/fit_K1_4_K2_4.rds",TRUE
2,94,1000,48,24,2,2,2,2,99054.8667916809,0.792158778508504,3024022,"result/bic_fits/scenario_02_n1000_J24_trueK2/replicate_094/fit_K1_2_K2_2.rds",TRUE
5,94,1000,72,36,2,2,2,2,147143.331779343,1.14487338463465,6024022,"result/bic_fits/scenario_05_n1000_J36_trueK2/replicate_094/fit_K1_2_K2_2.rds",TRUE
8,94,1000,48,24,3,3,3,3,99861.1791954905,1.15631802082062,9024033,"result/bic_fits/scenario_08_n1000_J24_trueK3/replicate_094/fit_K1_3_K2_3.rds",TRUE
11,94,1000,72,36,3,3,3,3,147856.361112596,1.791270784537,12024033,"result/bic_fits/scenario_11_n1000_J36_trueK3/replicate_094/fit_K1_3_K2_3.rds",TRUE
14,94,1000,48,24,4,4,2,4,100062.195012283,1.2648562669754,15024024,"result/bic_fits/scenario_14_n1000_J24_trueK4/replicate_094/fit_K1_2_K2_4.rds",FALSE
17,94,1000,72,36,4,4,4,4,148423.153576394,2.55451234181722,18024044,"result/bic_fits/scenario_17_n1000_J36_trueK4/replicate_094/fit_K1_4_K2_4.rds",TRUE
2,95,1000,48,24,2,2,2,2,99422.5991752311,0.814325296878815,3025022,"result/bic_fits/scenario_02_n1000_J24_trueK2/replicate_095/fit_K1_2_K2_2.rds",TRUE
5,95,1000,72,36,2,2,2,2,147350.751196584,1.13895488182704,6025022,"result/bic_fits/scenario_05_n1000_J36_trueK2/replicate_095/fit_K1_2_K2_2.rds",TRUE
8,95,1000,48,24,3,3,3,3,100019.603074195,1.15639180342356,9025033,"result/bic_fits/scenario_08_n1000_J24_trueK3/replicate_095/fit_K1_3_K2_3.rds",TRUE
11,95,1000,72,36,3,3,3,3,147915.743425432,1.80939417680105,12025033,"result/bic_fits/scenario_11_n1000_J36_trueK3/replicate_095/fit_K1_3_K2_3.rds",TRUE
14,95,1000,48,24,4,4,2,4,100044.778738788,1.30731630325317,15025024,"result/bic_fits/scenario_14_n1000_J24_trueK4/replicate_095/fit_K1_2_K2_4.rds",FALSE
17,95,1000,72,36,4,4,4,4,148447.94934388,2.60594327052434,18025044,"result/bic_fits/scenario_17_n1000_J36_trueK4/replicate_095/fit_K1_4_K2_4.rds",TRUE
2,96,1000,48,24,2,2,2,2,98885.9197932576,0.78226717710495,3026022,"result/bic_fits/scenario_02_n1000_J24_trueK2/replicate_096/fit_K1_2_K2_2.rds",TRUE
5,96,1000,72,36,2,2,2,2,147262.744412719,1.1267857670784,6026022,"result/bic_fits/scenario_05_n1000_J36_trueK2/replicate_096/fit_K1_2_K2_2.rds",TRUE
8,96,1000,48,24,3,3,3,3,99882.6133073961,1.29495247205098,9026033,"result/bic_fits/scenario_08_n1000_J24_trueK3/replicate_096/fit_K1_3_K2_3.rds",TRUE
11,96,1000,72,36,3,3,3,3,147218.38194234,1.64212661186854,12026033,"result/bic_fits/scenario_11_n1000_J36_trueK3/replicate_096/fit_K1_3_K2_3.rds",TRUE
14,96,1000,48,24,4,4,1,4,100300.8192087,1.14125087658564,15026014,"result/bic_fits/scenario_14_n1000_J24_trueK4/replicate_096/fit_K1_1_K2_4.rds",FALSE
17,96,1000,72,36,4,4,4,4,148335.454032046,2.60334469079971,18026044,"result/bic_fits/scenario_17_n1000_J36_trueK4/replicate_096/fit_K1_4_K2_4.rds",TRUE
2,97,1000,48,24,2,2,2,2,98525.1064323182,0.788772702217102,3027022,"result/bic_fits/scenario_02_n1000_J24_trueK2/replicate_097/fit_K1_2_K2_2.rds",TRUE
5,97,1000,72,36,2,2,2,2,147146.620415255,1.1929812669754,6027022,"result/bic_fits/scenario_05_n1000_J36_trueK2/replicate_097/fit_K1_2_K2_2.rds",TRUE
8,97,1000,48,24,3,3,3,3,99217.5003134272,1.19498517910639,9027033,"result/bic_fits/scenario_08_n1000_J24_trueK3/replicate_097/fit_K1_3_K2_3.rds",TRUE
11,97,1000,72,36,3,3,3,3,147687.961919795,1.73260370890299,12027033,"result/bic_fits/scenario_11_n1000_J36_trueK3/replicate_097/fit_K1_3_K2_3.rds",TRUE
14,97,1000,48,24,4,4,2,4,100268.61227034,1.2773175795873,15027024,"result/bic_fits/scenario_14_n1000_J24_trueK4/replicate_097/fit_K1_2_K2_4.rds",FALSE
17,97,1000,72,36,4,4,4,4,147864.505100141,2.61987920602163,18027044,"result/bic_fits/scenario_17_n1000_J36_trueK4/replicate_097/fit_K1_4_K2_4.rds",TRUE
2,98,1000,48,24,2,2,2,2,98799.1843394426,0.809380408128103,3028022,"result/bic_fits/scenario_02_n1000_J24_trueK2/replicate_098/fit_K1_2_K2_2.rds",TRUE
5,98,1000,72,36,2,2,2,2,146492.20912376,1.13138491312663,6028022,"result/bic_fits/scenario_05_n1000_J36_trueK2/replicate_098/fit_K1_2_K2_2.rds",TRUE
8,98,1000,48,24,3,3,3,3,99663.7476014719,1.19328302542369,9028033,"result/bic_fits/scenario_08_n1000_J24_trueK3/replicate_098/fit_K1_3_K2_3.rds",TRUE
11,98,1000,72,36,3,3,3,3,147811.509396705,1.65310168266296,12028033,"result/bic_fits/scenario_11_n1000_J36_trueK3/replicate_098/fit_K1_3_K2_3.rds",TRUE
14,98,1000,48,24,4,4,1,4,100260.836720122,1.10643833875656,15028014,"result/bic_fits/scenario_14_n1000_J24_trueK4/replicate_098/fit_K1_1_K2_4.rds",FALSE
17,98,1000,72,36,4,4,4,4,148122.381884693,2.57469592094421,18028044,"result/bic_fits/scenario_17_n1000_J36_trueK4/replicate_098/fit_K1_4_K2_4.rds",TRUE
2,99,1000,48,24,2,2,2,2,99117.220433676,0.866831727822622,3029022,"result/bic_fits/scenario_02_n1000_J24_trueK2/replicate_099/fit_K1_2_K2_2.rds",TRUE
5,99,1000,72,36,2,2,2,2,147068.091396786,1.13996591170629,6029022,"result/bic_fits/scenario_05_n1000_J36_trueK2/replicate_099/fit_K1_2_K2_2.rds",TRUE
8,99,1000,48,24,3,3,3,3,99732.4394850956,1.19916443427404,9029033,"result/bic_fits/scenario_08_n1000_J24_trueK3/replicate_099/fit_K1_3_K2_3.rds",TRUE
11,99,1000,72,36,3,3,3,3,147420.911636778,1.6165668964386,12029033,"result/bic_fits/scenario_11_n1000_J36_trueK3/replicate_099/fit_K1_3_K2_3.rds",TRUE
14,99,1000,48,24,4,4,1,4,100192.022932932,1.1156514843305,15029014,"result/bic_fits/scenario_14_n1000_J24_trueK4/replicate_099/fit_K1_1_K2_4.rds",FALSE
17,99,1000,72,36,4,4,4,4,148588.476330277,2.58072350422541,18029044,"result/bic_fits/scenario_17_n1000_J36_trueK4/replicate_099/fit_K1_4_K2_4.rds",TRUE
2,100,1000,48,24,2,2,2,2,98540.4242577876,0.77198125521342,3030022,"result/bic_fits/scenario_02_n1000_J24_trueK2/replicate_100/fit_K1_2_K2_2.rds",TRUE
5,100,1000,72,36,2,2,2,2,147348.142118714,1.14711188475291,6030022,"result/bic_fits/scenario_05_n1000_J36_trueK2/replicate_100/fit_K1_2_K2_2.rds",TRUE
8,100,1000,48,24,3,3,3,3,99691.1229571986,1.26937679052353,9030033,"result/bic_fits/scenario_08_n1000_J24_trueK3/replicate_100/fit_K1_3_K2_3.rds",TRUE
11,100,1000,72,36,3,3,3,3,147544.847091492,1.62636295954386,12030033,"result/bic_fits/scenario_11_n1000_J36_trueK3/replicate_100/fit_K1_3_K2_3.rds",TRUE
14,100,1000,48,24,4,4,1,4,100740.897848106,1.11422926187515,15030014,"result/bic_fits/scenario_14_n1000_J24_trueK4/replicate_100/fit_K1_1_K2_4.rds",FALSE
17,100,1000,72,36,4,4,4,4,147769.747252421,2.62891731262207,18030044,"result/bic_fits/scenario_17_n1000_J36_trueK4/replicate_100/fit_K1_4_K2_4.rds",TRUE
