"dataset_id","K","BIC_mod","elapsed_min","path"
1,4,97429.3707852079,1.43604112466176,"baseline/conventional/dataset_001_K_4.rds"
2,4,97858.9793738984,1.444453672568,"baseline/conventional/dataset_002_K_4.rds"
3,5,97915.8190474897,2.4012118379275,"baseline/conventional/dataset_003_K_5.rds"
4,4,97494.0895501484,1.45338683923086,"baseline/conventional/dataset_004_K_4.rds"
5,4,97558.0730250473,1.42835009892782,"baseline/conventional/dataset_005_K_4.rds"
6,4,97446.7535430756,1.44211101134618,"baseline/conventional/dataset_006_K_4.rds"
7,4,97945.0510728695,1.45094654560089,"baseline/conventional/dataset_007_K_4.rds"
8,4,97394.4443213718,1.45037932395935,"baseline/conventional/dataset_008_K_4.rds"
9,4,97766.2611130801,1.44412263234456,"baseline/conventional/dataset_009_K_4.rds"
10,5,98151.3333653045,2.39809441566467,"baseline/conventional/dataset_010_K_5.rds"
11,5,97502.6127010472,2.39746161301931,"baseline/conventional/dataset_011_K_5.rds"
12,5,97630.4796979399,2.38829341332118,"baseline/conventional/dataset_012_K_5.rds"
13,5,97765.1430960302,2.39963291883469,"baseline/conventional/dataset_013_K_5.rds"
14,5,97703.4124628879,2.40505436261495,"baseline/conventional/dataset_014_K_5.rds"
15,4,98002.0527184476,1.44867082834244,"baseline/conventional/dataset_015_K_4.rds"
16,6,98508.4786089812,4.25942092339198,"baseline/conventional/dataset_016_K_6.rds"
17,4,97496.211861982,1.4424946864446,"baseline/conventional/dataset_017_K_4.rds"
18,4,97706.4348732502,1.44006584088008,"baseline/conventional/dataset_018_K_4.rds"
19,4,97716.7456390023,1.4447669506073,"baseline/conventional/dataset_019_K_4.rds"
20,4,97110.9596515127,1.45058385531108,"baseline/conventional/dataset_020_K_4.rds"
21,4,97575.1227323066,1.44367431004842,"baseline/conventional/dataset_021_K_4.rds"
22,5,97697.2376302356,2.52089903752009,"baseline/conventional/dataset_022_K_5.rds"
23,4,97503.4049817956,1.43679720163345,"baseline/conventional/dataset_023_K_4.rds"
24,5,97491.156282436,2.51320989926656,"baseline/conventional/dataset_024_K_5.rds"
25,5,98057.2522620004,2.5043817838033,"baseline/conventional/dataset_025_K_5.rds"
26,4,97102.1690557727,1.44905267953873,"baseline/conventional/dataset_026_K_4.rds"
27,4,97475.7579085419,1.4390930334727,"baseline/conventional/dataset_027_K_4.rds"
28,5,97820.2738777504,2.46244082450867,"baseline/conventional/dataset_028_K_5.rds"
29,6,97891.2155246632,4.27125502824783,"baseline/conventional/dataset_029_K_6.rds"
30,4,97668.1848371239,1.44878052075704,"baseline/conventional/dataset_030_K_4.rds"
31,4,97538.7608991948,1.44776781797409,"baseline/conventional/dataset_031_K_4.rds"
32,4,97463.9776315266,1.45048205455144,"baseline/conventional/dataset_032_K_4.rds"
33,5,97804.8877937795,2.39345506032308,"baseline/conventional/dataset_033_K_5.rds"
34,5,97646.4305632318,2.39750961860021,"baseline/conventional/dataset_034_K_5.rds"
35,4,97895.8144882957,1.44915556112925,"baseline/conventional/dataset_035_K_4.rds"
36,5,97796.2616006734,2.40092332363129,"baseline/conventional/dataset_036_K_5.rds"
37,4,97260.1446451707,1.43863129218419,"baseline/conventional/dataset_037_K_4.rds"
38,4,97835.2187981003,1.44794351657232,"baseline/conventional/dataset_038_K_4.rds"
39,5,97771.4437071413,2.37848686377207,"baseline/conventional/dataset_039_K_5.rds"
40,4,97780.4253271258,1.45572819709778,"baseline/conventional/dataset_040_K_4.rds"
41,4,97431.017740623,1.45162446101507,"baseline/conventional/dataset_041_K_4.rds"
42,4,97543.1445811738,1.45336688359578,"baseline/conventional/dataset_042_K_4.rds"
43,5,97871.5979949303,2.46757998466492,"baseline/conventional/dataset_043_K_5.rds"
44,5,97605.0738680585,2.47960809071859,"baseline/conventional/dataset_044_K_5.rds"
45,4,97128.4106780682,1.44878117243449,"baseline/conventional/dataset_045_K_4.rds"
46,4,97429.2434142612,1.44573427438736,"baseline/conventional/dataset_046_K_4.rds"
47,4,97701.1647994338,1.44963907400767,"baseline/conventional/dataset_047_K_4.rds"
48,4,97757.0875396933,1.44302668968836,"baseline/conventional/dataset_048_K_4.rds"
49,5,97771.2028861168,2.40550168355306,"baseline/conventional/dataset_049_K_5.rds"
50,5,97549.4079277402,2.39396113952001,"baseline/conventional/dataset_050_K_5.rds"
51,4,97737.0100587768,1.44370265801748,"baseline/conventional/dataset_051_K_4.rds"
52,4,97496.1194873169,1.43463496764501,"baseline/conventional/dataset_052_K_4.rds"
53,5,97728.4918673599,2.38635558684667,"baseline/conventional/dataset_053_K_5.rds"
54,4,97547.262828608,1.44669993718465,"baseline/conventional/dataset_054_K_4.rds"
55,4,97702.6257043847,1.44396274089813,"baseline/conventional/dataset_055_K_4.rds"
56,4,97724.9013463601,1.57058505217234,"baseline/conventional/dataset_056_K_4.rds"
57,5,97636.9267505286,2.4189858396848,"baseline/conventional/dataset_057_K_5.rds"
58,4,97763.9152248116,1.57658489147822,"baseline/conventional/dataset_058_K_4.rds"
59,5,97769.9426305312,2.42099692424138,"baseline/conventional/dataset_059_K_5.rds"
60,4,97547.16349643,1.56585128307343,"baseline/conventional/dataset_060_K_4.rds"
61,4,97780.8049855628,1.56412983338038,"baseline/conventional/dataset_061_K_4.rds"
62,4,97564.2796282641,1.56564693053563,"baseline/conventional/dataset_062_K_4.rds"
63,5,97884.4662565408,2.41576620340347,"baseline/conventional/dataset_063_K_5.rds"
64,4,97599.2632651333,1.57363458077113,"baseline/conventional/dataset_064_K_4.rds"
65,5,97713.0022238128,2.39660083452861,"baseline/conventional/dataset_065_K_5.rds"
66,5,97490.2893917942,2.40103804667791,"baseline/conventional/dataset_066_K_5.rds"
67,4,97447.0232695901,1.5054106314977,"baseline/conventional/dataset_067_K_4.rds"
68,4,96896.5021300267,1.48807999293009,"baseline/conventional/dataset_068_K_4.rds"
69,5,97647.280207424,2.44045555194219,"baseline/conventional/dataset_069_K_5.rds"
70,4,97538.513156584,1.4434045513471,"baseline/conventional/dataset_070_K_4.rds"
71,5,97585.8425594013,2.39691019058228,"baseline/conventional/dataset_071_K_5.rds"
72,5,97606.9335431838,2.40131104787191,"baseline/conventional/dataset_072_K_5.rds"
73,4,97391.5866904229,1.45054819981257,"baseline/conventional/dataset_073_K_4.rds"
74,4,97878.1901887477,1.44476198355357,"baseline/conventional/dataset_074_K_4.rds"
75,4,97530.4075354169,1.44380122025808,"baseline/conventional/dataset_075_K_4.rds"
76,4,97512.3157958378,1.44146986405055,"baseline/conventional/dataset_076_K_4.rds"
77,4,97277.2419272577,1.45001809199651,"baseline/conventional/dataset_077_K_4.rds"
78,4,97372.8919553439,1.54362967411677,"baseline/conventional/dataset_078_K_4.rds"
79,4,97590.8057609859,1.44738293091456,"baseline/conventional/dataset_079_K_4.rds"
80,4,97550.2033890609,1.44469377597173,"baseline/conventional/dataset_080_K_4.rds"
81,4,97523.1197471382,1.4627760330836,"baseline/conventional/dataset_081_K_4.rds"
82,4,97505.6921917739,1.45625602404277,"baseline/conventional/dataset_082_K_4.rds"
83,4,97313.6163652074,1.44436435699463,"baseline/conventional/dataset_083_K_4.rds"
84,5,97706.1211013231,2.46166537205378,"baseline/conventional/dataset_084_K_5.rds"
85,5,97407.7343920902,2.44900412559509,"baseline/conventional/dataset_085_K_5.rds"
86,4,97720.4020491114,1.45886545181274,"baseline/conventional/dataset_086_K_4.rds"
87,4,97370.2053069132,1.45420176188151,"baseline/conventional/dataset_087_K_4.rds"
88,5,97908.1768427054,2.44662518898646,"baseline/conventional/dataset_088_K_5.rds"
89,5,98110.9275514281,2.41556484699249,"baseline/conventional/dataset_089_K_5.rds"
90,5,97637.3589123389,2.41984365383784,"baseline/conventional/dataset_090_K_5.rds"
91,4,97222.4615174468,1.45076293547948,"baseline/conventional/dataset_091_K_4.rds"
92,4,97498.8365059836,1.44334638118744,"baseline/conventional/dataset_092_K_4.rds"
93,4,97575.7600071316,1.4533322374026,"baseline/conventional/dataset_093_K_4.rds"
94,4,97294.0629710288,1.44277124802272,"baseline/conventional/dataset_094_K_4.rds"
95,4,97554.4979694245,1.450035627683,"baseline/conventional/dataset_095_K_4.rds"
96,4,97650.2246590926,1.45838458538055,"baseline/conventional/dataset_096_K_4.rds"
97,4,97669.0233415692,1.45037772655487,"baseline/conventional/dataset_097_K_4.rds"
98,4,97608.1600515919,1.45104344685872,"baseline/conventional/dataset_098_K_4.rds"
99,5,97904.1335556772,2.41007239023844,"baseline/conventional/dataset_099_K_5.rds"
100,4,97453.8888463706,1.43941819667816,"baseline/conventional/dataset_100_K_4.rds"
