"task_id","dataset_id","K1","K2","valid","reason","path"
1,1,2,2,TRUE,"ok","result/eacdm/dataset_001_K1_2_K2_2.rds"
2,2,2,2,TRUE,"ok","result/eacdm/dataset_002_K1_2_K2_2.rds"
3,3,2,2,TRUE,"ok","result/eacdm/dataset_003_K1_2_K2_2.rds"
4,4,2,2,TRUE,"ok","result/eacdm/dataset_004_K1_2_K2_2.rds"
5,5,2,2,TRUE,"ok","result/eacdm/dataset_005_K1_2_K2_2.rds"
6,6,2,2,TRUE,"ok","result/eacdm/dataset_006_K1_2_K2_2.rds"
7,7,2,2,TRUE,"ok","result/eacdm/dataset_007_K1_2_K2_2.rds"
8,8,2,2,TRUE,"ok","result/eacdm/dataset_008_K1_2_K2_2.rds"
9,9,2,2,TRUE,"ok","result/eacdm/dataset_009_K1_2_K2_2.rds"
10,10,2,2,TRUE,"ok","result/eacdm/dataset_010_K1_2_K2_2.rds"
11,11,2,2,TRUE,"ok","result/eacdm/dataset_011_K1_2_K2_2.rds"
12,12,2,2,TRUE,"ok","result/eacdm/dataset_012_K1_2_K2_2.rds"
13,13,2,2,TRUE,"ok","result/eacdm/dataset_013_K1_2_K2_2.rds"
14,14,2,2,TRUE,"ok","result/eacdm/dataset_014_K1_2_K2_2.rds"
15,15,2,2,TRUE,"ok","result/eacdm/dataset_015_K1_2_K2_2.rds"
16,16,2,2,TRUE,"ok","result/eacdm/dataset_016_K1_2_K2_2.rds"
17,17,2,2,TRUE,"ok","result/eacdm/dataset_017_K1_2_K2_2.rds"
18,18,2,2,TRUE,"ok","result/eacdm/dataset_018_K1_2_K2_2.rds"
19,19,2,2,TRUE,"ok","result/eacdm/dataset_019_K1_2_K2_2.rds"
20,20,2,2,TRUE,"ok","result/eacdm/dataset_020_K1_2_K2_2.rds"
21,21,2,2,TRUE,"ok","result/eacdm/dataset_021_K1_2_K2_2.rds"
22,22,2,2,TRUE,"ok","result/eacdm/dataset_022_K1_2_K2_2.rds"
23,23,2,2,TRUE,"ok","result/eacdm/dataset_023_K1_2_K2_2.rds"
24,24,2,2,TRUE,"ok","result/eacdm/dataset_024_K1_2_K2_2.rds"
25,25,2,2,TRUE,"ok","result/eacdm/dataset_025_K1_2_K2_2.rds"
26,26,2,2,TRUE,"ok","result/eacdm/dataset_026_K1_2_K2_2.rds"
27,27,2,2,TRUE,"ok","result/eacdm/dataset_027_K1_2_K2_2.rds"
28,28,2,2,TRUE,"ok","result/eacdm/dataset_028_K1_2_K2_2.rds"
29,29,2,2,TRUE,"ok","result/eacdm/dataset_029_K1_2_K2_2.rds"
30,30,2,2,TRUE,"ok","result/eacdm/dataset_030_K1_2_K2_2.rds"
31,31,2,2,TRUE,"ok","result/eacdm/dataset_031_K1_2_K2_2.rds"
32,32,2,2,TRUE,"ok","result/eacdm/dataset_032_K1_2_K2_2.rds"
33,33,2,2,TRUE,"ok","result/eacdm/dataset_033_K1_2_K2_2.rds"
34,34,2,2,TRUE,"ok","result/eacdm/dataset_034_K1_2_K2_2.rds"
35,35,2,2,TRUE,"ok","result/eacdm/dataset_035_K1_2_K2_2.rds"
36,36,2,2,TRUE,"ok","result/eacdm/dataset_036_K1_2_K2_2.rds"
37,37,2,2,TRUE,"ok","result/eacdm/dataset_037_K1_2_K2_2.rds"
38,38,2,2,TRUE,"ok","result/eacdm/dataset_038_K1_2_K2_2.rds"
39,39,2,2,TRUE,"ok","result/eacdm/dataset_039_K1_2_K2_2.rds"
40,40,2,2,TRUE,"ok","result/eacdm/dataset_040_K1_2_K2_2.rds"
41,41,2,2,TRUE,"ok","result/eacdm/dataset_041_K1_2_K2_2.rds"
42,42,2,2,TRUE,"ok","result/eacdm/dataset_042_K1_2_K2_2.rds"
43,43,2,2,TRUE,"ok","result/eacdm/dataset_043_K1_2_K2_2.rds"
44,44,2,2,TRUE,"ok","result/eacdm/dataset_044_K1_2_K2_2.rds"
45,45,2,2,TRUE,"ok","result/eacdm/dataset_045_K1_2_K2_2.rds"
46,46,2,2,TRUE,"ok","result/eacdm/dataset_046_K1_2_K2_2.rds"
47,47,2,2,TRUE,"ok","result/eacdm/dataset_047_K1_2_K2_2.rds"
48,48,2,2,TRUE,"ok","result/eacdm/dataset_048_K1_2_K2_2.rds"
49,49,2,2,TRUE,"ok","result/eacdm/dataset_049_K1_2_K2_2.rds"
50,50,2,2,TRUE,"ok","result/eacdm/dataset_050_K1_2_K2_2.rds"
51,51,2,2,TRUE,"ok","result/eacdm/dataset_051_K1_2_K2_2.rds"
52,52,2,2,TRUE,"ok","result/eacdm/dataset_052_K1_2_K2_2.rds"
53,53,2,2,TRUE,"ok","result/eacdm/dataset_053_K1_2_K2_2.rds"
54,54,2,2,TRUE,"ok","result/eacdm/dataset_054_K1_2_K2_2.rds"
55,55,2,2,TRUE,"ok","result/eacdm/dataset_055_K1_2_K2_2.rds"
56,56,2,2,TRUE,"ok","result/eacdm/dataset_056_K1_2_K2_2.rds"
57,57,2,2,TRUE,"ok","result/eacdm/dataset_057_K1_2_K2_2.rds"
58,58,2,2,TRUE,"ok","result/eacdm/dataset_058_K1_2_K2_2.rds"
59,59,2,2,TRUE,"ok","result/eacdm/dataset_059_K1_2_K2_2.rds"
60,60,2,2,TRUE,"ok","result/eacdm/dataset_060_K1_2_K2_2.rds"
61,61,2,2,TRUE,"ok","result/eacdm/dataset_061_K1_2_K2_2.rds"
62,62,2,2,TRUE,"ok","result/eacdm/dataset_062_K1_2_K2_2.rds"
63,63,2,2,TRUE,"ok","result/eacdm/dataset_063_K1_2_K2_2.rds"
64,64,2,2,TRUE,"ok","result/eacdm/dataset_064_K1_2_K2_2.rds"
65,65,2,2,TRUE,"ok","result/eacdm/dataset_065_K1_2_K2_2.rds"
66,66,2,2,TRUE,"ok","result/eacdm/dataset_066_K1_2_K2_2.rds"
67,67,2,2,TRUE,"ok","result/eacdm/dataset_067_K1_2_K2_2.rds"
68,68,2,2,TRUE,"ok","result/eacdm/dataset_068_K1_2_K2_2.rds"
69,69,2,2,TRUE,"ok","result/eacdm/dataset_069_K1_2_K2_2.rds"
70,70,2,2,TRUE,"ok","result/eacdm/dataset_070_K1_2_K2_2.rds"
71,71,2,2,TRUE,"ok","result/eacdm/dataset_071_K1_2_K2_2.rds"
72,72,2,2,TRUE,"ok","result/eacdm/dataset_072_K1_2_K2_2.rds"
73,73,2,2,TRUE,"ok","result/eacdm/dataset_073_K1_2_K2_2.rds"
74,74,2,2,TRUE,"ok","result/eacdm/dataset_074_K1_2_K2_2.rds"
75,75,2,2,TRUE,"ok","result/eacdm/dataset_075_K1_2_K2_2.rds"
76,76,2,2,TRUE,"ok","result/eacdm/dataset_076_K1_2_K2_2.rds"
77,77,2,2,TRUE,"ok","result/eacdm/dataset_077_K1_2_K2_2.rds"
78,78,2,2,TRUE,"ok","result/eacdm/dataset_078_K1_2_K2_2.rds"
79,79,2,2,TRUE,"ok","result/eacdm/dataset_079_K1_2_K2_2.rds"
80,80,2,2,TRUE,"ok","result/eacdm/dataset_080_K1_2_K2_2.rds"
81,81,2,2,TRUE,"ok","result/eacdm/dataset_081_K1_2_K2_2.rds"
82,82,2,2,TRUE,"ok","result/eacdm/dataset_082_K1_2_K2_2.rds"
83,83,2,2,TRUE,"ok","result/eacdm/dataset_083_K1_2_K2_2.rds"
84,84,2,2,TRUE,"ok","result/eacdm/dataset_084_K1_2_K2_2.rds"
85,85,2,2,TRUE,"ok","result/eacdm/dataset_085_K1_2_K2_2.rds"
86,86,2,2,TRUE,"ok","result/eacdm/dataset_086_K1_2_K2_2.rds"
87,87,2,2,TRUE,"ok","result/eacdm/dataset_087_K1_2_K2_2.rds"
88,88,2,2,TRUE,"ok","result/eacdm/dataset_088_K1_2_K2_2.rds"
89,89,2,2,TRUE,"ok","result/eacdm/dataset_089_K1_2_K2_2.rds"
90,90,2,2,TRUE,"ok","result/eacdm/dataset_090_K1_2_K2_2.rds"
91,91,2,2,TRUE,"ok","result/eacdm/dataset_091_K1_2_K2_2.rds"
92,92,2,2,TRUE,"ok","result/eacdm/dataset_092_K1_2_K2_2.rds"
93,93,2,2,TRUE,"ok","result/eacdm/dataset_093_K1_2_K2_2.rds"
94,94,2,2,TRUE,"ok","result/eacdm/dataset_094_K1_2_K2_2.rds"
95,95,2,2,TRUE,"ok","result/eacdm/dataset_095_K1_2_K2_2.rds"
96,96,2,2,TRUE,"ok","result/eacdm/dataset_096_K1_2_K2_2.rds"
97,97,2,2,TRUE,"ok","result/eacdm/dataset_097_K1_2_K2_2.rds"
98,98,2,2,TRUE,"ok","result/eacdm/dataset_098_K1_2_K2_2.rds"
99,99,2,2,TRUE,"ok","result/eacdm/dataset_099_K1_2_K2_2.rds"
100,100,2,2,TRUE,"ok","result/eacdm/dataset_100_K1_2_K2_2.rds"
101,1,3,2,TRUE,"ok","result/eacdm/dataset_001_K1_3_K2_2.rds"
102,2,3,2,TRUE,"ok","result/eacdm/dataset_002_K1_3_K2_2.rds"
103,3,3,2,TRUE,"ok","result/eacdm/dataset_003_K1_3_K2_2.rds"
104,4,3,2,TRUE,"ok","result/eacdm/dataset_004_K1_3_K2_2.rds"
105,5,3,2,TRUE,"ok","result/eacdm/dataset_005_K1_3_K2_2.rds"
106,6,3,2,TRUE,"ok","result/eacdm/dataset_006_K1_3_K2_2.rds"
107,7,3,2,TRUE,"ok","result/eacdm/dataset_007_K1_3_K2_2.rds"
108,8,3,2,TRUE,"ok","result/eacdm/dataset_008_K1_3_K2_2.rds"
109,9,3,2,TRUE,"ok","result/eacdm/dataset_009_K1_3_K2_2.rds"
110,10,3,2,TRUE,"ok","result/eacdm/dataset_010_K1_3_K2_2.rds"
111,11,3,2,TRUE,"ok","result/eacdm/dataset_011_K1_3_K2_2.rds"
112,12,3,2,TRUE,"ok","result/eacdm/dataset_012_K1_3_K2_2.rds"
113,13,3,2,TRUE,"ok","result/eacdm/dataset_013_K1_3_K2_2.rds"
114,14,3,2,TRUE,"ok","result/eacdm/dataset_014_K1_3_K2_2.rds"
115,15,3,2,TRUE,"ok","result/eacdm/dataset_015_K1_3_K2_2.rds"
116,16,3,2,TRUE,"ok","result/eacdm/dataset_016_K1_3_K2_2.rds"
117,17,3,2,TRUE,"ok","result/eacdm/dataset_017_K1_3_K2_2.rds"
118,18,3,2,TRUE,"ok","result/eacdm/dataset_018_K1_3_K2_2.rds"
119,19,3,2,TRUE,"ok","result/eacdm/dataset_019_K1_3_K2_2.rds"
120,20,3,2,TRUE,"ok","result/eacdm/dataset_020_K1_3_K2_2.rds"
121,21,3,2,TRUE,"ok","result/eacdm/dataset_021_K1_3_K2_2.rds"
122,22,3,2,TRUE,"ok","result/eacdm/dataset_022_K1_3_K2_2.rds"
123,23,3,2,TRUE,"ok","result/eacdm/dataset_023_K1_3_K2_2.rds"
124,24,3,2,TRUE,"ok","result/eacdm/dataset_024_K1_3_K2_2.rds"
125,25,3,2,TRUE,"ok","result/eacdm/dataset_025_K1_3_K2_2.rds"
126,26,3,2,TRUE,"ok","result/eacdm/dataset_026_K1_3_K2_2.rds"
127,27,3,2,TRUE,"ok","result/eacdm/dataset_027_K1_3_K2_2.rds"
128,28,3,2,TRUE,"ok","result/eacdm/dataset_028_K1_3_K2_2.rds"
129,29,3,2,TRUE,"ok","result/eacdm/dataset_029_K1_3_K2_2.rds"
130,30,3,2,TRUE,"ok","result/eacdm/dataset_030_K1_3_K2_2.rds"
131,31,3,2,TRUE,"ok","result/eacdm/dataset_031_K1_3_K2_2.rds"
132,32,3,2,TRUE,"ok","result/eacdm/dataset_032_K1_3_K2_2.rds"
133,33,3,2,TRUE,"ok","result/eacdm/dataset_033_K1_3_K2_2.rds"
134,34,3,2,TRUE,"ok","result/eacdm/dataset_034_K1_3_K2_2.rds"
135,35,3,2,TRUE,"ok","result/eacdm/dataset_035_K1_3_K2_2.rds"
136,36,3,2,TRUE,"ok","result/eacdm/dataset_036_K1_3_K2_2.rds"
137,37,3,2,TRUE,"ok","result/eacdm/dataset_037_K1_3_K2_2.rds"
138,38,3,2,TRUE,"ok","result/eacdm/dataset_038_K1_3_K2_2.rds"
139,39,3,2,TRUE,"ok","result/eacdm/dataset_039_K1_3_K2_2.rds"
140,40,3,2,TRUE,"ok","result/eacdm/dataset_040_K1_3_K2_2.rds"
141,41,3,2,TRUE,"ok","result/eacdm/dataset_041_K1_3_K2_2.rds"
142,42,3,2,TRUE,"ok","result/eacdm/dataset_042_K1_3_K2_2.rds"
143,43,3,2,TRUE,"ok","result/eacdm/dataset_043_K1_3_K2_2.rds"
144,44,3,2,TRUE,"ok","result/eacdm/dataset_044_K1_3_K2_2.rds"
145,45,3,2,TRUE,"ok","result/eacdm/dataset_045_K1_3_K2_2.rds"
146,46,3,2,TRUE,"ok","result/eacdm/dataset_046_K1_3_K2_2.rds"
147,47,3,2,TRUE,"ok","result/eacdm/dataset_047_K1_3_K2_2.rds"
148,48,3,2,TRUE,"ok","result/eacdm/dataset_048_K1_3_K2_2.rds"
149,49,3,2,TRUE,"ok","result/eacdm/dataset_049_K1_3_K2_2.rds"
150,50,3,2,TRUE,"ok","result/eacdm/dataset_050_K1_3_K2_2.rds"
151,51,3,2,TRUE,"ok","result/eacdm/dataset_051_K1_3_K2_2.rds"
152,52,3,2,TRUE,"ok","result/eacdm/dataset_052_K1_3_K2_2.rds"
153,53,3,2,TRUE,"ok","result/eacdm/dataset_053_K1_3_K2_2.rds"
154,54,3,2,TRUE,"ok","result/eacdm/dataset_054_K1_3_K2_2.rds"
155,55,3,2,TRUE,"ok","result/eacdm/dataset_055_K1_3_K2_2.rds"
156,56,3,2,TRUE,"ok","result/eacdm/dataset_056_K1_3_K2_2.rds"
157,57,3,2,TRUE,"ok","result/eacdm/dataset_057_K1_3_K2_2.rds"
158,58,3,2,TRUE,"ok","result/eacdm/dataset_058_K1_3_K2_2.rds"
159,59,3,2,TRUE,"ok","result/eacdm/dataset_059_K1_3_K2_2.rds"
160,60,3,2,TRUE,"ok","result/eacdm/dataset_060_K1_3_K2_2.rds"
161,61,3,2,TRUE,"ok","result/eacdm/dataset_061_K1_3_K2_2.rds"
162,62,3,2,TRUE,"ok","result/eacdm/dataset_062_K1_3_K2_2.rds"
163,63,3,2,TRUE,"ok","result/eacdm/dataset_063_K1_3_K2_2.rds"
164,64,3,2,TRUE,"ok","result/eacdm/dataset_064_K1_3_K2_2.rds"
165,65,3,2,TRUE,"ok","result/eacdm/dataset_065_K1_3_K2_2.rds"
166,66,3,2,TRUE,"ok","result/eacdm/dataset_066_K1_3_K2_2.rds"
167,67,3,2,TRUE,"ok","result/eacdm/dataset_067_K1_3_K2_2.rds"
168,68,3,2,TRUE,"ok","result/eacdm/dataset_068_K1_3_K2_2.rds"
169,69,3,2,TRUE,"ok","result/eacdm/dataset_069_K1_3_K2_2.rds"
170,70,3,2,TRUE,"ok","result/eacdm/dataset_070_K1_3_K2_2.rds"
171,71,3,2,TRUE,"ok","result/eacdm/dataset_071_K1_3_K2_2.rds"
172,72,3,2,TRUE,"ok","result/eacdm/dataset_072_K1_3_K2_2.rds"
173,73,3,2,TRUE,"ok","result/eacdm/dataset_073_K1_3_K2_2.rds"
174,74,3,2,TRUE,"ok","result/eacdm/dataset_074_K1_3_K2_2.rds"
175,75,3,2,TRUE,"ok","result/eacdm/dataset_075_K1_3_K2_2.rds"
176,76,3,2,TRUE,"ok","result/eacdm/dataset_076_K1_3_K2_2.rds"
177,77,3,2,TRUE,"ok","result/eacdm/dataset_077_K1_3_K2_2.rds"
178,78,3,2,TRUE,"ok","result/eacdm/dataset_078_K1_3_K2_2.rds"
179,79,3,2,TRUE,"ok","result/eacdm/dataset_079_K1_3_K2_2.rds"
180,80,3,2,TRUE,"ok","result/eacdm/dataset_080_K1_3_K2_2.rds"
181,81,3,2,TRUE,"ok","result/eacdm/dataset_081_K1_3_K2_2.rds"
182,82,3,2,TRUE,"ok","result/eacdm/dataset_082_K1_3_K2_2.rds"
183,83,3,2,TRUE,"ok","result/eacdm/dataset_083_K1_3_K2_2.rds"
184,84,3,2,TRUE,"ok","result/eacdm/dataset_084_K1_3_K2_2.rds"
185,85,3,2,TRUE,"ok","result/eacdm/dataset_085_K1_3_K2_2.rds"
186,86,3,2,TRUE,"ok","result/eacdm/dataset_086_K1_3_K2_2.rds"
187,87,3,2,TRUE,"ok","result/eacdm/dataset_087_K1_3_K2_2.rds"
188,88,3,2,TRUE,"ok","result/eacdm/dataset_088_K1_3_K2_2.rds"
189,89,3,2,TRUE,"ok","result/eacdm/dataset_089_K1_3_K2_2.rds"
190,90,3,2,TRUE,"ok","result/eacdm/dataset_090_K1_3_K2_2.rds"
191,91,3,2,TRUE,"ok","result/eacdm/dataset_091_K1_3_K2_2.rds"
192,92,3,2,TRUE,"ok","result/eacdm/dataset_092_K1_3_K2_2.rds"
193,93,3,2,TRUE,"ok","result/eacdm/dataset_093_K1_3_K2_2.rds"
194,94,3,2,TRUE,"ok","result/eacdm/dataset_094_K1_3_K2_2.rds"
195,95,3,2,TRUE,"ok","result/eacdm/dataset_095_K1_3_K2_2.rds"
196,96,3,2,TRUE,"ok","result/eacdm/dataset_096_K1_3_K2_2.rds"
197,97,3,2,TRUE,"ok","result/eacdm/dataset_097_K1_3_K2_2.rds"
198,98,3,2,TRUE,"ok","result/eacdm/dataset_098_K1_3_K2_2.rds"
199,99,3,2,TRUE,"ok","result/eacdm/dataset_099_K1_3_K2_2.rds"
200,100,3,2,TRUE,"ok","result/eacdm/dataset_100_K1_3_K2_2.rds"
201,1,4,2,TRUE,"ok","result/eacdm/dataset_001_K1_4_K2_2.rds"
202,2,4,2,TRUE,"ok","result/eacdm/dataset_002_K1_4_K2_2.rds"
203,3,4,2,TRUE,"ok","result/eacdm/dataset_003_K1_4_K2_2.rds"
204,4,4,2,TRUE,"ok","result/eacdm/dataset_004_K1_4_K2_2.rds"
205,5,4,2,TRUE,"ok","result/eacdm/dataset_005_K1_4_K2_2.rds"
206,6,4,2,TRUE,"ok","result/eacdm/dataset_006_K1_4_K2_2.rds"
207,7,4,2,TRUE,"ok","result/eacdm/dataset_007_K1_4_K2_2.rds"
208,8,4,2,TRUE,"ok","result/eacdm/dataset_008_K1_4_K2_2.rds"
209,9,4,2,TRUE,"ok","result/eacdm/dataset_009_K1_4_K2_2.rds"
210,10,4,2,TRUE,"ok","result/eacdm/dataset_010_K1_4_K2_2.rds"
211,11,4,2,TRUE,"ok","result/eacdm/dataset_011_K1_4_K2_2.rds"
212,12,4,2,TRUE,"ok","result/eacdm/dataset_012_K1_4_K2_2.rds"
213,13,4,2,TRUE,"ok","result/eacdm/dataset_013_K1_4_K2_2.rds"
214,14,4,2,TRUE,"ok","result/eacdm/dataset_014_K1_4_K2_2.rds"
215,15,4,2,TRUE,"ok","result/eacdm/dataset_015_K1_4_K2_2.rds"
216,16,4,2,TRUE,"ok","result/eacdm/dataset_016_K1_4_K2_2.rds"
217,17,4,2,TRUE,"ok","result/eacdm/dataset_017_K1_4_K2_2.rds"
218,18,4,2,TRUE,"ok","result/eacdm/dataset_018_K1_4_K2_2.rds"
219,19,4,2,TRUE,"ok","result/eacdm/dataset_019_K1_4_K2_2.rds"
220,20,4,2,TRUE,"ok","result/eacdm/dataset_020_K1_4_K2_2.rds"
221,21,4,2,TRUE,"ok","result/eacdm/dataset_021_K1_4_K2_2.rds"
222,22,4,2,TRUE,"ok","result/eacdm/dataset_022_K1_4_K2_2.rds"
223,23,4,2,TRUE,"ok","result/eacdm/dataset_023_K1_4_K2_2.rds"
224,24,4,2,TRUE,"ok","result/eacdm/dataset_024_K1_4_K2_2.rds"
225,25,4,2,TRUE,"ok","result/eacdm/dataset_025_K1_4_K2_2.rds"
226,26,4,2,TRUE,"ok","result/eacdm/dataset_026_K1_4_K2_2.rds"
227,27,4,2,TRUE,"ok","result/eacdm/dataset_027_K1_4_K2_2.rds"
228,28,4,2,TRUE,"ok","result/eacdm/dataset_028_K1_4_K2_2.rds"
229,29,4,2,TRUE,"ok","result/eacdm/dataset_029_K1_4_K2_2.rds"
230,30,4,2,TRUE,"ok","result/eacdm/dataset_030_K1_4_K2_2.rds"
231,31,4,2,TRUE,"ok","result/eacdm/dataset_031_K1_4_K2_2.rds"
232,32,4,2,TRUE,"ok","result/eacdm/dataset_032_K1_4_K2_2.rds"
233,33,4,2,TRUE,"ok","result/eacdm/dataset_033_K1_4_K2_2.rds"
234,34,4,2,TRUE,"ok","result/eacdm/dataset_034_K1_4_K2_2.rds"
235,35,4,2,TRUE,"ok","result/eacdm/dataset_035_K1_4_K2_2.rds"
236,36,4,2,TRUE,"ok","result/eacdm/dataset_036_K1_4_K2_2.rds"
237,37,4,2,TRUE,"ok","result/eacdm/dataset_037_K1_4_K2_2.rds"
238,38,4,2,TRUE,"ok","result/eacdm/dataset_038_K1_4_K2_2.rds"
239,39,4,2,TRUE,"ok","result/eacdm/dataset_039_K1_4_K2_2.rds"
240,40,4,2,TRUE,"ok","result/eacdm/dataset_040_K1_4_K2_2.rds"
241,41,4,2,TRUE,"ok","result/eacdm/dataset_041_K1_4_K2_2.rds"
242,42,4,2,TRUE,"ok","result/eacdm/dataset_042_K1_4_K2_2.rds"
243,43,4,2,TRUE,"ok","result/eacdm/dataset_043_K1_4_K2_2.rds"
244,44,4,2,TRUE,"ok","result/eacdm/dataset_044_K1_4_K2_2.rds"
245,45,4,2,TRUE,"ok","result/eacdm/dataset_045_K1_4_K2_2.rds"
246,46,4,2,TRUE,"ok","result/eacdm/dataset_046_K1_4_K2_2.rds"
247,47,4,2,TRUE,"ok","result/eacdm/dataset_047_K1_4_K2_2.rds"
248,48,4,2,TRUE,"ok","result/eacdm/dataset_048_K1_4_K2_2.rds"
249,49,4,2,TRUE,"ok","result/eacdm/dataset_049_K1_4_K2_2.rds"
250,50,4,2,TRUE,"ok","result/eacdm/dataset_050_K1_4_K2_2.rds"
251,51,4,2,TRUE,"ok","result/eacdm/dataset_051_K1_4_K2_2.rds"
252,52,4,2,TRUE,"ok","result/eacdm/dataset_052_K1_4_K2_2.rds"
253,53,4,2,TRUE,"ok","result/eacdm/dataset_053_K1_4_K2_2.rds"
254,54,4,2,TRUE,"ok","result/eacdm/dataset_054_K1_4_K2_2.rds"
255,55,4,2,TRUE,"ok","result/eacdm/dataset_055_K1_4_K2_2.rds"
256,56,4,2,TRUE,"ok","result/eacdm/dataset_056_K1_4_K2_2.rds"
257,57,4,2,TRUE,"ok","result/eacdm/dataset_057_K1_4_K2_2.rds"
258,58,4,2,TRUE,"ok","result/eacdm/dataset_058_K1_4_K2_2.rds"
259,59,4,2,TRUE,"ok","result/eacdm/dataset_059_K1_4_K2_2.rds"
260,60,4,2,TRUE,"ok","result/eacdm/dataset_060_K1_4_K2_2.rds"
261,61,4,2,TRUE,"ok","result/eacdm/dataset_061_K1_4_K2_2.rds"
262,62,4,2,TRUE,"ok","result/eacdm/dataset_062_K1_4_K2_2.rds"
263,63,4,2,TRUE,"ok","result/eacdm/dataset_063_K1_4_K2_2.rds"
264,64,4,2,TRUE,"ok","result/eacdm/dataset_064_K1_4_K2_2.rds"
265,65,4,2,TRUE,"ok","result/eacdm/dataset_065_K1_4_K2_2.rds"
266,66,4,2,TRUE,"ok","result/eacdm/dataset_066_K1_4_K2_2.rds"
267,67,4,2,TRUE,"ok","result/eacdm/dataset_067_K1_4_K2_2.rds"
268,68,4,2,TRUE,"ok","result/eacdm/dataset_068_K1_4_K2_2.rds"
269,69,4,2,TRUE,"ok","result/eacdm/dataset_069_K1_4_K2_2.rds"
270,70,4,2,TRUE,"ok","result/eacdm/dataset_070_K1_4_K2_2.rds"
271,71,4,2,TRUE,"ok","result/eacdm/dataset_071_K1_4_K2_2.rds"
272,72,4,2,TRUE,"ok","result/eacdm/dataset_072_K1_4_K2_2.rds"
273,73,4,2,TRUE,"ok","result/eacdm/dataset_073_K1_4_K2_2.rds"
274,74,4,2,TRUE,"ok","result/eacdm/dataset_074_K1_4_K2_2.rds"
275,75,4,2,TRUE,"ok","result/eacdm/dataset_075_K1_4_K2_2.rds"
276,76,4,2,TRUE,"ok","result/eacdm/dataset_076_K1_4_K2_2.rds"
277,77,4,2,TRUE,"ok","result/eacdm/dataset_077_K1_4_K2_2.rds"
278,78,4,2,TRUE,"ok","result/eacdm/dataset_078_K1_4_K2_2.rds"
279,79,4,2,TRUE,"ok","result/eacdm/dataset_079_K1_4_K2_2.rds"
280,80,4,2,TRUE,"ok","result/eacdm/dataset_080_K1_4_K2_2.rds"
281,81,4,2,TRUE,"ok","result/eacdm/dataset_081_K1_4_K2_2.rds"
282,82,4,2,TRUE,"ok","result/eacdm/dataset_082_K1_4_K2_2.rds"
283,83,4,2,TRUE,"ok","result/eacdm/dataset_083_K1_4_K2_2.rds"
284,84,4,2,TRUE,"ok","result/eacdm/dataset_084_K1_4_K2_2.rds"
285,85,4,2,TRUE,"ok","result/eacdm/dataset_085_K1_4_K2_2.rds"
286,86,4,2,TRUE,"ok","result/eacdm/dataset_086_K1_4_K2_2.rds"
287,87,4,2,TRUE,"ok","result/eacdm/dataset_087_K1_4_K2_2.rds"
288,88,4,2,TRUE,"ok","result/eacdm/dataset_088_K1_4_K2_2.rds"
289,89,4,2,TRUE,"ok","result/eacdm/dataset_089_K1_4_K2_2.rds"
290,90,4,2,TRUE,"ok","result/eacdm/dataset_090_K1_4_K2_2.rds"
291,91,4,2,TRUE,"ok","result/eacdm/dataset_091_K1_4_K2_2.rds"
292,92,4,2,TRUE,"ok","result/eacdm/dataset_092_K1_4_K2_2.rds"
293,93,4,2,TRUE,"ok","result/eacdm/dataset_093_K1_4_K2_2.rds"
294,94,4,2,TRUE,"ok","result/eacdm/dataset_094_K1_4_K2_2.rds"
295,95,4,2,TRUE,"ok","result/eacdm/dataset_095_K1_4_K2_2.rds"
296,96,4,2,TRUE,"ok","result/eacdm/dataset_096_K1_4_K2_2.rds"
297,97,4,2,TRUE,"ok","result/eacdm/dataset_097_K1_4_K2_2.rds"
298,98,4,2,TRUE,"ok","result/eacdm/dataset_098_K1_4_K2_2.rds"
299,99,4,2,TRUE,"ok","result/eacdm/dataset_099_K1_4_K2_2.rds"
300,100,4,2,TRUE,"ok","result/eacdm/dataset_100_K1_4_K2_2.rds"
301,1,2,3,TRUE,"ok","result/eacdm/dataset_001_K1_2_K2_3.rds"
302,2,2,3,TRUE,"ok","result/eacdm/dataset_002_K1_2_K2_3.rds"
303,3,2,3,TRUE,"ok","result/eacdm/dataset_003_K1_2_K2_3.rds"
304,4,2,3,TRUE,"ok","result/eacdm/dataset_004_K1_2_K2_3.rds"
305,5,2,3,TRUE,"ok","result/eacdm/dataset_005_K1_2_K2_3.rds"
306,6,2,3,TRUE,"ok","result/eacdm/dataset_006_K1_2_K2_3.rds"
307,7,2,3,TRUE,"ok","result/eacdm/dataset_007_K1_2_K2_3.rds"
308,8,2,3,TRUE,"ok","result/eacdm/dataset_008_K1_2_K2_3.rds"
309,9,2,3,TRUE,"ok","result/eacdm/dataset_009_K1_2_K2_3.rds"
310,10,2,3,TRUE,"ok","result/eacdm/dataset_010_K1_2_K2_3.rds"
311,11,2,3,TRUE,"ok","result/eacdm/dataset_011_K1_2_K2_3.rds"
312,12,2,3,TRUE,"ok","result/eacdm/dataset_012_K1_2_K2_3.rds"
313,13,2,3,TRUE,"ok","result/eacdm/dataset_013_K1_2_K2_3.rds"
314,14,2,3,TRUE,"ok","result/eacdm/dataset_014_K1_2_K2_3.rds"
315,15,2,3,TRUE,"ok","result/eacdm/dataset_015_K1_2_K2_3.rds"
316,16,2,3,TRUE,"ok","result/eacdm/dataset_016_K1_2_K2_3.rds"
317,17,2,3,TRUE,"ok","result/eacdm/dataset_017_K1_2_K2_3.rds"
318,18,2,3,TRUE,"ok","result/eacdm/dataset_018_K1_2_K2_3.rds"
319,19,2,3,TRUE,"ok","result/eacdm/dataset_019_K1_2_K2_3.rds"
320,20,2,3,TRUE,"ok","result/eacdm/dataset_020_K1_2_K2_3.rds"
321,21,2,3,TRUE,"ok","result/eacdm/dataset_021_K1_2_K2_3.rds"
322,22,2,3,TRUE,"ok","result/eacdm/dataset_022_K1_2_K2_3.rds"
323,23,2,3,TRUE,"ok","result/eacdm/dataset_023_K1_2_K2_3.rds"
324,24,2,3,TRUE,"ok","result/eacdm/dataset_024_K1_2_K2_3.rds"
325,25,2,3,TRUE,"ok","result/eacdm/dataset_025_K1_2_K2_3.rds"
326,26,2,3,TRUE,"ok","result/eacdm/dataset_026_K1_2_K2_3.rds"
327,27,2,3,TRUE,"ok","result/eacdm/dataset_027_K1_2_K2_3.rds"
328,28,2,3,TRUE,"ok","result/eacdm/dataset_028_K1_2_K2_3.rds"
329,29,2,3,TRUE,"ok","result/eacdm/dataset_029_K1_2_K2_3.rds"
330,30,2,3,TRUE,"ok","result/eacdm/dataset_030_K1_2_K2_3.rds"
331,31,2,3,TRUE,"ok","result/eacdm/dataset_031_K1_2_K2_3.rds"
332,32,2,3,TRUE,"ok","result/eacdm/dataset_032_K1_2_K2_3.rds"
333,33,2,3,TRUE,"ok","result/eacdm/dataset_033_K1_2_K2_3.rds"
334,34,2,3,TRUE,"ok","result/eacdm/dataset_034_K1_2_K2_3.rds"
335,35,2,3,TRUE,"ok","result/eacdm/dataset_035_K1_2_K2_3.rds"
336,36,2,3,TRUE,"ok","result/eacdm/dataset_036_K1_2_K2_3.rds"
337,37,2,3,TRUE,"ok","result/eacdm/dataset_037_K1_2_K2_3.rds"
338,38,2,3,TRUE,"ok","result/eacdm/dataset_038_K1_2_K2_3.rds"
339,39,2,3,TRUE,"ok","result/eacdm/dataset_039_K1_2_K2_3.rds"
340,40,2,3,TRUE,"ok","result/eacdm/dataset_040_K1_2_K2_3.rds"
341,41,2,3,TRUE,"ok","result/eacdm/dataset_041_K1_2_K2_3.rds"
342,42,2,3,TRUE,"ok","result/eacdm/dataset_042_K1_2_K2_3.rds"
343,43,2,3,TRUE,"ok","result/eacdm/dataset_043_K1_2_K2_3.rds"
344,44,2,3,TRUE,"ok","result/eacdm/dataset_044_K1_2_K2_3.rds"
345,45,2,3,TRUE,"ok","result/eacdm/dataset_045_K1_2_K2_3.rds"
346,46,2,3,TRUE,"ok","result/eacdm/dataset_046_K1_2_K2_3.rds"
347,47,2,3,TRUE,"ok","result/eacdm/dataset_047_K1_2_K2_3.rds"
348,48,2,3,TRUE,"ok","result/eacdm/dataset_048_K1_2_K2_3.rds"
349,49,2,3,TRUE,"ok","result/eacdm/dataset_049_K1_2_K2_3.rds"
350,50,2,3,TRUE,"ok","result/eacdm/dataset_050_K1_2_K2_3.rds"
351,51,2,3,TRUE,"ok","result/eacdm/dataset_051_K1_2_K2_3.rds"
352,52,2,3,TRUE,"ok","result/eacdm/dataset_052_K1_2_K2_3.rds"
353,53,2,3,TRUE,"ok","result/eacdm/dataset_053_K1_2_K2_3.rds"
354,54,2,3,TRUE,"ok","result/eacdm/dataset_054_K1_2_K2_3.rds"
355,55,2,3,TRUE,"ok","result/eacdm/dataset_055_K1_2_K2_3.rds"
356,56,2,3,TRUE,"ok","result/eacdm/dataset_056_K1_2_K2_3.rds"
357,57,2,3,TRUE,"ok","result/eacdm/dataset_057_K1_2_K2_3.rds"
358,58,2,3,TRUE,"ok","result/eacdm/dataset_058_K1_2_K2_3.rds"
359,59,2,3,TRUE,"ok","result/eacdm/dataset_059_K1_2_K2_3.rds"
360,60,2,3,TRUE,"ok","result/eacdm/dataset_060_K1_2_K2_3.rds"
361,61,2,3,TRUE,"ok","result/eacdm/dataset_061_K1_2_K2_3.rds"
362,62,2,3,TRUE,"ok","result/eacdm/dataset_062_K1_2_K2_3.rds"
363,63,2,3,TRUE,"ok","result/eacdm/dataset_063_K1_2_K2_3.rds"
364,64,2,3,TRUE,"ok","result/eacdm/dataset_064_K1_2_K2_3.rds"
365,65,2,3,TRUE,"ok","result/eacdm/dataset_065_K1_2_K2_3.rds"
366,66,2,3,TRUE,"ok","result/eacdm/dataset_066_K1_2_K2_3.rds"
367,67,2,3,TRUE,"ok","result/eacdm/dataset_067_K1_2_K2_3.rds"
368,68,2,3,TRUE,"ok","result/eacdm/dataset_068_K1_2_K2_3.rds"
369,69,2,3,TRUE,"ok","result/eacdm/dataset_069_K1_2_K2_3.rds"
370,70,2,3,TRUE,"ok","result/eacdm/dataset_070_K1_2_K2_3.rds"
371,71,2,3,TRUE,"ok","result/eacdm/dataset_071_K1_2_K2_3.rds"
372,72,2,3,TRUE,"ok","result/eacdm/dataset_072_K1_2_K2_3.rds"
373,73,2,3,TRUE,"ok","result/eacdm/dataset_073_K1_2_K2_3.rds"
374,74,2,3,TRUE,"ok","result/eacdm/dataset_074_K1_2_K2_3.rds"
375,75,2,3,TRUE,"ok","result/eacdm/dataset_075_K1_2_K2_3.rds"
376,76,2,3,TRUE,"ok","result/eacdm/dataset_076_K1_2_K2_3.rds"
377,77,2,3,TRUE,"ok","result/eacdm/dataset_077_K1_2_K2_3.rds"
378,78,2,3,TRUE,"ok","result/eacdm/dataset_078_K1_2_K2_3.rds"
379,79,2,3,TRUE,"ok","result/eacdm/dataset_079_K1_2_K2_3.rds"
380,80,2,3,TRUE,"ok","result/eacdm/dataset_080_K1_2_K2_3.rds"
381,81,2,3,TRUE,"ok","result/eacdm/dataset_081_K1_2_K2_3.rds"
382,82,2,3,TRUE,"ok","result/eacdm/dataset_082_K1_2_K2_3.rds"
383,83,2,3,TRUE,"ok","result/eacdm/dataset_083_K1_2_K2_3.rds"
384,84,2,3,TRUE,"ok","result/eacdm/dataset_084_K1_2_K2_3.rds"
385,85,2,3,TRUE,"ok","result/eacdm/dataset_085_K1_2_K2_3.rds"
386,86,2,3,TRUE,"ok","result/eacdm/dataset_086_K1_2_K2_3.rds"
387,87,2,3,TRUE,"ok","result/eacdm/dataset_087_K1_2_K2_3.rds"
388,88,2,3,TRUE,"ok","result/eacdm/dataset_088_K1_2_K2_3.rds"
389,89,2,3,TRUE,"ok","result/eacdm/dataset_089_K1_2_K2_3.rds"
390,90,2,3,TRUE,"ok","result/eacdm/dataset_090_K1_2_K2_3.rds"
391,91,2,3,TRUE,"ok","result/eacdm/dataset_091_K1_2_K2_3.rds"
392,92,2,3,TRUE,"ok","result/eacdm/dataset_092_K1_2_K2_3.rds"
393,93,2,3,TRUE,"ok","result/eacdm/dataset_093_K1_2_K2_3.rds"
394,94,2,3,TRUE,"ok","result/eacdm/dataset_094_K1_2_K2_3.rds"
395,95,2,3,TRUE,"ok","result/eacdm/dataset_095_K1_2_K2_3.rds"
396,96,2,3,TRUE,"ok","result/eacdm/dataset_096_K1_2_K2_3.rds"
397,97,2,3,TRUE,"ok","result/eacdm/dataset_097_K1_2_K2_3.rds"
398,98,2,3,TRUE,"ok","result/eacdm/dataset_098_K1_2_K2_3.rds"
399,99,2,3,TRUE,"ok","result/eacdm/dataset_099_K1_2_K2_3.rds"
400,100,2,3,TRUE,"ok","result/eacdm/dataset_100_K1_2_K2_3.rds"
401,1,3,3,TRUE,"ok","result/eacdm/dataset_001_K1_3_K2_3.rds"
402,2,3,3,TRUE,"ok","result/eacdm/dataset_002_K1_3_K2_3.rds"
403,3,3,3,TRUE,"ok","result/eacdm/dataset_003_K1_3_K2_3.rds"
404,4,3,3,TRUE,"ok","result/eacdm/dataset_004_K1_3_K2_3.rds"
405,5,3,3,TRUE,"ok","result/eacdm/dataset_005_K1_3_K2_3.rds"
406,6,3,3,TRUE,"ok","result/eacdm/dataset_006_K1_3_K2_3.rds"
407,7,3,3,TRUE,"ok","result/eacdm/dataset_007_K1_3_K2_3.rds"
408,8,3,3,TRUE,"ok","result/eacdm/dataset_008_K1_3_K2_3.rds"
409,9,3,3,TRUE,"ok","result/eacdm/dataset_009_K1_3_K2_3.rds"
410,10,3,3,TRUE,"ok","result/eacdm/dataset_010_K1_3_K2_3.rds"
411,11,3,3,TRUE,"ok","result/eacdm/dataset_011_K1_3_K2_3.rds"
412,12,3,3,TRUE,"ok","result/eacdm/dataset_012_K1_3_K2_3.rds"
413,13,3,3,TRUE,"ok","result/eacdm/dataset_013_K1_3_K2_3.rds"
414,14,3,3,TRUE,"ok","result/eacdm/dataset_014_K1_3_K2_3.rds"
415,15,3,3,TRUE,"ok","result/eacdm/dataset_015_K1_3_K2_3.rds"
416,16,3,3,TRUE,"ok","result/eacdm/dataset_016_K1_3_K2_3.rds"
417,17,3,3,TRUE,"ok","result/eacdm/dataset_017_K1_3_K2_3.rds"
418,18,3,3,TRUE,"ok","result/eacdm/dataset_018_K1_3_K2_3.rds"
419,19,3,3,TRUE,"ok","result/eacdm/dataset_019_K1_3_K2_3.rds"
420,20,3,3,TRUE,"ok","result/eacdm/dataset_020_K1_3_K2_3.rds"
421,21,3,3,TRUE,"ok","result/eacdm/dataset_021_K1_3_K2_3.rds"
422,22,3,3,TRUE,"ok","result/eacdm/dataset_022_K1_3_K2_3.rds"
423,23,3,3,TRUE,"ok","result/eacdm/dataset_023_K1_3_K2_3.rds"
424,24,3,3,TRUE,"ok","result/eacdm/dataset_024_K1_3_K2_3.rds"
425,25,3,3,TRUE,"ok","result/eacdm/dataset_025_K1_3_K2_3.rds"
426,26,3,3,TRUE,"ok","result/eacdm/dataset_026_K1_3_K2_3.rds"
427,27,3,3,TRUE,"ok","result/eacdm/dataset_027_K1_3_K2_3.rds"
428,28,3,3,TRUE,"ok","result/eacdm/dataset_028_K1_3_K2_3.rds"
429,29,3,3,TRUE,"ok","result/eacdm/dataset_029_K1_3_K2_3.rds"
430,30,3,3,TRUE,"ok","result/eacdm/dataset_030_K1_3_K2_3.rds"
431,31,3,3,TRUE,"ok","result/eacdm/dataset_031_K1_3_K2_3.rds"
432,32,3,3,TRUE,"ok","result/eacdm/dataset_032_K1_3_K2_3.rds"
433,33,3,3,TRUE,"ok","result/eacdm/dataset_033_K1_3_K2_3.rds"
434,34,3,3,TRUE,"ok","result/eacdm/dataset_034_K1_3_K2_3.rds"
435,35,3,3,TRUE,"ok","result/eacdm/dataset_035_K1_3_K2_3.rds"
436,36,3,3,TRUE,"ok","result/eacdm/dataset_036_K1_3_K2_3.rds"
437,37,3,3,TRUE,"ok","result/eacdm/dataset_037_K1_3_K2_3.rds"
438,38,3,3,TRUE,"ok","result/eacdm/dataset_038_K1_3_K2_3.rds"
439,39,3,3,TRUE,"ok","result/eacdm/dataset_039_K1_3_K2_3.rds"
440,40,3,3,TRUE,"ok","result/eacdm/dataset_040_K1_3_K2_3.rds"
441,41,3,3,TRUE,"ok","result/eacdm/dataset_041_K1_3_K2_3.rds"
442,42,3,3,TRUE,"ok","result/eacdm/dataset_042_K1_3_K2_3.rds"
443,43,3,3,TRUE,"ok","result/eacdm/dataset_043_K1_3_K2_3.rds"
444,44,3,3,TRUE,"ok","result/eacdm/dataset_044_K1_3_K2_3.rds"
445,45,3,3,TRUE,"ok","result/eacdm/dataset_045_K1_3_K2_3.rds"
446,46,3,3,TRUE,"ok","result/eacdm/dataset_046_K1_3_K2_3.rds"
447,47,3,3,TRUE,"ok","result/eacdm/dataset_047_K1_3_K2_3.rds"
448,48,3,3,TRUE,"ok","result/eacdm/dataset_048_K1_3_K2_3.rds"
449,49,3,3,TRUE,"ok","result/eacdm/dataset_049_K1_3_K2_3.rds"
450,50,3,3,TRUE,"ok","result/eacdm/dataset_050_K1_3_K2_3.rds"
451,51,3,3,TRUE,"ok","result/eacdm/dataset_051_K1_3_K2_3.rds"
452,52,3,3,TRUE,"ok","result/eacdm/dataset_052_K1_3_K2_3.rds"
453,53,3,3,TRUE,"ok","result/eacdm/dataset_053_K1_3_K2_3.rds"
454,54,3,3,TRUE,"ok","result/eacdm/dataset_054_K1_3_K2_3.rds"
455,55,3,3,TRUE,"ok","result/eacdm/dataset_055_K1_3_K2_3.rds"
456,56,3,3,TRUE,"ok","result/eacdm/dataset_056_K1_3_K2_3.rds"
457,57,3,3,TRUE,"ok","result/eacdm/dataset_057_K1_3_K2_3.rds"
458,58,3,3,TRUE,"ok","result/eacdm/dataset_058_K1_3_K2_3.rds"
459,59,3,3,TRUE,"ok","result/eacdm/dataset_059_K1_3_K2_3.rds"
460,60,3,3,TRUE,"ok","result/eacdm/dataset_060_K1_3_K2_3.rds"
461,61,3,3,TRUE,"ok","result/eacdm/dataset_061_K1_3_K2_3.rds"
462,62,3,3,TRUE,"ok","result/eacdm/dataset_062_K1_3_K2_3.rds"
463,63,3,3,TRUE,"ok","result/eacdm/dataset_063_K1_3_K2_3.rds"
464,64,3,3,TRUE,"ok","result/eacdm/dataset_064_K1_3_K2_3.rds"
465,65,3,3,TRUE,"ok","result/eacdm/dataset_065_K1_3_K2_3.rds"
466,66,3,3,TRUE,"ok","result/eacdm/dataset_066_K1_3_K2_3.rds"
467,67,3,3,TRUE,"ok","result/eacdm/dataset_067_K1_3_K2_3.rds"
468,68,3,3,TRUE,"ok","result/eacdm/dataset_068_K1_3_K2_3.rds"
469,69,3,3,TRUE,"ok","result/eacdm/dataset_069_K1_3_K2_3.rds"
470,70,3,3,TRUE,"ok","result/eacdm/dataset_070_K1_3_K2_3.rds"
471,71,3,3,TRUE,"ok","result/eacdm/dataset_071_K1_3_K2_3.rds"
472,72,3,3,TRUE,"ok","result/eacdm/dataset_072_K1_3_K2_3.rds"
473,73,3,3,TRUE,"ok","result/eacdm/dataset_073_K1_3_K2_3.rds"
474,74,3,3,TRUE,"ok","result/eacdm/dataset_074_K1_3_K2_3.rds"
475,75,3,3,TRUE,"ok","result/eacdm/dataset_075_K1_3_K2_3.rds"
476,76,3,3,TRUE,"ok","result/eacdm/dataset_076_K1_3_K2_3.rds"
477,77,3,3,TRUE,"ok","result/eacdm/dataset_077_K1_3_K2_3.rds"
478,78,3,3,TRUE,"ok","result/eacdm/dataset_078_K1_3_K2_3.rds"
479,79,3,3,TRUE,"ok","result/eacdm/dataset_079_K1_3_K2_3.rds"
480,80,3,3,TRUE,"ok","result/eacdm/dataset_080_K1_3_K2_3.rds"
481,81,3,3,TRUE,"ok","result/eacdm/dataset_081_K1_3_K2_3.rds"
482,82,3,3,TRUE,"ok","result/eacdm/dataset_082_K1_3_K2_3.rds"
483,83,3,3,TRUE,"ok","result/eacdm/dataset_083_K1_3_K2_3.rds"
484,84,3,3,TRUE,"ok","result/eacdm/dataset_084_K1_3_K2_3.rds"
485,85,3,3,TRUE,"ok","result/eacdm/dataset_085_K1_3_K2_3.rds"
486,86,3,3,TRUE,"ok","result/eacdm/dataset_086_K1_3_K2_3.rds"
487,87,3,3,TRUE,"ok","result/eacdm/dataset_087_K1_3_K2_3.rds"
488,88,3,3,TRUE,"ok","result/eacdm/dataset_088_K1_3_K2_3.rds"
489,89,3,3,TRUE,"ok","result/eacdm/dataset_089_K1_3_K2_3.rds"
490,90,3,3,TRUE,"ok","result/eacdm/dataset_090_K1_3_K2_3.rds"
491,91,3,3,TRUE,"ok","result/eacdm/dataset_091_K1_3_K2_3.rds"
492,92,3,3,TRUE,"ok","result/eacdm/dataset_092_K1_3_K2_3.rds"
493,93,3,3,TRUE,"ok","result/eacdm/dataset_093_K1_3_K2_3.rds"
494,94,3,3,TRUE,"ok","result/eacdm/dataset_094_K1_3_K2_3.rds"
495,95,3,3,TRUE,"ok","result/eacdm/dataset_095_K1_3_K2_3.rds"
496,96,3,3,TRUE,"ok","result/eacdm/dataset_096_K1_3_K2_3.rds"
497,97,3,3,TRUE,"ok","result/eacdm/dataset_097_K1_3_K2_3.rds"
498,98,3,3,TRUE,"ok","result/eacdm/dataset_098_K1_3_K2_3.rds"
499,99,3,3,TRUE,"ok","result/eacdm/dataset_099_K1_3_K2_3.rds"
500,100,3,3,TRUE,"ok","result/eacdm/dataset_100_K1_3_K2_3.rds"
501,1,4,3,TRUE,"ok","result/eacdm/dataset_001_K1_4_K2_3.rds"
502,2,4,3,TRUE,"ok","result/eacdm/dataset_002_K1_4_K2_3.rds"
503,3,4,3,TRUE,"ok","result/eacdm/dataset_003_K1_4_K2_3.rds"
504,4,4,3,TRUE,"ok","result/eacdm/dataset_004_K1_4_K2_3.rds"
505,5,4,3,TRUE,"ok","result/eacdm/dataset_005_K1_4_K2_3.rds"
506,6,4,3,TRUE,"ok","result/eacdm/dataset_006_K1_4_K2_3.rds"
507,7,4,3,TRUE,"ok","result/eacdm/dataset_007_K1_4_K2_3.rds"
508,8,4,3,TRUE,"ok","result/eacdm/dataset_008_K1_4_K2_3.rds"
509,9,4,3,TRUE,"ok","result/eacdm/dataset_009_K1_4_K2_3.rds"
510,10,4,3,TRUE,"ok","result/eacdm/dataset_010_K1_4_K2_3.rds"
511,11,4,3,TRUE,"ok","result/eacdm/dataset_011_K1_4_K2_3.rds"
512,12,4,3,TRUE,"ok","result/eacdm/dataset_012_K1_4_K2_3.rds"
513,13,4,3,TRUE,"ok","result/eacdm/dataset_013_K1_4_K2_3.rds"
514,14,4,3,TRUE,"ok","result/eacdm/dataset_014_K1_4_K2_3.rds"
515,15,4,3,TRUE,"ok","result/eacdm/dataset_015_K1_4_K2_3.rds"
516,16,4,3,TRUE,"ok","result/eacdm/dataset_016_K1_4_K2_3.rds"
517,17,4,3,TRUE,"ok","result/eacdm/dataset_017_K1_4_K2_3.rds"
518,18,4,3,TRUE,"ok","result/eacdm/dataset_018_K1_4_K2_3.rds"
519,19,4,3,TRUE,"ok","result/eacdm/dataset_019_K1_4_K2_3.rds"
520,20,4,3,TRUE,"ok","result/eacdm/dataset_020_K1_4_K2_3.rds"
521,21,4,3,TRUE,"ok","result/eacdm/dataset_021_K1_4_K2_3.rds"
522,22,4,3,TRUE,"ok","result/eacdm/dataset_022_K1_4_K2_3.rds"
523,23,4,3,TRUE,"ok","result/eacdm/dataset_023_K1_4_K2_3.rds"
524,24,4,3,TRUE,"ok","result/eacdm/dataset_024_K1_4_K2_3.rds"
525,25,4,3,TRUE,"ok","result/eacdm/dataset_025_K1_4_K2_3.rds"
526,26,4,3,TRUE,"ok","result/eacdm/dataset_026_K1_4_K2_3.rds"
527,27,4,3,TRUE,"ok","result/eacdm/dataset_027_K1_4_K2_3.rds"
528,28,4,3,TRUE,"ok","result/eacdm/dataset_028_K1_4_K2_3.rds"
529,29,4,3,TRUE,"ok","result/eacdm/dataset_029_K1_4_K2_3.rds"
530,30,4,3,TRUE,"ok","result/eacdm/dataset_030_K1_4_K2_3.rds"
531,31,4,3,TRUE,"ok","result/eacdm/dataset_031_K1_4_K2_3.rds"
532,32,4,3,TRUE,"ok","result/eacdm/dataset_032_K1_4_K2_3.rds"
533,33,4,3,TRUE,"ok","result/eacdm/dataset_033_K1_4_K2_3.rds"
534,34,4,3,TRUE,"ok","result/eacdm/dataset_034_K1_4_K2_3.rds"
535,35,4,3,TRUE,"ok","result/eacdm/dataset_035_K1_4_K2_3.rds"
536,36,4,3,TRUE,"ok","result/eacdm/dataset_036_K1_4_K2_3.rds"
537,37,4,3,TRUE,"ok","result/eacdm/dataset_037_K1_4_K2_3.rds"
538,38,4,3,TRUE,"ok","result/eacdm/dataset_038_K1_4_K2_3.rds"
539,39,4,3,TRUE,"ok","result/eacdm/dataset_039_K1_4_K2_3.rds"
540,40,4,3,TRUE,"ok","result/eacdm/dataset_040_K1_4_K2_3.rds"
541,41,4,3,TRUE,"ok","result/eacdm/dataset_041_K1_4_K2_3.rds"
542,42,4,3,TRUE,"ok","result/eacdm/dataset_042_K1_4_K2_3.rds"
543,43,4,3,TRUE,"ok","result/eacdm/dataset_043_K1_4_K2_3.rds"
544,44,4,3,TRUE,"ok","result/eacdm/dataset_044_K1_4_K2_3.rds"
545,45,4,3,TRUE,"ok","result/eacdm/dataset_045_K1_4_K2_3.rds"
546,46,4,3,TRUE,"ok","result/eacdm/dataset_046_K1_4_K2_3.rds"
547,47,4,3,TRUE,"ok","result/eacdm/dataset_047_K1_4_K2_3.rds"
548,48,4,3,TRUE,"ok","result/eacdm/dataset_048_K1_4_K2_3.rds"
549,49,4,3,TRUE,"ok","result/eacdm/dataset_049_K1_4_K2_3.rds"
550,50,4,3,TRUE,"ok","result/eacdm/dataset_050_K1_4_K2_3.rds"
551,51,4,3,TRUE,"ok","result/eacdm/dataset_051_K1_4_K2_3.rds"
552,52,4,3,TRUE,"ok","result/eacdm/dataset_052_K1_4_K2_3.rds"
553,53,4,3,TRUE,"ok","result/eacdm/dataset_053_K1_4_K2_3.rds"
554,54,4,3,TRUE,"ok","result/eacdm/dataset_054_K1_4_K2_3.rds"
555,55,4,3,TRUE,"ok","result/eacdm/dataset_055_K1_4_K2_3.rds"
556,56,4,3,TRUE,"ok","result/eacdm/dataset_056_K1_4_K2_3.rds"
557,57,4,3,TRUE,"ok","result/eacdm/dataset_057_K1_4_K2_3.rds"
558,58,4,3,TRUE,"ok","result/eacdm/dataset_058_K1_4_K2_3.rds"
559,59,4,3,TRUE,"ok","result/eacdm/dataset_059_K1_4_K2_3.rds"
560,60,4,3,TRUE,"ok","result/eacdm/dataset_060_K1_4_K2_3.rds"
561,61,4,3,TRUE,"ok","result/eacdm/dataset_061_K1_4_K2_3.rds"
562,62,4,3,TRUE,"ok","result/eacdm/dataset_062_K1_4_K2_3.rds"
563,63,4,3,TRUE,"ok","result/eacdm/dataset_063_K1_4_K2_3.rds"
564,64,4,3,TRUE,"ok","result/eacdm/dataset_064_K1_4_K2_3.rds"
565,65,4,3,TRUE,"ok","result/eacdm/dataset_065_K1_4_K2_3.rds"
566,66,4,3,TRUE,"ok","result/eacdm/dataset_066_K1_4_K2_3.rds"
567,67,4,3,TRUE,"ok","result/eacdm/dataset_067_K1_4_K2_3.rds"
568,68,4,3,TRUE,"ok","result/eacdm/dataset_068_K1_4_K2_3.rds"
569,69,4,3,TRUE,"ok","result/eacdm/dataset_069_K1_4_K2_3.rds"
570,70,4,3,TRUE,"ok","result/eacdm/dataset_070_K1_4_K2_3.rds"
571,71,4,3,TRUE,"ok","result/eacdm/dataset_071_K1_4_K2_3.rds"
572,72,4,3,TRUE,"ok","result/eacdm/dataset_072_K1_4_K2_3.rds"
573,73,4,3,TRUE,"ok","result/eacdm/dataset_073_K1_4_K2_3.rds"
574,74,4,3,TRUE,"ok","result/eacdm/dataset_074_K1_4_K2_3.rds"
575,75,4,3,TRUE,"ok","result/eacdm/dataset_075_K1_4_K2_3.rds"
576,76,4,3,TRUE,"ok","result/eacdm/dataset_076_K1_4_K2_3.rds"
577,77,4,3,TRUE,"ok","result/eacdm/dataset_077_K1_4_K2_3.rds"
578,78,4,3,TRUE,"ok","result/eacdm/dataset_078_K1_4_K2_3.rds"
579,79,4,3,TRUE,"ok","result/eacdm/dataset_079_K1_4_K2_3.rds"
580,80,4,3,TRUE,"ok","result/eacdm/dataset_080_K1_4_K2_3.rds"
581,81,4,3,TRUE,"ok","result/eacdm/dataset_081_K1_4_K2_3.rds"
582,82,4,3,TRUE,"ok","result/eacdm/dataset_082_K1_4_K2_3.rds"
583,83,4,3,TRUE,"ok","result/eacdm/dataset_083_K1_4_K2_3.rds"
584,84,4,3,TRUE,"ok","result/eacdm/dataset_084_K1_4_K2_3.rds"
585,85,4,3,TRUE,"ok","result/eacdm/dataset_085_K1_4_K2_3.rds"
586,86,4,3,TRUE,"ok","result/eacdm/dataset_086_K1_4_K2_3.rds"
587,87,4,3,TRUE,"ok","result/eacdm/dataset_087_K1_4_K2_3.rds"
588,88,4,3,TRUE,"ok","result/eacdm/dataset_088_K1_4_K2_3.rds"
589,89,4,3,TRUE,"ok","result/eacdm/dataset_089_K1_4_K2_3.rds"
590,90,4,3,TRUE,"ok","result/eacdm/dataset_090_K1_4_K2_3.rds"
591,91,4,3,TRUE,"ok","result/eacdm/dataset_091_K1_4_K2_3.rds"
592,92,4,3,TRUE,"ok","result/eacdm/dataset_092_K1_4_K2_3.rds"
593,93,4,3,TRUE,"ok","result/eacdm/dataset_093_K1_4_K2_3.rds"
594,94,4,3,TRUE,"ok","result/eacdm/dataset_094_K1_4_K2_3.rds"
595,95,4,3,TRUE,"ok","result/eacdm/dataset_095_K1_4_K2_3.rds"
596,96,4,3,TRUE,"ok","result/eacdm/dataset_096_K1_4_K2_3.rds"
597,97,4,3,TRUE,"ok","result/eacdm/dataset_097_K1_4_K2_3.rds"
598,98,4,3,TRUE,"ok","result/eacdm/dataset_098_K1_4_K2_3.rds"
599,99,4,3,TRUE,"ok","result/eacdm/dataset_099_K1_4_K2_3.rds"
600,100,4,3,TRUE,"ok","result/eacdm/dataset_100_K1_4_K2_3.rds"
601,1,2,4,TRUE,"ok","result/eacdm/dataset_001_K1_2_K2_4.rds"
602,2,2,4,TRUE,"ok","result/eacdm/dataset_002_K1_2_K2_4.rds"
603,3,2,4,TRUE,"ok","result/eacdm/dataset_003_K1_2_K2_4.rds"
604,4,2,4,TRUE,"ok","result/eacdm/dataset_004_K1_2_K2_4.rds"
605,5,2,4,TRUE,"ok","result/eacdm/dataset_005_K1_2_K2_4.rds"
606,6,2,4,TRUE,"ok","result/eacdm/dataset_006_K1_2_K2_4.rds"
607,7,2,4,TRUE,"ok","result/eacdm/dataset_007_K1_2_K2_4.rds"
608,8,2,4,TRUE,"ok","result/eacdm/dataset_008_K1_2_K2_4.rds"
609,9,2,4,TRUE,"ok","result/eacdm/dataset_009_K1_2_K2_4.rds"
610,10,2,4,TRUE,"ok","result/eacdm/dataset_010_K1_2_K2_4.rds"
611,11,2,4,TRUE,"ok","result/eacdm/dataset_011_K1_2_K2_4.rds"
612,12,2,4,TRUE,"ok","result/eacdm/dataset_012_K1_2_K2_4.rds"
613,13,2,4,TRUE,"ok","result/eacdm/dataset_013_K1_2_K2_4.rds"
614,14,2,4,TRUE,"ok","result/eacdm/dataset_014_K1_2_K2_4.rds"
615,15,2,4,TRUE,"ok","result/eacdm/dataset_015_K1_2_K2_4.rds"
616,16,2,4,TRUE,"ok","result/eacdm/dataset_016_K1_2_K2_4.rds"
617,17,2,4,TRUE,"ok","result/eacdm/dataset_017_K1_2_K2_4.rds"
618,18,2,4,TRUE,"ok","result/eacdm/dataset_018_K1_2_K2_4.rds"
619,19,2,4,TRUE,"ok","result/eacdm/dataset_019_K1_2_K2_4.rds"
620,20,2,4,TRUE,"ok","result/eacdm/dataset_020_K1_2_K2_4.rds"
621,21,2,4,TRUE,"ok","result/eacdm/dataset_021_K1_2_K2_4.rds"
622,22,2,4,TRUE,"ok","result/eacdm/dataset_022_K1_2_K2_4.rds"
623,23,2,4,TRUE,"ok","result/eacdm/dataset_023_K1_2_K2_4.rds"
624,24,2,4,TRUE,"ok","result/eacdm/dataset_024_K1_2_K2_4.rds"
625,25,2,4,TRUE,"ok","result/eacdm/dataset_025_K1_2_K2_4.rds"
626,26,2,4,TRUE,"ok","result/eacdm/dataset_026_K1_2_K2_4.rds"
627,27,2,4,TRUE,"ok","result/eacdm/dataset_027_K1_2_K2_4.rds"
628,28,2,4,TRUE,"ok","result/eacdm/dataset_028_K1_2_K2_4.rds"
629,29,2,4,TRUE,"ok","result/eacdm/dataset_029_K1_2_K2_4.rds"
630,30,2,4,TRUE,"ok","result/eacdm/dataset_030_K1_2_K2_4.rds"
631,31,2,4,TRUE,"ok","result/eacdm/dataset_031_K1_2_K2_4.rds"
632,32,2,4,TRUE,"ok","result/eacdm/dataset_032_K1_2_K2_4.rds"
633,33,2,4,TRUE,"ok","result/eacdm/dataset_033_K1_2_K2_4.rds"
634,34,2,4,TRUE,"ok","result/eacdm/dataset_034_K1_2_K2_4.rds"
635,35,2,4,TRUE,"ok","result/eacdm/dataset_035_K1_2_K2_4.rds"
636,36,2,4,TRUE,"ok","result/eacdm/dataset_036_K1_2_K2_4.rds"
637,37,2,4,TRUE,"ok","result/eacdm/dataset_037_K1_2_K2_4.rds"
638,38,2,4,TRUE,"ok","result/eacdm/dataset_038_K1_2_K2_4.rds"
639,39,2,4,TRUE,"ok","result/eacdm/dataset_039_K1_2_K2_4.rds"
640,40,2,4,TRUE,"ok","result/eacdm/dataset_040_K1_2_K2_4.rds"
641,41,2,4,TRUE,"ok","result/eacdm/dataset_041_K1_2_K2_4.rds"
642,42,2,4,TRUE,"ok","result/eacdm/dataset_042_K1_2_K2_4.rds"
643,43,2,4,TRUE,"ok","result/eacdm/dataset_043_K1_2_K2_4.rds"
644,44,2,4,TRUE,"ok","result/eacdm/dataset_044_K1_2_K2_4.rds"
645,45,2,4,TRUE,"ok","result/eacdm/dataset_045_K1_2_K2_4.rds"
646,46,2,4,TRUE,"ok","result/eacdm/dataset_046_K1_2_K2_4.rds"
647,47,2,4,TRUE,"ok","result/eacdm/dataset_047_K1_2_K2_4.rds"
648,48,2,4,TRUE,"ok","result/eacdm/dataset_048_K1_2_K2_4.rds"
649,49,2,4,TRUE,"ok","result/eacdm/dataset_049_K1_2_K2_4.rds"
650,50,2,4,TRUE,"ok","result/eacdm/dataset_050_K1_2_K2_4.rds"
651,51,2,4,TRUE,"ok","result/eacdm/dataset_051_K1_2_K2_4.rds"
652,52,2,4,TRUE,"ok","result/eacdm/dataset_052_K1_2_K2_4.rds"
653,53,2,4,TRUE,"ok","result/eacdm/dataset_053_K1_2_K2_4.rds"
654,54,2,4,TRUE,"ok","result/eacdm/dataset_054_K1_2_K2_4.rds"
655,55,2,4,TRUE,"ok","result/eacdm/dataset_055_K1_2_K2_4.rds"
656,56,2,4,TRUE,"ok","result/eacdm/dataset_056_K1_2_K2_4.rds"
657,57,2,4,TRUE,"ok","result/eacdm/dataset_057_K1_2_K2_4.rds"
658,58,2,4,TRUE,"ok","result/eacdm/dataset_058_K1_2_K2_4.rds"
659,59,2,4,TRUE,"ok","result/eacdm/dataset_059_K1_2_K2_4.rds"
660,60,2,4,TRUE,"ok","result/eacdm/dataset_060_K1_2_K2_4.rds"
661,61,2,4,TRUE,"ok","result/eacdm/dataset_061_K1_2_K2_4.rds"
662,62,2,4,TRUE,"ok","result/eacdm/dataset_062_K1_2_K2_4.rds"
663,63,2,4,TRUE,"ok","result/eacdm/dataset_063_K1_2_K2_4.rds"
664,64,2,4,TRUE,"ok","result/eacdm/dataset_064_K1_2_K2_4.rds"
665,65,2,4,TRUE,"ok","result/eacdm/dataset_065_K1_2_K2_4.rds"
666,66,2,4,TRUE,"ok","result/eacdm/dataset_066_K1_2_K2_4.rds"
667,67,2,4,TRUE,"ok","result/eacdm/dataset_067_K1_2_K2_4.rds"
668,68,2,4,TRUE,"ok","result/eacdm/dataset_068_K1_2_K2_4.rds"
669,69,2,4,TRUE,"ok","result/eacdm/dataset_069_K1_2_K2_4.rds"
670,70,2,4,TRUE,"ok","result/eacdm/dataset_070_K1_2_K2_4.rds"
671,71,2,4,TRUE,"ok","result/eacdm/dataset_071_K1_2_K2_4.rds"
672,72,2,4,TRUE,"ok","result/eacdm/dataset_072_K1_2_K2_4.rds"
673,73,2,4,TRUE,"ok","result/eacdm/dataset_073_K1_2_K2_4.rds"
674,74,2,4,TRUE,"ok","result/eacdm/dataset_074_K1_2_K2_4.rds"
675,75,2,4,TRUE,"ok","result/eacdm/dataset_075_K1_2_K2_4.rds"
676,76,2,4,TRUE,"ok","result/eacdm/dataset_076_K1_2_K2_4.rds"
677,77,2,4,TRUE,"ok","result/eacdm/dataset_077_K1_2_K2_4.rds"
678,78,2,4,TRUE,"ok","result/eacdm/dataset_078_K1_2_K2_4.rds"
679,79,2,4,TRUE,"ok","result/eacdm/dataset_079_K1_2_K2_4.rds"
680,80,2,4,TRUE,"ok","result/eacdm/dataset_080_K1_2_K2_4.rds"
681,81,2,4,TRUE,"ok","result/eacdm/dataset_081_K1_2_K2_4.rds"
682,82,2,4,TRUE,"ok","result/eacdm/dataset_082_K1_2_K2_4.rds"
683,83,2,4,TRUE,"ok","result/eacdm/dataset_083_K1_2_K2_4.rds"
684,84,2,4,TRUE,"ok","result/eacdm/dataset_084_K1_2_K2_4.rds"
685,85,2,4,TRUE,"ok","result/eacdm/dataset_085_K1_2_K2_4.rds"
686,86,2,4,TRUE,"ok","result/eacdm/dataset_086_K1_2_K2_4.rds"
687,87,2,4,TRUE,"ok","result/eacdm/dataset_087_K1_2_K2_4.rds"
688,88,2,4,TRUE,"ok","result/eacdm/dataset_088_K1_2_K2_4.rds"
689,89,2,4,TRUE,"ok","result/eacdm/dataset_089_K1_2_K2_4.rds"
690,90,2,4,TRUE,"ok","result/eacdm/dataset_090_K1_2_K2_4.rds"
691,91,2,4,TRUE,"ok","result/eacdm/dataset_091_K1_2_K2_4.rds"
692,92,2,4,TRUE,"ok","result/eacdm/dataset_092_K1_2_K2_4.rds"
693,93,2,4,TRUE,"ok","result/eacdm/dataset_093_K1_2_K2_4.rds"
694,94,2,4,TRUE,"ok","result/eacdm/dataset_094_K1_2_K2_4.rds"
695,95,2,4,TRUE,"ok","result/eacdm/dataset_095_K1_2_K2_4.rds"
696,96,2,4,TRUE,"ok","result/eacdm/dataset_096_K1_2_K2_4.rds"
697,97,2,4,TRUE,"ok","result/eacdm/dataset_097_K1_2_K2_4.rds"
698,98,2,4,TRUE,"ok","result/eacdm/dataset_098_K1_2_K2_4.rds"
699,99,2,4,TRUE,"ok","result/eacdm/dataset_099_K1_2_K2_4.rds"
700,100,2,4,TRUE,"ok","result/eacdm/dataset_100_K1_2_K2_4.rds"
701,1,3,4,TRUE,"ok","result/eacdm/dataset_001_K1_3_K2_4.rds"
702,2,3,4,TRUE,"ok","result/eacdm/dataset_002_K1_3_K2_4.rds"
703,3,3,4,TRUE,"ok","result/eacdm/dataset_003_K1_3_K2_4.rds"
704,4,3,4,TRUE,"ok","result/eacdm/dataset_004_K1_3_K2_4.rds"
705,5,3,4,TRUE,"ok","result/eacdm/dataset_005_K1_3_K2_4.rds"
706,6,3,4,TRUE,"ok","result/eacdm/dataset_006_K1_3_K2_4.rds"
707,7,3,4,TRUE,"ok","result/eacdm/dataset_007_K1_3_K2_4.rds"
708,8,3,4,TRUE,"ok","result/eacdm/dataset_008_K1_3_K2_4.rds"
709,9,3,4,TRUE,"ok","result/eacdm/dataset_009_K1_3_K2_4.rds"
710,10,3,4,TRUE,"ok","result/eacdm/dataset_010_K1_3_K2_4.rds"
711,11,3,4,TRUE,"ok","result/eacdm/dataset_011_K1_3_K2_4.rds"
712,12,3,4,TRUE,"ok","result/eacdm/dataset_012_K1_3_K2_4.rds"
713,13,3,4,TRUE,"ok","result/eacdm/dataset_013_K1_3_K2_4.rds"
714,14,3,4,TRUE,"ok","result/eacdm/dataset_014_K1_3_K2_4.rds"
715,15,3,4,TRUE,"ok","result/eacdm/dataset_015_K1_3_K2_4.rds"
716,16,3,4,TRUE,"ok","result/eacdm/dataset_016_K1_3_K2_4.rds"
717,17,3,4,TRUE,"ok","result/eacdm/dataset_017_K1_3_K2_4.rds"
718,18,3,4,TRUE,"ok","result/eacdm/dataset_018_K1_3_K2_4.rds"
719,19,3,4,TRUE,"ok","result/eacdm/dataset_019_K1_3_K2_4.rds"
720,20,3,4,TRUE,"ok","result/eacdm/dataset_020_K1_3_K2_4.rds"
721,21,3,4,TRUE,"ok","result/eacdm/dataset_021_K1_3_K2_4.rds"
722,22,3,4,TRUE,"ok","result/eacdm/dataset_022_K1_3_K2_4.rds"
723,23,3,4,TRUE,"ok","result/eacdm/dataset_023_K1_3_K2_4.rds"
724,24,3,4,TRUE,"ok","result/eacdm/dataset_024_K1_3_K2_4.rds"
725,25,3,4,TRUE,"ok","result/eacdm/dataset_025_K1_3_K2_4.rds"
726,26,3,4,TRUE,"ok","result/eacdm/dataset_026_K1_3_K2_4.rds"
727,27,3,4,TRUE,"ok","result/eacdm/dataset_027_K1_3_K2_4.rds"
728,28,3,4,TRUE,"ok","result/eacdm/dataset_028_K1_3_K2_4.rds"
729,29,3,4,TRUE,"ok","result/eacdm/dataset_029_K1_3_K2_4.rds"
730,30,3,4,TRUE,"ok","result/eacdm/dataset_030_K1_3_K2_4.rds"
731,31,3,4,TRUE,"ok","result/eacdm/dataset_031_K1_3_K2_4.rds"
732,32,3,4,TRUE,"ok","result/eacdm/dataset_032_K1_3_K2_4.rds"
733,33,3,4,TRUE,"ok","result/eacdm/dataset_033_K1_3_K2_4.rds"
734,34,3,4,TRUE,"ok","result/eacdm/dataset_034_K1_3_K2_4.rds"
735,35,3,4,TRUE,"ok","result/eacdm/dataset_035_K1_3_K2_4.rds"
736,36,3,4,TRUE,"ok","result/eacdm/dataset_036_K1_3_K2_4.rds"
737,37,3,4,TRUE,"ok","result/eacdm/dataset_037_K1_3_K2_4.rds"
738,38,3,4,TRUE,"ok","result/eacdm/dataset_038_K1_3_K2_4.rds"
739,39,3,4,TRUE,"ok","result/eacdm/dataset_039_K1_3_K2_4.rds"
740,40,3,4,TRUE,"ok","result/eacdm/dataset_040_K1_3_K2_4.rds"
741,41,3,4,TRUE,"ok","result/eacdm/dataset_041_K1_3_K2_4.rds"
742,42,3,4,TRUE,"ok","result/eacdm/dataset_042_K1_3_K2_4.rds"
743,43,3,4,TRUE,"ok","result/eacdm/dataset_043_K1_3_K2_4.rds"
744,44,3,4,TRUE,"ok","result/eacdm/dataset_044_K1_3_K2_4.rds"
745,45,3,4,TRUE,"ok","result/eacdm/dataset_045_K1_3_K2_4.rds"
746,46,3,4,TRUE,"ok","result/eacdm/dataset_046_K1_3_K2_4.rds"
747,47,3,4,TRUE,"ok","result/eacdm/dataset_047_K1_3_K2_4.rds"
748,48,3,4,TRUE,"ok","result/eacdm/dataset_048_K1_3_K2_4.rds"
749,49,3,4,TRUE,"ok","result/eacdm/dataset_049_K1_3_K2_4.rds"
750,50,3,4,TRUE,"ok","result/eacdm/dataset_050_K1_3_K2_4.rds"
751,51,3,4,TRUE,"ok","result/eacdm/dataset_051_K1_3_K2_4.rds"
752,52,3,4,TRUE,"ok","result/eacdm/dataset_052_K1_3_K2_4.rds"
753,53,3,4,TRUE,"ok","result/eacdm/dataset_053_K1_3_K2_4.rds"
754,54,3,4,TRUE,"ok","result/eacdm/dataset_054_K1_3_K2_4.rds"
755,55,3,4,TRUE,"ok","result/eacdm/dataset_055_K1_3_K2_4.rds"
756,56,3,4,TRUE,"ok","result/eacdm/dataset_056_K1_3_K2_4.rds"
757,57,3,4,TRUE,"ok","result/eacdm/dataset_057_K1_3_K2_4.rds"
758,58,3,4,TRUE,"ok","result/eacdm/dataset_058_K1_3_K2_4.rds"
759,59,3,4,TRUE,"ok","result/eacdm/dataset_059_K1_3_K2_4.rds"
760,60,3,4,TRUE,"ok","result/eacdm/dataset_060_K1_3_K2_4.rds"
761,61,3,4,TRUE,"ok","result/eacdm/dataset_061_K1_3_K2_4.rds"
762,62,3,4,TRUE,"ok","result/eacdm/dataset_062_K1_3_K2_4.rds"
763,63,3,4,TRUE,"ok","result/eacdm/dataset_063_K1_3_K2_4.rds"
764,64,3,4,TRUE,"ok","result/eacdm/dataset_064_K1_3_K2_4.rds"
765,65,3,4,TRUE,"ok","result/eacdm/dataset_065_K1_3_K2_4.rds"
766,66,3,4,TRUE,"ok","result/eacdm/dataset_066_K1_3_K2_4.rds"
767,67,3,4,TRUE,"ok","result/eacdm/dataset_067_K1_3_K2_4.rds"
768,68,3,4,TRUE,"ok","result/eacdm/dataset_068_K1_3_K2_4.rds"
769,69,3,4,TRUE,"ok","result/eacdm/dataset_069_K1_3_K2_4.rds"
770,70,3,4,TRUE,"ok","result/eacdm/dataset_070_K1_3_K2_4.rds"
771,71,3,4,TRUE,"ok","result/eacdm/dataset_071_K1_3_K2_4.rds"
772,72,3,4,TRUE,"ok","result/eacdm/dataset_072_K1_3_K2_4.rds"
773,73,3,4,TRUE,"ok","result/eacdm/dataset_073_K1_3_K2_4.rds"
774,74,3,4,TRUE,"ok","result/eacdm/dataset_074_K1_3_K2_4.rds"
775,75,3,4,TRUE,"ok","result/eacdm/dataset_075_K1_3_K2_4.rds"
776,76,3,4,TRUE,"ok","result/eacdm/dataset_076_K1_3_K2_4.rds"
777,77,3,4,TRUE,"ok","result/eacdm/dataset_077_K1_3_K2_4.rds"
778,78,3,4,TRUE,"ok","result/eacdm/dataset_078_K1_3_K2_4.rds"
779,79,3,4,TRUE,"ok","result/eacdm/dataset_079_K1_3_K2_4.rds"
780,80,3,4,TRUE,"ok","result/eacdm/dataset_080_K1_3_K2_4.rds"
781,81,3,4,TRUE,"ok","result/eacdm/dataset_081_K1_3_K2_4.rds"
782,82,3,4,TRUE,"ok","result/eacdm/dataset_082_K1_3_K2_4.rds"
783,83,3,4,TRUE,"ok","result/eacdm/dataset_083_K1_3_K2_4.rds"
784,84,3,4,TRUE,"ok","result/eacdm/dataset_084_K1_3_K2_4.rds"
785,85,3,4,TRUE,"ok","result/eacdm/dataset_085_K1_3_K2_4.rds"
786,86,3,4,TRUE,"ok","result/eacdm/dataset_086_K1_3_K2_4.rds"
787,87,3,4,TRUE,"ok","result/eacdm/dataset_087_K1_3_K2_4.rds"
788,88,3,4,TRUE,"ok","result/eacdm/dataset_088_K1_3_K2_4.rds"
789,89,3,4,TRUE,"ok","result/eacdm/dataset_089_K1_3_K2_4.rds"
790,90,3,4,TRUE,"ok","result/eacdm/dataset_090_K1_3_K2_4.rds"
791,91,3,4,TRUE,"ok","result/eacdm/dataset_091_K1_3_K2_4.rds"
792,92,3,4,TRUE,"ok","result/eacdm/dataset_092_K1_3_K2_4.rds"
793,93,3,4,TRUE,"ok","result/eacdm/dataset_093_K1_3_K2_4.rds"
794,94,3,4,TRUE,"ok","result/eacdm/dataset_094_K1_3_K2_4.rds"
795,95,3,4,TRUE,"ok","result/eacdm/dataset_095_K1_3_K2_4.rds"
796,96,3,4,TRUE,"ok","result/eacdm/dataset_096_K1_3_K2_4.rds"
797,97,3,4,TRUE,"ok","result/eacdm/dataset_097_K1_3_K2_4.rds"
798,98,3,4,TRUE,"ok","result/eacdm/dataset_098_K1_3_K2_4.rds"
799,99,3,4,TRUE,"ok","result/eacdm/dataset_099_K1_3_K2_4.rds"
800,100,3,4,TRUE,"ok","result/eacdm/dataset_100_K1_3_K2_4.rds"
801,1,4,4,TRUE,"ok","result/eacdm/dataset_001_K1_4_K2_4.rds"
802,2,4,4,TRUE,"ok","result/eacdm/dataset_002_K1_4_K2_4.rds"
803,3,4,4,TRUE,"ok","result/eacdm/dataset_003_K1_4_K2_4.rds"
804,4,4,4,TRUE,"ok","result/eacdm/dataset_004_K1_4_K2_4.rds"
805,5,4,4,TRUE,"ok","result/eacdm/dataset_005_K1_4_K2_4.rds"
806,6,4,4,TRUE,"ok","result/eacdm/dataset_006_K1_4_K2_4.rds"
807,7,4,4,TRUE,"ok","result/eacdm/dataset_007_K1_4_K2_4.rds"
808,8,4,4,TRUE,"ok","result/eacdm/dataset_008_K1_4_K2_4.rds"
809,9,4,4,TRUE,"ok","result/eacdm/dataset_009_K1_4_K2_4.rds"
810,10,4,4,TRUE,"ok","result/eacdm/dataset_010_K1_4_K2_4.rds"
811,11,4,4,TRUE,"ok","result/eacdm/dataset_011_K1_4_K2_4.rds"
812,12,4,4,TRUE,"ok","result/eacdm/dataset_012_K1_4_K2_4.rds"
813,13,4,4,TRUE,"ok","result/eacdm/dataset_013_K1_4_K2_4.rds"
814,14,4,4,TRUE,"ok","result/eacdm/dataset_014_K1_4_K2_4.rds"
815,15,4,4,TRUE,"ok","result/eacdm/dataset_015_K1_4_K2_4.rds"
816,16,4,4,TRUE,"ok","result/eacdm/dataset_016_K1_4_K2_4.rds"
817,17,4,4,TRUE,"ok","result/eacdm/dataset_017_K1_4_K2_4.rds"
818,18,4,4,TRUE,"ok","result/eacdm/dataset_018_K1_4_K2_4.rds"
819,19,4,4,TRUE,"ok","result/eacdm/dataset_019_K1_4_K2_4.rds"
820,20,4,4,TRUE,"ok","result/eacdm/dataset_020_K1_4_K2_4.rds"
821,21,4,4,TRUE,"ok","result/eacdm/dataset_021_K1_4_K2_4.rds"
822,22,4,4,TRUE,"ok","result/eacdm/dataset_022_K1_4_K2_4.rds"
823,23,4,4,TRUE,"ok","result/eacdm/dataset_023_K1_4_K2_4.rds"
824,24,4,4,TRUE,"ok","result/eacdm/dataset_024_K1_4_K2_4.rds"
825,25,4,4,TRUE,"ok","result/eacdm/dataset_025_K1_4_K2_4.rds"
826,26,4,4,TRUE,"ok","result/eacdm/dataset_026_K1_4_K2_4.rds"
827,27,4,4,TRUE,"ok","result/eacdm/dataset_027_K1_4_K2_4.rds"
828,28,4,4,TRUE,"ok","result/eacdm/dataset_028_K1_4_K2_4.rds"
829,29,4,4,TRUE,"ok","result/eacdm/dataset_029_K1_4_K2_4.rds"
830,30,4,4,TRUE,"ok","result/eacdm/dataset_030_K1_4_K2_4.rds"
831,31,4,4,TRUE,"ok","result/eacdm/dataset_031_K1_4_K2_4.rds"
832,32,4,4,TRUE,"ok","result/eacdm/dataset_032_K1_4_K2_4.rds"
833,33,4,4,TRUE,"ok","result/eacdm/dataset_033_K1_4_K2_4.rds"
834,34,4,4,TRUE,"ok","result/eacdm/dataset_034_K1_4_K2_4.rds"
835,35,4,4,TRUE,"ok","result/eacdm/dataset_035_K1_4_K2_4.rds"
836,36,4,4,TRUE,"ok","result/eacdm/dataset_036_K1_4_K2_4.rds"
837,37,4,4,TRUE,"ok","result/eacdm/dataset_037_K1_4_K2_4.rds"
838,38,4,4,TRUE,"ok","result/eacdm/dataset_038_K1_4_K2_4.rds"
839,39,4,4,TRUE,"ok","result/eacdm/dataset_039_K1_4_K2_4.rds"
840,40,4,4,TRUE,"ok","result/eacdm/dataset_040_K1_4_K2_4.rds"
841,41,4,4,TRUE,"ok","result/eacdm/dataset_041_K1_4_K2_4.rds"
842,42,4,4,TRUE,"ok","result/eacdm/dataset_042_K1_4_K2_4.rds"
843,43,4,4,TRUE,"ok","result/eacdm/dataset_043_K1_4_K2_4.rds"
844,44,4,4,TRUE,"ok","result/eacdm/dataset_044_K1_4_K2_4.rds"
845,45,4,4,TRUE,"ok","result/eacdm/dataset_045_K1_4_K2_4.rds"
846,46,4,4,TRUE,"ok","result/eacdm/dataset_046_K1_4_K2_4.rds"
847,47,4,4,TRUE,"ok","result/eacdm/dataset_047_K1_4_K2_4.rds"
848,48,4,4,TRUE,"ok","result/eacdm/dataset_048_K1_4_K2_4.rds"
849,49,4,4,TRUE,"ok","result/eacdm/dataset_049_K1_4_K2_4.rds"
850,50,4,4,TRUE,"ok","result/eacdm/dataset_050_K1_4_K2_4.rds"
851,51,4,4,TRUE,"ok","result/eacdm/dataset_051_K1_4_K2_4.rds"
852,52,4,4,TRUE,"ok","result/eacdm/dataset_052_K1_4_K2_4.rds"
853,53,4,4,TRUE,"ok","result/eacdm/dataset_053_K1_4_K2_4.rds"
854,54,4,4,TRUE,"ok","result/eacdm/dataset_054_K1_4_K2_4.rds"
855,55,4,4,TRUE,"ok","result/eacdm/dataset_055_K1_4_K2_4.rds"
856,56,4,4,TRUE,"ok","result/eacdm/dataset_056_K1_4_K2_4.rds"
857,57,4,4,TRUE,"ok","result/eacdm/dataset_057_K1_4_K2_4.rds"
858,58,4,4,TRUE,"ok","result/eacdm/dataset_058_K1_4_K2_4.rds"
859,59,4,4,TRUE,"ok","result/eacdm/dataset_059_K1_4_K2_4.rds"
860,60,4,4,TRUE,"ok","result/eacdm/dataset_060_K1_4_K2_4.rds"
861,61,4,4,TRUE,"ok","result/eacdm/dataset_061_K1_4_K2_4.rds"
862,62,4,4,TRUE,"ok","result/eacdm/dataset_062_K1_4_K2_4.rds"
863,63,4,4,TRUE,"ok","result/eacdm/dataset_063_K1_4_K2_4.rds"
864,64,4,4,TRUE,"ok","result/eacdm/dataset_064_K1_4_K2_4.rds"
865,65,4,4,TRUE,"ok","result/eacdm/dataset_065_K1_4_K2_4.rds"
866,66,4,4,TRUE,"ok","result/eacdm/dataset_066_K1_4_K2_4.rds"
867,67,4,4,TRUE,"ok","result/eacdm/dataset_067_K1_4_K2_4.rds"
868,68,4,4,TRUE,"ok","result/eacdm/dataset_068_K1_4_K2_4.rds"
869,69,4,4,TRUE,"ok","result/eacdm/dataset_069_K1_4_K2_4.rds"
870,70,4,4,TRUE,"ok","result/eacdm/dataset_070_K1_4_K2_4.rds"
871,71,4,4,TRUE,"ok","result/eacdm/dataset_071_K1_4_K2_4.rds"
872,72,4,4,TRUE,"ok","result/eacdm/dataset_072_K1_4_K2_4.rds"
873,73,4,4,TRUE,"ok","result/eacdm/dataset_073_K1_4_K2_4.rds"
874,74,4,4,TRUE,"ok","result/eacdm/dataset_074_K1_4_K2_4.rds"
875,75,4,4,TRUE,"ok","result/eacdm/dataset_075_K1_4_K2_4.rds"
876,76,4,4,TRUE,"ok","result/eacdm/dataset_076_K1_4_K2_4.rds"
877,77,4,4,TRUE,"ok","result/eacdm/dataset_077_K1_4_K2_4.rds"
878,78,4,4,TRUE,"ok","result/eacdm/dataset_078_K1_4_K2_4.rds"
879,79,4,4,TRUE,"ok","result/eacdm/dataset_079_K1_4_K2_4.rds"
880,80,4,4,TRUE,"ok","result/eacdm/dataset_080_K1_4_K2_4.rds"
881,81,4,4,TRUE,"ok","result/eacdm/dataset_081_K1_4_K2_4.rds"
882,82,4,4,TRUE,"ok","result/eacdm/dataset_082_K1_4_K2_4.rds"
883,83,4,4,TRUE,"ok","result/eacdm/dataset_083_K1_4_K2_4.rds"
884,84,4,4,TRUE,"ok","result/eacdm/dataset_084_K1_4_K2_4.rds"
885,85,4,4,TRUE,"ok","result/eacdm/dataset_085_K1_4_K2_4.rds"
886,86,4,4,TRUE,"ok","result/eacdm/dataset_086_K1_4_K2_4.rds"
887,87,4,4,TRUE,"ok","result/eacdm/dataset_087_K1_4_K2_4.rds"
888,88,4,4,TRUE,"ok","result/eacdm/dataset_088_K1_4_K2_4.rds"
889,89,4,4,TRUE,"ok","result/eacdm/dataset_089_K1_4_K2_4.rds"
890,90,4,4,TRUE,"ok","result/eacdm/dataset_090_K1_4_K2_4.rds"
891,91,4,4,TRUE,"ok","result/eacdm/dataset_091_K1_4_K2_4.rds"
892,92,4,4,TRUE,"ok","result/eacdm/dataset_092_K1_4_K2_4.rds"
893,93,4,4,TRUE,"ok","result/eacdm/dataset_093_K1_4_K2_4.rds"
894,94,4,4,TRUE,"ok","result/eacdm/dataset_094_K1_4_K2_4.rds"
895,95,4,4,TRUE,"ok","result/eacdm/dataset_095_K1_4_K2_4.rds"
896,96,4,4,TRUE,"ok","result/eacdm/dataset_096_K1_4_K2_4.rds"
897,97,4,4,TRUE,"ok","result/eacdm/dataset_097_K1_4_K2_4.rds"
898,98,4,4,TRUE,"ok","result/eacdm/dataset_098_K1_4_K2_4.rds"
899,99,4,4,TRUE,"ok","result/eacdm/dataset_099_K1_4_K2_4.rds"
900,100,4,4,TRUE,"ok","result/eacdm/dataset_100_K1_4_K2_4.rds"
